fund_id,position_date,isin,quantity
OGEF,2025-10-01,GB2368667185,409298.0
OGEF,2025-10-01,GB0160212448,321378.0
OGEF,2025-10-01,GB6447248705,3188670.0
OGEF,2025-10-01,GB2501868976,156597.0
OGEF,2025-10-01,GB6133195451,603699.0
OGEF,2025-10-01,GB7302891883,321108.0
OGEF,2025-10-01,DE4552803383,449166.0
OGEF,2025-10-01,DE7056432905,238967.0
OGEF,2025-10-01,DE7480626124,34098.0
OGEF,2025-10-01,NL0596319520,157057.0
OGEF,2025-10-01,NL4852030145,166052.0
OGEF,2025-10-01,NL6300628747,288968.0
OGEF,2025-10-01,US6712394756,39303.0
OGEF,2025-10-01,US4191048029,16420.0
OGEF,2025-10-01,US4971148942,121634.0
OGEF,2025-10-01,US7945940377,72273.0
OGEF,2025-10-01,US0070927971,20389.0
OGEF,2025-10-01,US0520962626,61506.0
OGEF,2025-10-01,US0604849957,14789.0
OGEF,2025-10-01,US6024340870,73955.0
OGEF,2025-10-01,US4228635945,258786.0
OGEF,2025-10-01,US8567177308,282713.0
OGEF,2025-10-01,US4303577046,1031200.0
OGEF,2025-10-01,HK3628084815,1259419.0
OGEF,2025-10-01,HK6338245649,4611825.0
OGEF,2025-10-01,HK4834475453,1601630.0
OGEF,2025-10-01,IE8257095800,48549.0
OGEF,2025-10-02,GB2368667185,409298.0
OGEF,2025-10-02,GB0160212448,321378.0
OGEF,2025-10-02,GB6447248705,3188670.0
OGEF,2025-10-02,GB2501868976,156597.0
OGEF,2025-10-02,GB6133195451,603699.0
OGEF,2025-10-02,GB7302891883,321108.0
OGEF,2025-10-02,DE4552803383,449166.0
OGEF,2025-10-02,DE7056432905,238967.0
OGEF,2025-10-02,DE7480626124,34098.0
OGEF,2025-10-02,NL0596319520,157057.0
OGEF,2025-10-02,NL4852030145,166052.0
OGEF,2025-10-02,NL6300628747,288968.0
OGEF,2025-10-02,US6712394756,39303.0
OGEF,2025-10-02,US4191048029,16420.0
OGEF,2025-10-02,US4971148942,121634.0
OGEF,2025-10-02,US7945940377,72273.0
OGEF,2025-10-02,US0070927971,20389.0
OGEF,2025-10-02,US0520962626,61506.0
OGEF,2025-10-02,US0604849957,14789.0
OGEF,2025-10-02,US6024340870,73955.0
OGEF,2025-10-02,US4228635945,258786.0
OGEF,2025-10-02,US8567177308,282713.0
OGEF,2025-10-02,US4303577046,1031200.0
OGEF,2025-10-02,HK3628084815,1259419.0
OGEF,2025-10-02,HK6338245649,4611825.0
OGEF,2025-10-02,HK4834475453,1601630.0
OGEF,2025-10-02,IE8257095800,48549.0
OGEF,2025-10-03,GB2368667185,409298.0
OGEF,2025-10-03,GB0160212448,321378.0
OGEF,2025-10-03,GB6447248705,3188670.0
OGEF,2025-10-03,GB2501868976,156597.0
OGEF,2025-10-03,GB6133195451,603699.0
OGEF,2025-10-03,GB7302891883,321108.0
OGEF,2025-10-03,DE4552803383,449166.0
OGEF,2025-10-03,DE7056432905,238967.0
OGEF,2025-10-03,DE7480626124,34098.0
OGEF,2025-10-03,NL0596319520,157057.0
OGEF,2025-10-03,NL4852030145,166052.0
OGEF,2025-10-03,NL6300628747,288968.0
OGEF,2025-10-03,US6712394756,39303.0
OGEF,2025-10-03,US4191048029,16420.0
OGEF,2025-10-03,US4971148942,121634.0
OGEF,2025-10-03,US7945940377,72273.0
OGEF,2025-10-03,US0070927971,20389.0
OGEF,2025-10-03,US0520962626,61506.0
OGEF,2025-10-03,US0604849957,14789.0
OGEF,2025-10-03,US6024340870,73955.0
OGEF,2025-10-03,US4228635945,258786.0
OGEF,2025-10-03,US8567177308,282713.0
OGEF,2025-10-03,US4303577046,1031200.0
OGEF,2025-10-03,HK3628084815,1259419.0
OGEF,2025-10-03,HK6338245649,4611825.0
OGEF,2025-10-03,HK4834475453,1601630.0
OGEF,2025-10-03,IE8257095800,48549.0
OGEF,2025-10-06,GB2368667185,409298.0
OGEF,2025-10-06,GB0160212448,321378.0
OGEF,2025-10-06,GB6447248705,3188670.0
OGEF,2025-10-06,GB2501868976,156597.0
OGEF,2025-10-06,GB6133195451,603699.0
OGEF,2025-10-06,GB7302891883,321108.0
OGEF,2025-10-06,DE4552803383,449166.0
OGEF,2025-10-06,DE7056432905,238967.0
OGEF,2025-10-06,DE7480626124,34098.0
OGEF,2025-10-06,NL0596319520,157057.0
OGEF,2025-10-06,NL4852030145,166052.0
OGEF,2025-10-06,NL6300628747,288968.0
OGEF,2025-10-06,US6712394756,39303.0
OGEF,2025-10-06,US4191048029,16420.0
OGEF,2025-10-06,US4971148942,121634.0
OGEF,2025-10-06,US7945940377,72273.0
OGEF,2025-10-06,US0070927971,20389.0
OGEF,2025-10-06,US0520962626,61506.0
OGEF,2025-10-06,US0604849957,14789.0
OGEF,2025-10-06,US6024340870,73955.0
OGEF,2025-10-06,US4228635945,258786.0
OGEF,2025-10-06,US8567177308,282713.0
OGEF,2025-10-06,US4303577046,1031200.0
OGEF,2025-10-06,HK3628084815,1259419.0
OGEF,2025-10-06,HK6338245649,4611825.0
OGEF,2025-10-06,HK4834475453,1601630.0
OGEF,2025-10-06,IE8257095800,48549.0
OGEF,2025-10-07,GB2368667185,409298.0
OGEF,2025-10-07,GB0160212448,321378.0
OGEF,2025-10-07,GB6447248705,3188670.0
OGEF,2025-10-07,GB2501868976,156597.0
OGEF,2025-10-07,GB6133195451,603699.0
OGEF,2025-10-07,GB7302891883,321108.0
OGEF,2025-10-07,DE4552803383,449166.0
OGEF,2025-10-07,DE7056432905,238967.0
OGEF,2025-10-07,DE7480626124,34098.0
OGEF,2025-10-07,NL0596319520,157057.0
OGEF,2025-10-07,NL4852030145,166052.0
OGEF,2025-10-07,NL6300628747,288968.0
OGEF,2025-10-07,US6712394756,39303.0
OGEF,2025-10-07,US4191048029,16420.0
OGEF,2025-10-07,US4971148942,121634.0
OGEF,2025-10-07,US7945940377,72273.0
OGEF,2025-10-07,US0070927971,20389.0
OGEF,2025-10-07,US0520962626,61506.0
OGEF,2025-10-07,US0604849957,14789.0
OGEF,2025-10-07,US6024340870,73955.0
OGEF,2025-10-07,US4228635945,258786.0
OGEF,2025-10-07,US8567177308,282713.0
OGEF,2025-10-07,US4303577046,1031200.0
OGEF,2025-10-07,HK3628084815,1259419.0
OGEF,2025-10-07,HK6338245649,4611825.0
OGEF,2025-10-07,HK4834475453,1601630.0
OGEF,2025-10-07,IE8257095800,48549.0
OGEF,2025-10-08,GB2368667185,409298.0
OGEF,2025-10-08,GB0160212448,321378.0
OGEF,2025-10-08,GB6447248705,3188670.0
OGEF,2025-10-08,GB2501868976,156597.0
OGEF,2025-10-08,GB6133195451,603699.0
OGEF,2025-10-08,GB7302891883,321108.0
OGEF,2025-10-08,DE4552803383,449166.0
OGEF,2025-10-08,DE7056432905,238967.0
OGEF,2025-10-08,DE7480626124,34098.0
OGEF,2025-10-08,NL0596319520,157057.0
OGEF,2025-10-08,NL4852030145,166052.0
OGEF,2025-10-08,NL6300628747,288968.0
OGEF,2025-10-08,US6712394756,39303.0
OGEF,2025-10-08,US4191048029,16420.0
OGEF,2025-10-08,US4971148942,121634.0
OGEF,2025-10-08,US7945940377,72273.0
OGEF,2025-10-08,US0070927971,20389.0
OGEF,2025-10-08,US0520962626,61506.0
OGEF,2025-10-08,US0604849957,14789.0
OGEF,2025-10-08,US6024340870,73955.0
OGEF,2025-10-08,US4228635945,258786.0
OGEF,2025-10-08,US8567177308,282713.0
OGEF,2025-10-08,US4303577046,1031200.0
OGEF,2025-10-08,HK3628084815,1259419.0
OGEF,2025-10-08,HK6338245649,4611825.0
OGEF,2025-10-08,HK4834475453,1601630.0
OGEF,2025-10-08,IE8257095800,48549.0
OGEF,2025-10-09,GB2368667185,409298.0
OGEF,2025-10-09,GB0160212448,321378.0
OGEF,2025-10-09,GB6447248705,3188670.0
OGEF,2025-10-09,GB2501868976,156597.0
OGEF,2025-10-09,GB6133195451,603699.0
OGEF,2025-10-09,GB7302891883,321108.0
OGEF,2025-10-09,DE4552803383,449166.0
OGEF,2025-10-09,DE7056432905,238967.0
OGEF,2025-10-09,DE7480626124,34098.0
OGEF,2025-10-09,NL0596319520,157057.0
OGEF,2025-10-09,NL4852030145,166052.0
OGEF,2025-10-09,NL6300628747,288968.0
OGEF,2025-10-09,US6712394756,39303.0
OGEF,2025-10-09,US4191048029,16420.0
OGEF,2025-10-09,US4971148942,121634.0
OGEF,2025-10-09,US7945940377,72273.0
OGEF,2025-10-09,US0070927971,20389.0
OGEF,2025-10-09,US0520962626,61506.0
OGEF,2025-10-09,US0604849957,14789.0
OGEF,2025-10-09,US6024340870,73955.0
OGEF,2025-10-09,US4228635945,258786.0
OGEF,2025-10-09,US8567177308,282713.0
OGEF,2025-10-09,US4303577046,1031200.0
OGEF,2025-10-09,HK3628084815,1259419.0
OGEF,2025-10-09,HK6338245649,4611825.0
OGEF,2025-10-09,HK4834475453,1601630.0
OGEF,2025-10-09,IE8257095800,48549.0
OGEF,2025-10-10,GB2368667185,409298.0
OGEF,2025-10-10,GB0160212448,321378.0
OGEF,2025-10-10,GB6447248705,3188670.0
OGEF,2025-10-10,GB2501868976,156597.0
OGEF,2025-10-10,GB6133195451,603699.0
OGEF,2025-10-10,GB7302891883,321108.0
OGEF,2025-10-10,DE4552803383,449166.0
OGEF,2025-10-10,DE7056432905,238967.0
OGEF,2025-10-10,DE7480626124,34098.0
OGEF,2025-10-10,NL0596319520,157057.0
OGEF,2025-10-10,NL4852030145,166052.0
OGEF,2025-10-10,NL6300628747,288968.0
OGEF,2025-10-10,US6712394756,39303.0
OGEF,2025-10-10,US4191048029,16420.0
OGEF,2025-10-10,US4971148942,121634.0
OGEF,2025-10-10,US7945940377,72273.0
OGEF,2025-10-10,US0070927971,20389.0
OGEF,2025-10-10,US0520962626,61506.0
OGEF,2025-10-10,US0604849957,14789.0
OGEF,2025-10-10,US6024340870,73955.0
OGEF,2025-10-10,US4228635945,258786.0
OGEF,2025-10-10,US8567177308,282713.0
OGEF,2025-10-10,US4303577046,1031200.0
OGEF,2025-10-10,HK3628084815,1259419.0
OGEF,2025-10-10,HK6338245649,4611825.0
OGEF,2025-10-10,HK4834475453,1601630.0
OGEF,2025-10-10,IE8257095800,48549.0
OGEF,2025-10-13,GB2368667185,409298.0
OGEF,2025-10-13,GB0160212448,321378.0
OGEF,2025-10-13,GB6447248705,3188670.0
OGEF,2025-10-13,GB2501868976,156597.0
OGEF,2025-10-13,GB6133195451,603699.0
OGEF,2025-10-13,GB7302891883,321108.0
OGEF,2025-10-13,DE4552803383,449166.0
OGEF,2025-10-13,DE7056432905,238967.0
OGEF,2025-10-13,DE7480626124,34098.0
OGEF,2025-10-13,NL0596319520,157057.0
OGEF,2025-10-13,NL4852030145,166052.0
OGEF,2025-10-13,NL6300628747,288968.0
OGEF,2025-10-13,US6712394756,39303.0
OGEF,2025-10-13,US4191048029,16420.0
OGEF,2025-10-13,US4971148942,121634.0
OGEF,2025-10-13,US7945940377,72273.0
OGEF,2025-10-13,US0070927971,20389.0
OGEF,2025-10-13,US0520962626,61506.0
OGEF,2025-10-13,US0604849957,14789.0
OGEF,2025-10-13,US6024340870,73955.0
OGEF,2025-10-13,US4228635945,258786.0
OGEF,2025-10-13,US8567177308,282713.0
OGEF,2025-10-13,US4303577046,1031200.0
OGEF,2025-10-13,HK3628084815,1259419.0
OGEF,2025-10-13,HK6338245649,4611825.0
OGEF,2025-10-13,HK4834475453,1601630.0
OGEF,2025-10-13,IE8257095800,48549.0
OGEF,2025-10-14,GB2368667185,409298.0
OGEF,2025-10-14,GB0160212448,321378.0
OGEF,2025-10-14,GB6447248705,3188670.0
OGEF,2025-10-14,GB2501868976,156597.0
OGEF,2025-10-14,GB6133195451,603699.0
OGEF,2025-10-14,GB7302891883,321108.0
OGEF,2025-10-14,DE4552803383,449166.0
OGEF,2025-10-14,DE7056432905,238967.0
OGEF,2025-10-14,DE7480626124,34098.0
OGEF,2025-10-14,NL0596319520,157057.0
OGEF,2025-10-14,NL4852030145,166052.0
OGEF,2025-10-14,NL6300628747,288968.0
OGEF,2025-10-14,US6712394756,39303.0
OGEF,2025-10-14,US4191048029,16420.0
OGEF,2025-10-14,US4971148942,121634.0
OGEF,2025-10-14,US7945940377,72273.0
OGEF,2025-10-14,US0070927971,20389.0
OGEF,2025-10-14,US0520962626,61506.0
OGEF,2025-10-14,US0604849957,14789.0
OGEF,2025-10-14,US6024340870,73955.0
OGEF,2025-10-14,US4228635945,258786.0
OGEF,2025-10-14,US8567177308,282713.0
OGEF,2025-10-14,US4303577046,1031200.0
OGEF,2025-10-14,HK3628084815,1259419.0
OGEF,2025-10-14,HK6338245649,4611825.0
OGEF,2025-10-14,HK4834475453,1601630.0
OGEF,2025-10-14,IE8257095800,48549.0
OGEF,2025-10-15,GB2368667185,409298.0
OGEF,2025-10-15,GB0160212448,321378.0
OGEF,2025-10-15,GB6447248705,3188670.0
OGEF,2025-10-15,GB2501868976,156597.0
OGEF,2025-10-15,GB6133195451,603699.0
OGEF,2025-10-15,GB7302891883,321108.0
OGEF,2025-10-15,DE4552803383,449166.0
OGEF,2025-10-15,DE7056432905,238967.0
OGEF,2025-10-15,DE7480626124,34098.0
OGEF,2025-10-15,NL0596319520,157057.0
OGEF,2025-10-15,NL4852030145,166052.0
OGEF,2025-10-15,NL6300628747,288968.0
OGEF,2025-10-15,US6712394756,39303.0
OGEF,2025-10-15,US4191048029,16420.0
OGEF,2025-10-15,US4971148942,121634.0
OGEF,2025-10-15,US7945940377,72273.0
OGEF,2025-10-15,US0070927971,20389.0
OGEF,2025-10-15,US0520962626,61506.0
OGEF,2025-10-15,US0604849957,14789.0
OGEF,2025-10-15,US6024340870,73955.0
OGEF,2025-10-15,US4228635945,258786.0
OGEF,2025-10-15,US8567177308,282713.0
OGEF,2025-10-15,US4303577046,1031200.0
OGEF,2025-10-15,HK3628084815,1259419.0
OGEF,2025-10-15,HK6338245649,4611825.0
OGEF,2025-10-15,HK4834475453,1601630.0
OGEF,2025-10-15,IE8257095800,48549.0
OGEF,2025-10-16,GB2368667185,409298.0
OGEF,2025-10-16,GB0160212448,321378.0
OGEF,2025-10-16,GB6447248705,3188670.0
OGEF,2025-10-16,GB2501868976,156597.0
OGEF,2025-10-16,GB6133195451,603699.0
OGEF,2025-10-16,GB7302891883,321108.0
OGEF,2025-10-16,DE4552803383,449166.0
OGEF,2025-10-16,DE7056432905,238967.0
OGEF,2025-10-16,DE7480626124,34098.0
OGEF,2025-10-16,NL0596319520,157057.0
OGEF,2025-10-16,NL4852030145,166052.0
OGEF,2025-10-16,NL6300628747,288968.0
OGEF,2025-10-16,US6712394756,39303.0
OGEF,2025-10-16,US4191048029,16420.0
OGEF,2025-10-16,US4971148942,121634.0
OGEF,2025-10-16,US7945940377,72273.0
OGEF,2025-10-16,US0070927971,20389.0
OGEF,2025-10-16,US0520962626,61506.0
OGEF,2025-10-16,US0604849957,14789.0
OGEF,2025-10-16,US6024340870,73955.0
OGEF,2025-10-16,US4228635945,258786.0
OGEF,2025-10-16,US8567177308,282713.0
OGEF,2025-10-16,US4303577046,1031200.0
OGEF,2025-10-16,HK3628084815,1259419.0
OGEF,2025-10-16,HK6338245649,4611825.0
OGEF,2025-10-16,HK4834475453,1601630.0
OGEF,2025-10-16,IE8257095800,48549.0
OGEF,2025-10-17,GB2368667185,409298.0
OGEF,2025-10-17,GB0160212448,321378.0
OGEF,2025-10-17,GB6447248705,3188670.0
OGEF,2025-10-17,GB2501868976,156597.0
OGEF,2025-10-17,GB6133195451,603699.0
OGEF,2025-10-17,GB7302891883,321108.0
OGEF,2025-10-17,DE4552803383,449166.0
OGEF,2025-10-17,DE7056432905,238967.0
OGEF,2025-10-17,DE7480626124,34098.0
OGEF,2025-10-17,NL0596319520,157057.0
OGEF,2025-10-17,NL4852030145,166052.0
OGEF,2025-10-17,NL6300628747,288968.0
OGEF,2025-10-17,US6712394756,39303.0
OGEF,2025-10-17,US4191048029,16420.0
OGEF,2025-10-17,US4971148942,121634.0
OGEF,2025-10-17,US7945940377,72273.0
OGEF,2025-10-17,US0070927971,20389.0
OGEF,2025-10-17,US0520962626,61506.0
OGEF,2025-10-17,US0604849957,14789.0
OGEF,2025-10-17,US6024340870,73955.0
OGEF,2025-10-17,US4228635945,258786.0
OGEF,2025-10-17,US8567177308,282713.0
OGEF,2025-10-17,US4303577046,1031200.0
OGEF,2025-10-17,HK3628084815,1259419.0
OGEF,2025-10-17,HK6338245649,4611825.0
OGEF,2025-10-17,HK4834475453,1601630.0
OGEF,2025-10-17,IE8257095800,48549.0
OGEF,2025-10-20,GB2368667185,409298.0
OGEF,2025-10-20,GB0160212448,321378.0
OGEF,2025-10-20,GB6447248705,3188670.0
OGEF,2025-10-20,GB2501868976,156597.0
OGEF,2025-10-20,GB6133195451,603699.0
OGEF,2025-10-20,GB7302891883,321108.0
OGEF,2025-10-20,DE4552803383,449166.0
OGEF,2025-10-20,DE7056432905,238967.0
OGEF,2025-10-20,DE7480626124,34098.0
OGEF,2025-10-20,NL0596319520,157057.0
OGEF,2025-10-20,NL4852030145,166052.0
OGEF,2025-10-20,NL6300628747,288968.0
OGEF,2025-10-20,US6712394756,39303.0
OGEF,2025-10-20,US4191048029,16420.0
OGEF,2025-10-20,US4971148942,121634.0
OGEF,2025-10-20,US7945940377,72273.0
OGEF,2025-10-20,US0070927971,20389.0
OGEF,2025-10-20,US0520962626,61506.0
OGEF,2025-10-20,US0604849957,14789.0
OGEF,2025-10-20,US6024340870,73955.0
OGEF,2025-10-20,US4228635945,258786.0
OGEF,2025-10-20,US8567177308,282713.0
OGEF,2025-10-20,US4303577046,1031200.0
OGEF,2025-10-20,HK3628084815,1259419.0
OGEF,2025-10-20,HK6338245649,4611825.0
OGEF,2025-10-20,HK4834475453,1601630.0
OGEF,2025-10-20,IE8257095800,48549.0
OGEF,2025-10-21,GB2368667185,409298.0
OGEF,2025-10-21,GB0160212448,321378.0
OGEF,2025-10-21,GB6447248705,3188670.0
OGEF,2025-10-21,GB2501868976,156597.0
OGEF,2025-10-21,GB6133195451,603699.0
OGEF,2025-10-21,GB7302891883,321108.0
OGEF,2025-10-21,DE4552803383,449166.0
OGEF,2025-10-21,DE7056432905,238967.0
OGEF,2025-10-21,DE7480626124,34098.0
OGEF,2025-10-21,NL0596319520,157057.0
OGEF,2025-10-21,NL4852030145,166052.0
OGEF,2025-10-21,NL6300628747,288968.0
OGEF,2025-10-21,US6712394756,39303.0
OGEF,2025-10-21,US4191048029,16420.0
OGEF,2025-10-21,US4971148942,121634.0
OGEF,2025-10-21,US7945940377,72273.0
OGEF,2025-10-21,US0070927971,20389.0
OGEF,2025-10-21,US0520962626,61506.0
OGEF,2025-10-21,US0604849957,14789.0
OGEF,2025-10-21,US6024340870,73955.0
OGEF,2025-10-21,US4228635945,258786.0
OGEF,2025-10-21,US8567177308,282713.0
OGEF,2025-10-21,US4303577046,1031200.0
OGEF,2025-10-21,HK3628084815,1259419.0
OGEF,2025-10-21,HK6338245649,4611825.0
OGEF,2025-10-21,HK4834475453,1601630.0
OGEF,2025-10-21,IE8257095800,48549.0
OGEF,2025-10-22,GB2368667185,409298.0
OGEF,2025-10-22,GB0160212448,321378.0
OGEF,2025-10-22,GB6447248705,3188670.0
OGEF,2025-10-22,GB2501868976,156597.0
OGEF,2025-10-22,GB6133195451,603699.0
OGEF,2025-10-22,GB7302891883,321108.0
OGEF,2025-10-22,DE4552803383,449166.0
OGEF,2025-10-22,DE7056432905,238967.0
OGEF,2025-10-22,DE7480626124,34098.0
OGEF,2025-10-22,NL0596319520,157057.0
OGEF,2025-10-22,NL4852030145,166052.0
OGEF,2025-10-22,NL6300628747,288968.0
OGEF,2025-10-22,US6712394756,39303.0
OGEF,2025-10-22,US4191048029,16420.0
OGEF,2025-10-22,US4971148942,121634.0
OGEF,2025-10-22,US7945940377,72273.0
OGEF,2025-10-22,US0070927971,20389.0
OGEF,2025-10-22,US0520962626,61506.0
OGEF,2025-10-22,US0604849957,14789.0
OGEF,2025-10-22,US6024340870,73955.0
OGEF,2025-10-22,US4228635945,258786.0
OGEF,2025-10-22,US8567177308,282713.0
OGEF,2025-10-22,US4303577046,1031200.0
OGEF,2025-10-22,HK3628084815,1259419.0
OGEF,2025-10-22,HK6338245649,4611825.0
OGEF,2025-10-22,HK4834475453,1601630.0
OGEF,2025-10-22,IE8257095800,48549.0
OGEF,2025-10-23,GB2368667185,409298.0
OGEF,2025-10-23,GB0160212448,321378.0
OGEF,2025-10-23,GB6447248705,3188670.0
OGEF,2025-10-23,GB2501868976,156597.0
OGEF,2025-10-23,GB6133195451,603699.0
OGEF,2025-10-23,GB7302891883,321108.0
OGEF,2025-10-23,DE4552803383,449166.0
OGEF,2025-10-23,DE7056432905,238967.0
OGEF,2025-10-23,DE7480626124,34098.0
OGEF,2025-10-23,NL0596319520,157057.0
OGEF,2025-10-23,NL4852030145,166052.0
OGEF,2025-10-23,NL6300628747,288968.0
OGEF,2025-10-23,US6712394756,39303.0
OGEF,2025-10-23,US4191048029,16420.0
OGEF,2025-10-23,US4971148942,121634.0
OGEF,2025-10-23,US7945940377,72273.0
OGEF,2025-10-23,US0070927971,20389.0
OGEF,2025-10-23,US0520962626,61506.0
OGEF,2025-10-23,US0604849957,14789.0
OGEF,2025-10-23,US6024340870,73955.0
OGEF,2025-10-23,US4228635945,258786.0
OGEF,2025-10-23,US8567177308,282713.0
OGEF,2025-10-23,US4303577046,1031200.0
OGEF,2025-10-23,HK3628084815,1259419.0
OGEF,2025-10-23,HK6338245649,4611825.0
OGEF,2025-10-23,HK4834475453,1601630.0
OGEF,2025-10-23,IE8257095800,48549.0
OGEF,2025-10-24,GB2368667185,409298.0
OGEF,2025-10-24,GB0160212448,321378.0
OGEF,2025-10-24,GB6447248705,3188670.0
OGEF,2025-10-24,GB2501868976,156597.0
OGEF,2025-10-24,GB6133195451,603699.0
OGEF,2025-10-24,GB7302891883,321108.0
OGEF,2025-10-24,DE4552803383,449166.0
OGEF,2025-10-24,DE7056432905,238967.0
OGEF,2025-10-24,DE7480626124,34098.0
OGEF,2025-10-24,NL0596319520,157057.0
OGEF,2025-10-24,NL4852030145,166052.0
OGEF,2025-10-24,NL6300628747,288968.0
OGEF,2025-10-24,US6712394756,39303.0
OGEF,2025-10-24,US4191048029,16420.0
OGEF,2025-10-24,US4971148942,121634.0
OGEF,2025-10-24,US7945940377,72273.0
OGEF,2025-10-24,US0070927971,20389.0
OGEF,2025-10-24,US0520962626,61506.0
OGEF,2025-10-24,US0604849957,14789.0
OGEF,2025-10-24,US6024340870,73955.0
OGEF,2025-10-24,US4228635945,258786.0
OGEF,2025-10-24,US8567177308,282713.0
OGEF,2025-10-24,US4303577046,1031200.0
OGEF,2025-10-24,HK3628084815,1259419.0
OGEF,2025-10-24,HK6338245649,4611825.0
OGEF,2025-10-24,HK4834475453,1601630.0
OGEF,2025-10-24,IE8257095800,48549.0
OGEF,2025-10-27,GB2368667185,409298.0
OGEF,2025-10-27,GB0160212448,321378.0
OGEF,2025-10-27,GB6447248705,3188670.0
OGEF,2025-10-27,GB2501868976,156597.0
OGEF,2025-10-27,GB6133195451,603699.0
OGEF,2025-10-27,GB7302891883,321108.0
OGEF,2025-10-27,DE4552803383,449166.0
OGEF,2025-10-27,DE7056432905,238967.0
OGEF,2025-10-27,DE7480626124,34098.0
OGEF,2025-10-27,NL0596319520,157057.0
OGEF,2025-10-27,NL4852030145,166052.0
OGEF,2025-10-27,NL6300628747,288968.0
OGEF,2025-10-27,US6712394756,39303.0
OGEF,2025-10-27,US4191048029,16420.0
OGEF,2025-10-27,US4971148942,121634.0
OGEF,2025-10-27,US7945940377,72273.0
OGEF,2025-10-27,US0070927971,20389.0
OGEF,2025-10-27,US0520962626,61506.0
OGEF,2025-10-27,US0604849957,14789.0
OGEF,2025-10-27,US6024340870,73955.0
OGEF,2025-10-27,US4228635945,258786.0
OGEF,2025-10-27,US8567177308,282713.0
OGEF,2025-10-27,US4303577046,1031200.0
OGEF,2025-10-27,HK3628084815,1259419.0
OGEF,2025-10-27,HK6338245649,4611825.0
OGEF,2025-10-27,HK4834475453,1601630.0
OGEF,2025-10-27,IE8257095800,48549.0
OGEF,2025-10-28,GB2368667185,409298.0
OGEF,2025-10-28,GB0160212448,321378.0
OGEF,2025-10-28,GB6447248705,3188670.0
OGEF,2025-10-28,GB2501868976,156597.0
OGEF,2025-10-28,GB6133195451,603699.0
OGEF,2025-10-28,GB7302891883,321108.0
OGEF,2025-10-28,DE4552803383,449166.0
OGEF,2025-10-28,DE7056432905,238967.0
OGEF,2025-10-28,DE7480626124,34098.0
OGEF,2025-10-28,NL0596319520,157057.0
OGEF,2025-10-28,NL4852030145,166052.0
OGEF,2025-10-28,NL6300628747,288968.0
OGEF,2025-10-28,US6712394756,39303.0
OGEF,2025-10-28,US4191048029,16420.0
OGEF,2025-10-28,US4971148942,121634.0
OGEF,2025-10-28,US7945940377,72273.0
OGEF,2025-10-28,US0070927971,20389.0
OGEF,2025-10-28,US0520962626,61506.0
OGEF,2025-10-28,US0604849957,14789.0
OGEF,2025-10-28,US6024340870,73955.0
OGEF,2025-10-28,US4228635945,258786.0
OGEF,2025-10-28,US8567177308,282713.0
OGEF,2025-10-28,US4303577046,1031200.0
OGEF,2025-10-28,HK3628084815,1259419.0
OGEF,2025-10-28,HK6338245649,4611825.0
OGEF,2025-10-28,HK4834475453,1601630.0
OGEF,2025-10-28,IE8257095800,48549.0
OGEF,2025-10-29,GB2368667185,409298.0
OGEF,2025-10-29,GB0160212448,321378.0
OGEF,2025-10-29,GB6447248705,3188670.0
OGEF,2025-10-29,GB2501868976,156597.0
OGEF,2025-10-29,GB6133195451,603699.0
OGEF,2025-10-29,GB7302891883,321108.0
OGEF,2025-10-29,DE4552803383,449166.0
OGEF,2025-10-29,DE7056432905,238967.0
OGEF,2025-10-29,DE7480626124,34098.0
OGEF,2025-10-29,NL0596319520,157057.0
OGEF,2025-10-29,NL4852030145,166052.0
OGEF,2025-10-29,NL6300628747,288968.0
OGEF,2025-10-29,US6712394756,39303.0
OGEF,2025-10-29,US4191048029,16420.0
OGEF,2025-10-29,US4971148942,121634.0
OGEF,2025-10-29,US7945940377,72273.0
OGEF,2025-10-29,US0070927971,20389.0
OGEF,2025-10-29,US0520962626,61506.0
OGEF,2025-10-29,US0604849957,14789.0
OGEF,2025-10-29,US6024340870,73955.0
OGEF,2025-10-29,US4228635945,258786.0
OGEF,2025-10-29,US8567177308,282713.0
OGEF,2025-10-29,US4303577046,1031200.0
OGEF,2025-10-29,HK3628084815,1259419.0
OGEF,2025-10-29,HK6338245649,4611825.0
OGEF,2025-10-29,HK4834475453,1601630.0
OGEF,2025-10-29,IE8257095800,48549.0
OGEF,2025-10-30,GB2368667185,409298.0
OGEF,2025-10-30,GB0160212448,321378.0
OGEF,2025-10-30,GB6447248705,3188670.0
OGEF,2025-10-30,GB2501868976,156597.0
OGEF,2025-10-30,GB6133195451,603699.0
OGEF,2025-10-30,GB7302891883,314478.0
OGEF,2025-10-30,DE4552803383,449166.0
OGEF,2025-10-30,DE7056432905,238967.0
OGEF,2025-10-30,DE7480626124,34098.0
OGEF,2025-10-30,NL0596319520,157057.0
OGEF,2025-10-30,NL4852030145,166052.0
OGEF,2025-10-30,NL6300628747,288968.0
OGEF,2025-10-30,US6712394756,39303.0
OGEF,2025-10-30,US4191048029,16420.0
OGEF,2025-10-30,US4971148942,121634.0
OGEF,2025-10-30,US7945940377,72273.0
OGEF,2025-10-30,US0070927971,21188.0
OGEF,2025-10-30,US0520962626,55966.0
OGEF,2025-10-30,US0604849957,14789.0
OGEF,2025-10-30,US6024340870,73955.0
OGEF,2025-10-30,US4228635945,258786.0
OGEF,2025-10-30,US8567177308,282713.0
OGEF,2025-10-30,US4303577046,1031200.0
OGEF,2025-10-30,HK3628084815,1259419.0
OGEF,2025-10-30,HK6338245649,4611825.0
OGEF,2025-10-30,HK4834475453,1601630.0
OGEF,2025-10-30,IE8257095800,48549.0
OGEF,2025-10-31,GB2368667185,409298.0
OGEF,2025-10-31,GB0160212448,321378.0
OGEF,2025-10-31,GB6447248705,3188670.0
OGEF,2025-10-31,GB2501868976,156597.0
OGEF,2025-10-31,GB6133195451,603699.0
OGEF,2025-10-31,GB7302891883,314478.0
OGEF,2025-10-31,DE4552803383,449166.0
OGEF,2025-10-31,DE7056432905,238967.0
OGEF,2025-10-31,DE7480626124,34098.0
OGEF,2025-10-31,NL0596319520,157057.0
OGEF,2025-10-31,NL4852030145,166052.0
OGEF,2025-10-31,NL6300628747,288968.0
OGEF,2025-10-31,US6712394756,39303.0
OGEF,2025-10-31,US4191048029,16420.0
OGEF,2025-10-31,US4971148942,121634.0
OGEF,2025-10-31,US7945940377,72273.0
OGEF,2025-10-31,US0070927971,21188.0
OGEF,2025-10-31,US0520962626,55966.0
OGEF,2025-10-31,US0604849957,14789.0
OGEF,2025-10-31,US6024340870,73955.0
OGEF,2025-10-31,US4228635945,258786.0
OGEF,2025-10-31,US8567177308,282713.0
OGEF,2025-10-31,US4303577046,1031200.0
OGEF,2025-10-31,HK3628084815,1259419.0
OGEF,2025-10-31,HK6338245649,4611825.0
OGEF,2025-10-31,HK4834475453,1601630.0
OGEF,2025-10-31,IE8257095800,48549.0
OGEF,2025-11-03,GB2368667185,409298.0
OGEF,2025-11-03,GB0160212448,321378.0
OGEF,2025-11-03,GB6447248705,3188670.0
OGEF,2025-11-03,GB2501868976,156597.0
OGEF,2025-11-03,GB6133195451,603699.0
OGEF,2025-11-03,GB7302891883,314478.0
OGEF,2025-11-03,DE4552803383,449166.0
OGEF,2025-11-03,DE7056432905,238967.0
OGEF,2025-11-03,DE7480626124,34098.0
OGEF,2025-11-03,NL0596319520,157057.0
OGEF,2025-11-03,NL4852030145,166052.0
OGEF,2025-11-03,NL6300628747,288968.0
OGEF,2025-11-03,US6712394756,39303.0
OGEF,2025-11-03,US4191048029,16420.0
OGEF,2025-11-03,US4971148942,121634.0
OGEF,2025-11-03,US7945940377,72273.0
OGEF,2025-11-03,US0070927971,21188.0
OGEF,2025-11-03,US0520962626,55966.0
OGEF,2025-11-03,US0604849957,14789.0
OGEF,2025-11-03,US6024340870,73955.0
OGEF,2025-11-03,US4228635945,258786.0
OGEF,2025-11-03,US8567177308,282713.0
OGEF,2025-11-03,US4303577046,1031200.0
OGEF,2025-11-03,HK3628084815,1259419.0
OGEF,2025-11-03,HK6338245649,4611825.0
OGEF,2025-11-03,HK4834475453,1601630.0
OGEF,2025-11-03,IE8257095800,48549.0
OGEF,2025-11-04,GB2368667185,409298.0
OGEF,2025-11-04,GB0160212448,321378.0
OGEF,2025-11-04,GB6447248705,3188670.0
OGEF,2025-11-04,GB2501868976,156597.0
OGEF,2025-11-04,GB6133195451,603699.0
OGEF,2025-11-04,GB7302891883,314478.0
OGEF,2025-11-04,DE4552803383,449166.0
OGEF,2025-11-04,DE7056432905,238967.0
OGEF,2025-11-04,DE7480626124,34098.0
OGEF,2025-11-04,NL0596319520,157057.0
OGEF,2025-11-04,NL4852030145,166052.0
OGEF,2025-11-04,NL6300628747,288968.0
OGEF,2025-11-04,US6712394756,39303.0
OGEF,2025-11-04,US4191048029,16420.0
OGEF,2025-11-04,US4971148942,121634.0
OGEF,2025-11-04,US7945940377,72273.0
OGEF,2025-11-04,US0070927971,21188.0
OGEF,2025-11-04,US0520962626,55966.0
OGEF,2025-11-04,US0604849957,14789.0
OGEF,2025-11-04,US6024340870,73955.0
OGEF,2025-11-04,US4228635945,258786.0
OGEF,2025-11-04,US8567177308,282713.0
OGEF,2025-11-04,US4303577046,1031200.0
OGEF,2025-11-04,HK3628084815,1259419.0
OGEF,2025-11-04,HK6338245649,4611825.0
OGEF,2025-11-04,HK4834475453,1601630.0
OGEF,2025-11-04,IE8257095800,48549.0
OGEF,2025-11-05,GB2368667185,409298.0
OGEF,2025-11-05,GB0160212448,321378.0
OGEF,2025-11-05,GB6447248705,3188670.0
OGEF,2025-11-05,GB2501868976,156597.0
OGEF,2025-11-05,GB6133195451,603699.0
OGEF,2025-11-05,GB7302891883,314478.0
OGEF,2025-11-05,DE4552803383,449166.0
OGEF,2025-11-05,DE7056432905,238967.0
OGEF,2025-11-05,DE7480626124,34098.0
OGEF,2025-11-05,NL0596319520,157057.0
OGEF,2025-11-05,NL4852030145,166052.0
OGEF,2025-11-05,NL6300628747,288968.0
OGEF,2025-11-05,US6712394756,39303.0
OGEF,2025-11-05,US4191048029,16420.0
OGEF,2025-11-05,US4971148942,121634.0
OGEF,2025-11-05,US7945940377,72273.0
OGEF,2025-11-05,US0070927971,21188.0
OGEF,2025-11-05,US0520962626,55966.0
OGEF,2025-11-05,US0604849957,14789.0
OGEF,2025-11-05,US6024340870,73955.0
OGEF,2025-11-05,US4228635945,258786.0
OGEF,2025-11-05,US8567177308,282713.0
OGEF,2025-11-05,US4303577046,1031200.0
OGEF,2025-11-05,HK3628084815,1259419.0
OGEF,2025-11-05,HK6338245649,4611825.0
OGEF,2025-11-05,HK4834475453,1601630.0
OGEF,2025-11-05,IE8257095800,48549.0
OGEF,2025-11-06,GB2368667185,409298.0
OGEF,2025-11-06,GB0160212448,321378.0
OGEF,2025-11-06,GB6447248705,3188670.0
OGEF,2025-11-06,GB2501868976,156597.0
OGEF,2025-11-06,GB6133195451,603699.0
OGEF,2025-11-06,GB7302891883,314478.0
OGEF,2025-11-06,DE4552803383,449166.0
OGEF,2025-11-06,DE7056432905,238967.0
OGEF,2025-11-06,DE7480626124,34098.0
OGEF,2025-11-06,NL0596319520,157057.0
OGEF,2025-11-06,NL4852030145,166052.0
OGEF,2025-11-06,NL6300628747,288968.0
OGEF,2025-11-06,US6712394756,39303.0
OGEF,2025-11-06,US4191048029,16420.0
OGEF,2025-11-06,US4971148942,121634.0
OGEF,2025-11-06,US7945940377,72273.0
OGEF,2025-11-06,US0070927971,21188.0
OGEF,2025-11-06,US0520962626,55966.0
OGEF,2025-11-06,US0604849957,14789.0
OGEF,2025-11-06,US6024340870,73955.0
OGEF,2025-11-06,US4228635945,258786.0
OGEF,2025-11-06,US8567177308,282713.0
OGEF,2025-11-06,US4303577046,1031200.0
OGEF,2025-11-06,HK3628084815,1259419.0
OGEF,2025-11-06,HK6338245649,4611825.0
OGEF,2025-11-06,HK4834475453,1601630.0
OGEF,2025-11-06,IE8257095800,48549.0
OGEF,2025-11-07,GB2368667185,409298.0
OGEF,2025-11-07,GB0160212448,321378.0
OGEF,2025-11-07,GB6447248705,3188670.0
OGEF,2025-11-07,GB2501868976,156597.0
OGEF,2025-11-07,GB6133195451,603699.0
OGEF,2025-11-07,GB7302891883,314478.0
OGEF,2025-11-07,DE4552803383,449166.0
OGEF,2025-11-07,DE7056432905,238967.0
OGEF,2025-11-07,DE7480626124,34098.0
OGEF,2025-11-07,NL0596319520,157057.0
OGEF,2025-11-07,NL4852030145,166052.0
OGEF,2025-11-07,NL6300628747,288968.0
OGEF,2025-11-07,US6712394756,39303.0
OGEF,2025-11-07,US4191048029,16420.0
OGEF,2025-11-07,US4971148942,121634.0
OGEF,2025-11-07,US7945940377,72273.0
OGEF,2025-11-07,US0070927971,21188.0
OGEF,2025-11-07,US0520962626,55966.0
OGEF,2025-11-07,US0604849957,14789.0
OGEF,2025-11-07,US6024340870,73955.0
OGEF,2025-11-07,US4228635945,258786.0
OGEF,2025-11-07,US8567177308,282713.0
OGEF,2025-11-07,US4303577046,1031200.0
OGEF,2025-11-07,HK3628084815,1259419.0
OGEF,2025-11-07,HK6338245649,4611825.0
OGEF,2025-11-07,HK4834475453,1601630.0
OGEF,2025-11-07,IE8257095800,48549.0
OGEF,2025-11-10,GB2368667185,409298.0
OGEF,2025-11-10,GB0160212448,321378.0
OGEF,2025-11-10,GB6447248705,3188670.0
OGEF,2025-11-10,GB2501868976,156597.0
OGEF,2025-11-10,GB6133195451,603699.0
OGEF,2025-11-10,GB7302891883,314478.0
OGEF,2025-11-10,DE4552803383,449166.0
OGEF,2025-11-10,DE7056432905,238967.0
OGEF,2025-11-10,DE7480626124,34098.0
OGEF,2025-11-10,NL0596319520,157057.0
OGEF,2025-11-10,NL4852030145,166052.0
OGEF,2025-11-10,NL6300628747,288968.0
OGEF,2025-11-10,US6712394756,39303.0
OGEF,2025-11-10,US4191048029,16420.0
OGEF,2025-11-10,US4971148942,121634.0
OGEF,2025-11-10,US7945940377,72273.0
OGEF,2025-11-10,US0070927971,21188.0
OGEF,2025-11-10,US0520962626,55966.0
OGEF,2025-11-10,US0604849957,14789.0
OGEF,2025-11-10,US6024340870,73955.0
OGEF,2025-11-10,US4228635945,258786.0
OGEF,2025-11-10,US8567177308,282713.0
OGEF,2025-11-10,US4303577046,1031200.0
OGEF,2025-11-10,HK3628084815,1259419.0
OGEF,2025-11-10,HK6338245649,4611825.0
OGEF,2025-11-10,HK4834475453,1601630.0
OGEF,2025-11-10,IE8257095800,48549.0
OGEF,2025-11-11,GB2368667185,409298.0
OGEF,2025-11-11,GB0160212448,321378.0
OGEF,2025-11-11,GB6447248705,3188670.0
OGEF,2025-11-11,GB2501868976,156597.0
OGEF,2025-11-11,GB6133195451,603699.0
OGEF,2025-11-11,GB7302891883,314478.0
OGEF,2025-11-11,DE4552803383,449166.0
OGEF,2025-11-11,DE7056432905,238967.0
OGEF,2025-11-11,DE7480626124,34098.0
OGEF,2025-11-11,NL0596319520,157057.0
OGEF,2025-11-11,NL4852030145,166052.0
OGEF,2025-11-11,NL6300628747,288968.0
OGEF,2025-11-11,US6712394756,39303.0
OGEF,2025-11-11,US4191048029,16420.0
OGEF,2025-11-11,US4971148942,121634.0
OGEF,2025-11-11,US7945940377,72273.0
OGEF,2025-11-11,US0070927971,21188.0
OGEF,2025-11-11,US0520962626,55966.0
OGEF,2025-11-11,US0604849957,14789.0
OGEF,2025-11-11,US6024340870,73955.0
OGEF,2025-11-11,US4228635945,258786.0
OGEF,2025-11-11,US8567177308,282713.0
OGEF,2025-11-11,US4303577046,1031200.0
OGEF,2025-11-11,HK3628084815,1259419.0
OGEF,2025-11-11,HK6338245649,4611825.0
OGEF,2025-11-11,HK4834475453,1601630.0
OGEF,2025-11-11,IE8257095800,48549.0
OGEF,2025-11-12,GB2368667185,409298.0
OGEF,2025-11-12,GB0160212448,321378.0
OGEF,2025-11-12,GB6447248705,3188670.0
OGEF,2025-11-12,GB2501868976,156597.0
OGEF,2025-11-12,GB6133195451,603699.0
OGEF,2025-11-12,GB7302891883,314478.0
OGEF,2025-11-12,DE4552803383,449166.0
OGEF,2025-11-12,DE7056432905,238967.0
OGEF,2025-11-12,DE7480626124,34098.0
OGEF,2025-11-12,NL0596319520,157057.0
OGEF,2025-11-12,NL4852030145,166052.0
OGEF,2025-11-12,NL6300628747,288968.0
OGEF,2025-11-12,US6712394756,39303.0
OGEF,2025-11-12,US4191048029,16420.0
OGEF,2025-11-12,US4971148942,121634.0
OGEF,2025-11-12,US7945940377,72273.0
OGEF,2025-11-12,US0070927971,21188.0
OGEF,2025-11-12,US0520962626,55966.0
OGEF,2025-11-12,US0604849957,14789.0
OGEF,2025-11-12,US6024340870,73955.0
OGEF,2025-11-12,US4228635945,258786.0
OGEF,2025-11-12,US8567177308,282713.0
OGEF,2025-11-12,US4303577046,1031200.0
OGEF,2025-11-12,HK3628084815,1259419.0
OGEF,2025-11-12,HK6338245649,4611825.0
OGEF,2025-11-12,HK4834475453,1601630.0
OGEF,2025-11-12,IE8257095800,48549.0
OGEF,2025-11-13,GB2368667185,409298.0
OGEF,2025-11-13,GB0160212448,321378.0
OGEF,2025-11-13,GB6447248705,3188670.0
OGEF,2025-11-13,GB2501868976,156597.0
OGEF,2025-11-13,GB6133195451,603699.0
OGEF,2025-11-13,GB7302891883,314478.0
OGEF,2025-11-13,DE4552803383,449166.0
OGEF,2025-11-13,DE7056432905,238967.0
OGEF,2025-11-13,DE7480626124,34098.0
OGEF,2025-11-13,NL0596319520,157057.0
OGEF,2025-11-13,NL4852030145,166052.0
OGEF,2025-11-13,NL6300628747,288968.0
OGEF,2025-11-13,US6712394756,39303.0
OGEF,2025-11-13,US4191048029,16420.0
OGEF,2025-11-13,US4971148942,121634.0
OGEF,2025-11-13,US7945940377,72273.0
OGEF,2025-11-13,US0070927971,21188.0
OGEF,2025-11-13,US0520962626,55966.0
OGEF,2025-11-13,US0604849957,14789.0
OGEF,2025-11-13,US6024340870,73955.0
OGEF,2025-11-13,US4228635945,258786.0
OGEF,2025-11-13,US8567177308,282713.0
OGEF,2025-11-13,US4303577046,1031200.0
OGEF,2025-11-13,HK3628084815,1259419.0
OGEF,2025-11-13,HK6338245649,4611825.0
OGEF,2025-11-13,HK4834475453,1601630.0
OGEF,2025-11-13,IE8257095800,48549.0
OGEF,2025-11-14,GB2368667185,409298.0
OGEF,2025-11-14,GB0160212448,321378.0
OGEF,2025-11-14,GB6447248705,3188670.0
OGEF,2025-11-14,GB2501868976,156597.0
OGEF,2025-11-14,GB6133195451,603699.0
OGEF,2025-11-14,GB7302891883,314478.0
OGEF,2025-11-14,DE4552803383,449166.0
OGEF,2025-11-14,DE7056432905,238967.0
OGEF,2025-11-14,DE7480626124,34098.0
OGEF,2025-11-14,NL0596319520,157057.0
OGEF,2025-11-14,NL4852030145,166052.0
OGEF,2025-11-14,NL6300628747,288968.0
OGEF,2025-11-14,US6712394756,39303.0
OGEF,2025-11-14,US4191048029,16420.0
OGEF,2025-11-14,US4971148942,121634.0
OGEF,2025-11-14,US7945940377,72273.0
OGEF,2025-11-14,US0070927971,21188.0
OGEF,2025-11-14,US0520962626,55966.0
OGEF,2025-11-14,US0604849957,14789.0
OGEF,2025-11-14,US6024340870,73955.0
OGEF,2025-11-14,US4228635945,258786.0
OGEF,2025-11-14,US8567177308,282713.0
OGEF,2025-11-14,US4303577046,1031200.0
OGEF,2025-11-14,HK3628084815,1259419.0
OGEF,2025-11-14,HK6338245649,4611825.0
OGEF,2025-11-14,HK4834475453,1601630.0
OGEF,2025-11-14,IE8257095800,48549.0
OGEF,2025-11-17,GB2368667185,409298.0
OGEF,2025-11-17,GB0160212448,321378.0
OGEF,2025-11-17,GB6447248705,3188670.0
OGEF,2025-11-17,GB2501868976,156597.0
OGEF,2025-11-17,GB6133195451,603699.0
OGEF,2025-11-17,GB7302891883,314478.0
OGEF,2025-11-17,DE4552803383,449166.0
OGEF,2025-11-17,DE7056432905,238967.0
OGEF,2025-11-17,DE7480626124,34098.0
OGEF,2025-11-17,NL0596319520,157057.0
OGEF,2025-11-17,NL4852030145,166052.0
OGEF,2025-11-17,NL6300628747,288968.0
OGEF,2025-11-17,US6712394756,39303.0
OGEF,2025-11-17,US4191048029,16420.0
OGEF,2025-11-17,US4971148942,121634.0
OGEF,2025-11-17,US7945940377,72273.0
OGEF,2025-11-17,US0070927971,21188.0
OGEF,2025-11-17,US0520962626,55966.0
OGEF,2025-11-17,US0604849957,14789.0
OGEF,2025-11-17,US6024340870,73955.0
OGEF,2025-11-17,US4228635945,258786.0
OGEF,2025-11-17,US8567177308,282713.0
OGEF,2025-11-17,US4303577046,1031200.0
OGEF,2025-11-17,HK3628084815,1259419.0
OGEF,2025-11-17,HK6338245649,4611825.0
OGEF,2025-11-17,HK4834475453,1601630.0
OGEF,2025-11-17,IE8257095800,48549.0
OGEF,2025-11-18,GB2368667185,409298.0
OGEF,2025-11-18,GB0160212448,321378.0
OGEF,2025-11-18,GB6447248705,3188670.0
OGEF,2025-11-18,GB2501868976,156597.0
OGEF,2025-11-18,GB6133195451,603699.0
OGEF,2025-11-18,GB7302891883,314478.0
OGEF,2025-11-18,DE4552803383,449166.0
OGEF,2025-11-18,DE7056432905,238967.0
OGEF,2025-11-18,DE7480626124,34098.0
OGEF,2025-11-18,NL0596319520,157057.0
OGEF,2025-11-18,NL4852030145,166052.0
OGEF,2025-11-18,NL6300628747,288968.0
OGEF,2025-11-18,US6712394756,39303.0
OGEF,2025-11-18,US4191048029,16420.0
OGEF,2025-11-18,US4971148942,121634.0
OGEF,2025-11-18,US7945940377,72273.0
OGEF,2025-11-18,US0070927971,21188.0
OGEF,2025-11-18,US0520962626,55966.0
OGEF,2025-11-18,US0604849957,14789.0
OGEF,2025-11-18,US6024340870,73955.0
OGEF,2025-11-18,US4228635945,258786.0
OGEF,2025-11-18,US8567177308,282713.0
OGEF,2025-11-18,US4303577046,1031200.0
OGEF,2025-11-18,HK3628084815,1259419.0
OGEF,2025-11-18,HK6338245649,4611825.0
OGEF,2025-11-18,HK4834475453,1601630.0
OGEF,2025-11-18,IE8257095800,48549.0
OGEF,2025-11-19,GB2368667185,409298.0
OGEF,2025-11-19,GB0160212448,321378.0
OGEF,2025-11-19,GB6447248705,3188670.0
OGEF,2025-11-19,GB2501868976,156597.0
OGEF,2025-11-19,GB6133195451,603699.0
OGEF,2025-11-19,GB7302891883,314478.0
OGEF,2025-11-19,DE4552803383,449166.0
OGEF,2025-11-19,DE7056432905,238967.0
OGEF,2025-11-19,DE7480626124,34098.0
OGEF,2025-11-19,NL0596319520,157057.0
OGEF,2025-11-19,NL4852030145,166052.0
OGEF,2025-11-19,NL6300628747,288968.0
OGEF,2025-11-19,US6712394756,39303.0
OGEF,2025-11-19,US4191048029,16420.0
OGEF,2025-11-19,US4971148942,121634.0
OGEF,2025-11-19,US7945940377,72273.0
OGEF,2025-11-19,US0070927971,21188.0
OGEF,2025-11-19,US0520962626,55966.0
OGEF,2025-11-19,US0604849957,14789.0
OGEF,2025-11-19,US6024340870,73955.0
OGEF,2025-11-19,US4228635945,258786.0
OGEF,2025-11-19,US8567177308,282713.0
OGEF,2025-11-19,US4303577046,1031200.0
OGEF,2025-11-19,HK3628084815,1259419.0
OGEF,2025-11-19,HK6338245649,4611825.0
OGEF,2025-11-19,HK4834475453,1601630.0
OGEF,2025-11-19,IE8257095800,48549.0
OGEF,2025-11-20,GB2368667185,409298.0
OGEF,2025-11-20,GB0160212448,321378.0
OGEF,2025-11-20,GB6447248705,3188670.0
OGEF,2025-11-20,GB2501868976,156597.0
OGEF,2025-11-20,GB6133195451,603699.0
OGEF,2025-11-20,GB7302891883,314478.0
OGEF,2025-11-20,DE4552803383,449166.0
OGEF,2025-11-20,DE7056432905,238967.0
OGEF,2025-11-20,DE7480626124,34098.0
OGEF,2025-11-20,NL0596319520,157057.0
OGEF,2025-11-20,NL4852030145,166052.0
OGEF,2025-11-20,NL6300628747,288968.0
OGEF,2025-11-20,US6712394756,39303.0
OGEF,2025-11-20,US4191048029,16420.0
OGEF,2025-11-20,US4971148942,121634.0
OGEF,2025-11-20,US7945940377,72273.0
OGEF,2025-11-20,US0070927971,21188.0
OGEF,2025-11-20,US0520962626,55966.0
OGEF,2025-11-20,US0604849957,14789.0
OGEF,2025-11-20,US6024340870,73955.0
OGEF,2025-11-20,US4228635945,258786.0
OGEF,2025-11-20,US8567177308,282713.0
OGEF,2025-11-20,US4303577046,1031200.0
OGEF,2025-11-20,HK3628084815,1259419.0
OGEF,2025-11-20,HK6338245649,4611825.0
OGEF,2025-11-20,HK4834475453,1601630.0
OGEF,2025-11-20,IE8257095800,48549.0
OGEF,2025-11-21,GB2368667185,409298.0
OGEF,2025-11-21,GB0160212448,321378.0
OGEF,2025-11-21,GB6447248705,3188670.0
OGEF,2025-11-21,GB2501868976,156597.0
OGEF,2025-11-21,GB6133195451,603699.0
OGEF,2025-11-21,GB7302891883,314478.0
OGEF,2025-11-21,DE4552803383,449166.0
OGEF,2025-11-21,DE7056432905,238967.0
OGEF,2025-11-21,DE7480626124,34098.0
OGEF,2025-11-21,NL0596319520,157057.0
OGEF,2025-11-21,NL4852030145,166052.0
OGEF,2025-11-21,NL6300628747,288968.0
OGEF,2025-11-21,US6712394756,39303.0
OGEF,2025-11-21,US4191048029,16420.0
OGEF,2025-11-21,US4971148942,121634.0
OGEF,2025-11-21,US7945940377,72273.0
OGEF,2025-11-21,US0070927971,21188.0
OGEF,2025-11-21,US0520962626,55966.0
OGEF,2025-11-21,US0604849957,14789.0
OGEF,2025-11-21,US6024340870,73955.0
OGEF,2025-11-21,US4228635945,258786.0
OGEF,2025-11-21,US8567177308,282713.0
OGEF,2025-11-21,US4303577046,1031200.0
OGEF,2025-11-21,HK3628084815,1259419.0
OGEF,2025-11-21,HK6338245649,4611825.0
OGEF,2025-11-21,HK4834475453,1601630.0
OGEF,2025-11-21,IE8257095800,48549.0
OGEF,2025-11-24,GB2368667185,409298.0
OGEF,2025-11-24,GB0160212448,321378.0
OGEF,2025-11-24,GB6447248705,3188670.0
OGEF,2025-11-24,GB2501868976,156597.0
OGEF,2025-11-24,GB6133195451,603699.0
OGEF,2025-11-24,GB7302891883,314478.0
OGEF,2025-11-24,DE4552803383,449166.0
OGEF,2025-11-24,DE7056432905,238967.0
OGEF,2025-11-24,DE7480626124,34098.0
OGEF,2025-11-24,NL0596319520,157057.0
OGEF,2025-11-24,NL4852030145,166052.0
OGEF,2025-11-24,NL6300628747,288968.0
OGEF,2025-11-24,US6712394756,39303.0
OGEF,2025-11-24,US4191048029,16420.0
OGEF,2025-11-24,US4971148942,121634.0
OGEF,2025-11-24,US7945940377,72273.0
OGEF,2025-11-24,US0070927971,21188.0
OGEF,2025-11-24,US0520962626,55966.0
OGEF,2025-11-24,US0604849957,14789.0
OGEF,2025-11-24,US6024340870,73955.0
OGEF,2025-11-24,US4228635945,258786.0
OGEF,2025-11-24,US8567177308,282713.0
OGEF,2025-11-24,US4303577046,1031200.0
OGEF,2025-11-24,HK3628084815,1259419.0
OGEF,2025-11-24,HK6338245649,4611825.0
OGEF,2025-11-24,HK4834475453,1601630.0
OGEF,2025-11-24,IE8257095800,48549.0
OGEF,2025-11-25,GB2368667185,409298.0
OGEF,2025-11-25,GB0160212448,321378.0
OGEF,2025-11-25,GB6447248705,3188670.0
OGEF,2025-11-25,GB2501868976,156597.0
OGEF,2025-11-25,GB6133195451,603699.0
OGEF,2025-11-25,GB7302891883,314478.0
OGEF,2025-11-25,DE4552803383,449166.0
OGEF,2025-11-25,DE7056432905,238967.0
OGEF,2025-11-25,DE7480626124,34098.0
OGEF,2025-11-25,NL0596319520,157057.0
OGEF,2025-11-25,NL4852030145,166052.0
OGEF,2025-11-25,NL6300628747,288968.0
OGEF,2025-11-25,US6712394756,39303.0
OGEF,2025-11-25,US4191048029,16420.0
OGEF,2025-11-25,US4971148942,121634.0
OGEF,2025-11-25,US7945940377,72273.0
OGEF,2025-11-25,US0070927971,21188.0
OGEF,2025-11-25,US0520962626,55966.0
OGEF,2025-11-25,US0604849957,14789.0
OGEF,2025-11-25,US6024340870,73955.0
OGEF,2025-11-25,US4228635945,258786.0
OGEF,2025-11-25,US8567177308,282713.0
OGEF,2025-11-25,US4303577046,1031200.0
OGEF,2025-11-25,HK3628084815,1259419.0
OGEF,2025-11-25,HK6338245649,4611825.0
OGEF,2025-11-25,HK4834475453,1601630.0
OGEF,2025-11-25,IE8257095800,48549.0
OGEF,2025-11-26,GB2368667185,409298.0
OGEF,2025-11-26,GB0160212448,321378.0
OGEF,2025-11-26,GB6447248705,3188670.0
OGEF,2025-11-26,GB2501868976,156597.0
OGEF,2025-11-26,GB6133195451,603699.0
OGEF,2025-11-26,GB7302891883,314478.0
OGEF,2025-11-26,DE4552803383,449166.0
OGEF,2025-11-26,DE7056432905,238967.0
OGEF,2025-11-26,DE7480626124,34098.0
OGEF,2025-11-26,NL0596319520,157057.0
OGEF,2025-11-26,NL4852030145,166052.0
OGEF,2025-11-26,NL6300628747,288968.0
OGEF,2025-11-26,US6712394756,39303.0
OGEF,2025-11-26,US4191048029,16420.0
OGEF,2025-11-26,US4971148942,121634.0
OGEF,2025-11-26,US7945940377,72273.0
OGEF,2025-11-26,US0070927971,21188.0
OGEF,2025-11-26,US0520962626,55966.0
OGEF,2025-11-26,US0604849957,14789.0
OGEF,2025-11-26,US6024340870,73955.0
OGEF,2025-11-26,US4228635945,258786.0
OGEF,2025-11-26,US8567177308,282713.0
OGEF,2025-11-26,US4303577046,1031200.0
OGEF,2025-11-26,HK3628084815,1259419.0
OGEF,2025-11-26,HK6338245649,4611825.0
OGEF,2025-11-26,HK4834475453,1601630.0
OGEF,2025-11-26,IE8257095800,48549.0
OGEF,2025-11-27,GB2368667185,409298.0
OGEF,2025-11-27,GB0160212448,321378.0
OGEF,2025-11-27,GB6447248705,3188670.0
OGEF,2025-11-27,GB2501868976,156597.0
OGEF,2025-11-27,GB6133195451,603699.0
OGEF,2025-11-27,GB7302891883,314478.0
OGEF,2025-11-27,DE4552803383,449166.0
OGEF,2025-11-27,DE7056432905,238967.0
OGEF,2025-11-27,DE7480626124,34098.0
OGEF,2025-11-27,NL0596319520,157057.0
OGEF,2025-11-27,NL4852030145,166052.0
OGEF,2025-11-27,NL6300628747,288968.0
OGEF,2025-11-27,US6712394756,39303.0
OGEF,2025-11-27,US4191048029,16420.0
OGEF,2025-11-27,US4971148942,121634.0
OGEF,2025-11-27,US7945940377,72273.0
OGEF,2025-11-27,US0070927971,21188.0
OGEF,2025-11-27,US0520962626,55966.0
OGEF,2025-11-27,US0604849957,14789.0
OGEF,2025-11-27,US6024340870,73955.0
OGEF,2025-11-27,US4228635945,258786.0
OGEF,2025-11-27,US8567177308,282713.0
OGEF,2025-11-27,US4303577046,1031200.0
OGEF,2025-11-27,HK3628084815,1259419.0
OGEF,2025-11-27,HK6338245649,4611825.0
OGEF,2025-11-27,HK4834475453,1601630.0
OGEF,2025-11-27,IE8257095800,48549.0
OGEF,2025-11-28,GB2368667185,409298.0
OGEF,2025-11-28,GB0160212448,321378.0
OGEF,2025-11-28,GB6447248705,3188670.0
OGEF,2025-11-28,GB2501868976,156597.0
OGEF,2025-11-28,GB6133195451,603699.0
OGEF,2025-11-28,GB7302891883,314478.0
OGEF,2025-11-28,DE4552803383,449166.0
OGEF,2025-11-28,DE7056432905,238967.0
OGEF,2025-11-28,DE7480626124,34098.0
OGEF,2025-11-28,NL0596319520,157057.0
OGEF,2025-11-28,NL4852030145,181908.0
OGEF,2025-11-28,NL6300628747,288968.0
OGEF,2025-11-28,US6712394756,39303.0
OGEF,2025-11-28,US4191048029,16420.0
OGEF,2025-11-28,US4971148942,121634.0
OGEF,2025-11-28,US7945940377,72273.0
OGEF,2025-11-28,US0070927971,21188.0
OGEF,2025-11-28,US0520962626,55966.0
OGEF,2025-11-28,US0604849957,14789.0
OGEF,2025-11-28,US6024340870,73955.0
OGEF,2025-11-28,US4228635945,258786.0
OGEF,2025-11-28,US8567177308,282713.0
OGEF,2025-11-28,US4303577046,989826.0
OGEF,2025-11-28,HK3628084815,1259419.0
OGEF,2025-11-28,HK6338245649,4601624.0
OGEF,2025-11-28,HK4834475453,1601630.0
OGEF,2025-11-28,IE8257095800,48549.0
OGEF,2025-12-01,GB2368667185,409298.0
OGEF,2025-12-01,GB0160212448,321378.0
OGEF,2025-12-01,GB6447248705,3188670.0
OGEF,2025-12-01,GB2501868976,156597.0
OGEF,2025-12-01,GB6133195451,603699.0
OGEF,2025-12-01,GB7302891883,314478.0
OGEF,2025-12-01,DE4552803383,449166.0
OGEF,2025-12-01,DE7056432905,238967.0
OGEF,2025-12-01,DE7480626124,34098.0
OGEF,2025-12-01,NL0596319520,157057.0
OGEF,2025-12-01,NL4852030145,181908.0
OGEF,2025-12-01,NL6300628747,288968.0
OGEF,2025-12-01,US6712394756,39303.0
OGEF,2025-12-01,US4191048029,16420.0
OGEF,2025-12-01,US4971148942,121634.0
OGEF,2025-12-01,US7945940377,72273.0
OGEF,2025-12-01,US0070927971,21188.0
OGEF,2025-12-01,US0520962626,55966.0
OGEF,2025-12-01,US0604849957,14789.0
OGEF,2025-12-01,US6024340870,73955.0
OGEF,2025-12-01,US4228635945,258786.0
OGEF,2025-12-01,US8567177308,282713.0
OGEF,2025-12-01,US4303577046,989826.0
OGEF,2025-12-01,HK3628084815,1259419.0
OGEF,2025-12-01,HK6338245649,4601624.0
OGEF,2025-12-01,HK4834475453,1601630.0
OGEF,2025-12-01,IE8257095800,48549.0
OGEF,2025-12-02,GB2368667185,409298.0
OGEF,2025-12-02,GB0160212448,321378.0
OGEF,2025-12-02,GB6447248705,3188670.0
OGEF,2025-12-02,GB2501868976,156597.0
OGEF,2025-12-02,GB6133195451,603699.0
OGEF,2025-12-02,GB7302891883,314478.0
OGEF,2025-12-02,DE4552803383,449166.0
OGEF,2025-12-02,DE7056432905,238967.0
OGEF,2025-12-02,DE7480626124,34098.0
OGEF,2025-12-02,NL0596319520,157057.0
OGEF,2025-12-02,NL4852030145,181908.0
OGEF,2025-12-02,NL6300628747,288968.0
OGEF,2025-12-02,US6712394756,39303.0
OGEF,2025-12-02,US4191048029,16420.0
OGEF,2025-12-02,US4971148942,121634.0
OGEF,2025-12-02,US7945940377,72273.0
OGEF,2025-12-02,US0070927971,21188.0
OGEF,2025-12-02,US0520962626,55966.0
OGEF,2025-12-02,US0604849957,14789.0
OGEF,2025-12-02,US6024340870,73955.0
OGEF,2025-12-02,US4228635945,258786.0
OGEF,2025-12-02,US8567177308,282713.0
OGEF,2025-12-02,US4303577046,989826.0
OGEF,2025-12-02,HK3628084815,1259419.0
OGEF,2025-12-02,HK6338245649,4601624.0
OGEF,2025-12-02,HK4834475453,1601630.0
OGEF,2025-12-02,IE8257095800,48549.0
OGEF,2025-12-03,GB2368667185,409298.0
OGEF,2025-12-03,GB0160212448,321378.0
OGEF,2025-12-03,GB6447248705,3188670.0
OGEF,2025-12-03,GB2501868976,156597.0
OGEF,2025-12-03,GB6133195451,603699.0
OGEF,2025-12-03,GB7302891883,314478.0
OGEF,2025-12-03,DE4552803383,449166.0
OGEF,2025-12-03,DE7056432905,238967.0
OGEF,2025-12-03,DE7480626124,34098.0
OGEF,2025-12-03,NL0596319520,157057.0
OGEF,2025-12-03,NL4852030145,181908.0
OGEF,2025-12-03,NL6300628747,288968.0
OGEF,2025-12-03,US6712394756,39303.0
OGEF,2025-12-03,US4191048029,16420.0
OGEF,2025-12-03,US4971148942,121634.0
OGEF,2025-12-03,US7945940377,72273.0
OGEF,2025-12-03,US0070927971,21188.0
OGEF,2025-12-03,US0520962626,55966.0
OGEF,2025-12-03,US0604849957,14789.0
OGEF,2025-12-03,US6024340870,73955.0
OGEF,2025-12-03,US4228635945,258786.0
OGEF,2025-12-03,US8567177308,282713.0
OGEF,2025-12-03,US4303577046,989826.0
OGEF,2025-12-03,HK3628084815,1259419.0
OGEF,2025-12-03,HK6338245649,4601624.0
OGEF,2025-12-03,HK4834475453,1601630.0
OGEF,2025-12-03,IE8257095800,48549.0
OGEF,2025-12-04,GB2368667185,409298.0
OGEF,2025-12-04,GB0160212448,321378.0
OGEF,2025-12-04,GB6447248705,3188670.0
OGEF,2025-12-04,GB2501868976,156597.0
OGEF,2025-12-04,GB6133195451,603699.0
OGEF,2025-12-04,GB7302891883,314478.0
OGEF,2025-12-04,DE4552803383,449166.0
OGEF,2025-12-04,DE7056432905,238967.0
OGEF,2025-12-04,DE7480626124,34098.0
OGEF,2025-12-04,NL0596319520,157057.0
OGEF,2025-12-04,NL4852030145,181908.0
OGEF,2025-12-04,NL6300628747,288968.0
OGEF,2025-12-04,US6712394756,39303.0
OGEF,2025-12-04,US4191048029,16420.0
OGEF,2025-12-04,US4971148942,121634.0
OGEF,2025-12-04,US7945940377,72273.0
OGEF,2025-12-04,US0070927971,21188.0
OGEF,2025-12-04,US0520962626,55966.0
OGEF,2025-12-04,US0604849957,14789.0
OGEF,2025-12-04,US6024340870,73955.0
OGEF,2025-12-04,US4228635945,258786.0
OGEF,2025-12-04,US8567177308,282713.0
OGEF,2025-12-04,US4303577046,989826.0
OGEF,2025-12-04,HK3628084815,1259419.0
OGEF,2025-12-04,HK6338245649,4601624.0
OGEF,2025-12-04,HK4834475453,1601630.0
OGEF,2025-12-04,IE8257095800,48549.0
OGEF,2025-12-05,GB2368667185,409298.0
OGEF,2025-12-05,GB0160212448,321378.0
OGEF,2025-12-05,GB6447248705,3188670.0
OGEF,2025-12-05,GB2501868976,156597.0
OGEF,2025-12-05,GB6133195451,603699.0
OGEF,2025-12-05,GB7302891883,314478.0
OGEF,2025-12-05,DE4552803383,449166.0
OGEF,2025-12-05,DE7056432905,238967.0
OGEF,2025-12-05,DE7480626124,34098.0
OGEF,2025-12-05,NL0596319520,157057.0
OGEF,2025-12-05,NL4852030145,181908.0
OGEF,2025-12-05,NL6300628747,288968.0
OGEF,2025-12-05,US6712394756,39303.0
OGEF,2025-12-05,US4191048029,16420.0
OGEF,2025-12-05,US4971148942,121634.0
OGEF,2025-12-05,US7945940377,72273.0
OGEF,2025-12-05,US0070927971,21188.0
OGEF,2025-12-05,US0520962626,55966.0
OGEF,2025-12-05,US0604849957,14789.0
OGEF,2025-12-05,US6024340870,73955.0
OGEF,2025-12-05,US4228635945,258786.0
OGEF,2025-12-05,US8567177308,282713.0
OGEF,2025-12-05,US4303577046,989826.0
OGEF,2025-12-05,HK3628084815,1259419.0
OGEF,2025-12-05,HK6338245649,4601624.0
OGEF,2025-12-05,HK4834475453,1601630.0
OGEF,2025-12-05,IE8257095800,48549.0
OGEF,2025-12-08,GB2368667185,409298.0
OGEF,2025-12-08,GB0160212448,321378.0
OGEF,2025-12-08,GB6447248705,3188670.0
OGEF,2025-12-08,GB2501868976,156597.0
OGEF,2025-12-08,GB6133195451,603699.0
OGEF,2025-12-08,GB7302891883,314478.0
OGEF,2025-12-08,DE4552803383,449166.0
OGEF,2025-12-08,DE7056432905,238967.0
OGEF,2025-12-08,DE7480626124,34098.0
OGEF,2025-12-08,NL0596319520,157057.0
OGEF,2025-12-08,NL4852030145,181908.0
OGEF,2025-12-08,NL6300628747,288968.0
OGEF,2025-12-08,US6712394756,39303.0
OGEF,2025-12-08,US4191048029,16420.0
OGEF,2025-12-08,US4971148942,121634.0
OGEF,2025-12-08,US7945940377,72273.0
OGEF,2025-12-08,US0070927971,21188.0
OGEF,2025-12-08,US0520962626,55966.0
OGEF,2025-12-08,US0604849957,14789.0
OGEF,2025-12-08,US6024340870,73955.0
OGEF,2025-12-08,US4228635945,258786.0
OGEF,2025-12-08,US8567177308,282713.0
OGEF,2025-12-08,US4303577046,989826.0
OGEF,2025-12-08,HK3628084815,1259419.0
OGEF,2025-12-08,HK6338245649,4601624.0
OGEF,2025-12-08,HK4834475453,1601630.0
OGEF,2025-12-08,IE8257095800,48549.0
OGEF,2025-12-09,GB2368667185,409298.0
OGEF,2025-12-09,GB0160212448,321378.0
OGEF,2025-12-09,GB6447248705,3188670.0
OGEF,2025-12-09,GB2501868976,156597.0
OGEF,2025-12-09,GB6133195451,603699.0
OGEF,2025-12-09,GB7302891883,314478.0
OGEF,2025-12-09,DE4552803383,449166.0
OGEF,2025-12-09,DE7056432905,238967.0
OGEF,2025-12-09,DE7480626124,34098.0
OGEF,2025-12-09,NL0596319520,157057.0
OGEF,2025-12-09,NL4852030145,181908.0
OGEF,2025-12-09,NL6300628747,288968.0
OGEF,2025-12-09,US6712394756,39303.0
OGEF,2025-12-09,US4191048029,16420.0
OGEF,2025-12-09,US4971148942,121634.0
OGEF,2025-12-09,US7945940377,72273.0
OGEF,2025-12-09,US0070927971,21188.0
OGEF,2025-12-09,US0520962626,55966.0
OGEF,2025-12-09,US0604849957,14789.0
OGEF,2025-12-09,US6024340870,73955.0
OGEF,2025-12-09,US4228635945,258786.0
OGEF,2025-12-09,US8567177308,282713.0
OGEF,2025-12-09,US4303577046,989826.0
OGEF,2025-12-09,HK3628084815,1259419.0
OGEF,2025-12-09,HK6338245649,4601624.0
OGEF,2025-12-09,HK4834475453,1601630.0
OGEF,2025-12-09,IE8257095800,48549.0
OGEF,2025-12-10,GB2368667185,409298.0
OGEF,2025-12-10,GB0160212448,321378.0
OGEF,2025-12-10,GB6447248705,3188670.0
OGEF,2025-12-10,GB2501868976,156597.0
OGEF,2025-12-10,GB6133195451,603699.0
OGEF,2025-12-10,GB7302891883,314478.0
OGEF,2025-12-10,DE4552803383,449166.0
OGEF,2025-12-10,DE7056432905,238967.0
OGEF,2025-12-10,DE7480626124,34098.0
OGEF,2025-12-10,NL0596319520,157057.0
OGEF,2025-12-10,NL4852030145,181908.0
OGEF,2025-12-10,NL6300628747,288968.0
OGEF,2025-12-10,US6712394756,39303.0
OGEF,2025-12-10,US4191048029,16420.0
OGEF,2025-12-10,US4971148942,121634.0
OGEF,2025-12-10,US7945940377,72273.0
OGEF,2025-12-10,US0070927971,21188.0
OGEF,2025-12-10,US0520962626,55966.0
OGEF,2025-12-10,US0604849957,14789.0
OGEF,2025-12-10,US6024340870,73955.0
OGEF,2025-12-10,US4228635945,258786.0
OGEF,2025-12-10,US8567177308,282713.0
OGEF,2025-12-10,US4303577046,989826.0
OGEF,2025-12-10,HK3628084815,1259419.0
OGEF,2025-12-10,HK6338245649,4601624.0
OGEF,2025-12-10,HK4834475453,1601630.0
OGEF,2025-12-10,IE8257095800,48549.0
OGEF,2025-12-11,GB2368667185,409298.0
OGEF,2025-12-11,GB0160212448,321378.0
OGEF,2025-12-11,GB6447248705,3188670.0
OGEF,2025-12-11,GB2501868976,156597.0
OGEF,2025-12-11,GB6133195451,603699.0
OGEF,2025-12-11,GB7302891883,314478.0
OGEF,2025-12-11,DE4552803383,449166.0
OGEF,2025-12-11,DE7056432905,238967.0
OGEF,2025-12-11,DE7480626124,34098.0
OGEF,2025-12-11,NL0596319520,157057.0
OGEF,2025-12-11,NL4852030145,181908.0
OGEF,2025-12-11,NL6300628747,288968.0
OGEF,2025-12-11,US6712394756,39303.0
OGEF,2025-12-11,US4191048029,16420.0
OGEF,2025-12-11,US4971148942,121634.0
OGEF,2025-12-11,US7945940377,72273.0
OGEF,2025-12-11,US0070927971,21188.0
OGEF,2025-12-11,US0520962626,55966.0
OGEF,2025-12-11,US0604849957,14789.0
OGEF,2025-12-11,US6024340870,73955.0
OGEF,2025-12-11,US4228635945,258786.0
OGEF,2025-12-11,US8567177308,282713.0
OGEF,2025-12-11,US4303577046,989826.0
OGEF,2025-12-11,HK3628084815,1259419.0
OGEF,2025-12-11,HK6338245649,4601624.0
OGEF,2025-12-11,HK4834475453,1601630.0
OGEF,2025-12-11,IE8257095800,48549.0
OGEF,2025-12-12,GB2368667185,409298.0
OGEF,2025-12-12,GB0160212448,321378.0
OGEF,2025-12-12,GB6447248705,3188670.0
OGEF,2025-12-12,GB2501868976,156597.0
OGEF,2025-12-12,GB6133195451,603699.0
OGEF,2025-12-12,GB7302891883,314478.0
OGEF,2025-12-12,DE4552803383,449166.0
OGEF,2025-12-12,DE7056432905,238967.0
OGEF,2025-12-12,DE7480626124,34098.0
OGEF,2025-12-12,NL0596319520,157057.0
OGEF,2025-12-12,NL4852030145,181908.0
OGEF,2025-12-12,NL6300628747,288968.0
OGEF,2025-12-12,US6712394756,39303.0
OGEF,2025-12-12,US4191048029,16420.0
OGEF,2025-12-12,US4971148942,121634.0
OGEF,2025-12-12,US7945940377,72273.0
OGEF,2025-12-12,US0070927971,21188.0
OGEF,2025-12-12,US0520962626,55966.0
OGEF,2025-12-12,US0604849957,14789.0
OGEF,2025-12-12,US6024340870,73955.0
OGEF,2025-12-12,US4228635945,258786.0
OGEF,2025-12-12,US8567177308,282713.0
OGEF,2025-12-12,US4303577046,989826.0
OGEF,2025-12-12,HK3628084815,1259419.0
OGEF,2025-12-12,HK6338245649,4601624.0
OGEF,2025-12-12,HK4834475453,1601630.0
OGEF,2025-12-12,IE8257095800,48549.0
OGEF,2025-12-15,GB2368667185,409298.0
OGEF,2025-12-15,GB0160212448,321378.0
OGEF,2025-12-15,GB6447248705,3188670.0
OGEF,2025-12-15,GB2501868976,156597.0
OGEF,2025-12-15,GB6133195451,603699.0
OGEF,2025-12-15,GB7302891883,314478.0
OGEF,2025-12-15,DE4552803383,449166.0
OGEF,2025-12-15,DE7056432905,238967.0
OGEF,2025-12-15,DE7480626124,34098.0
OGEF,2025-12-15,NL0596319520,157057.0
OGEF,2025-12-15,NL4852030145,181908.0
OGEF,2025-12-15,NL6300628747,288968.0
OGEF,2025-12-15,US6712394756,39303.0
OGEF,2025-12-15,US4191048029,16420.0
OGEF,2025-12-15,US4971148942,121634.0
OGEF,2025-12-15,US7945940377,72273.0
OGEF,2025-12-15,US0070927971,21188.0
OGEF,2025-12-15,US0520962626,55966.0
OGEF,2025-12-15,US0604849957,14789.0
OGEF,2025-12-15,US6024340870,73955.0
OGEF,2025-12-15,US4228635945,258786.0
OGEF,2025-12-15,US8567177308,282713.0
OGEF,2025-12-15,US4303577046,989826.0
OGEF,2025-12-15,HK3628084815,1259419.0
OGEF,2025-12-15,HK6338245649,4601624.0
OGEF,2025-12-15,HK4834475453,1601630.0
OGEF,2025-12-15,IE8257095800,48549.0
OGEF,2025-12-16,GB2368667185,409298.0
OGEF,2025-12-16,GB0160212448,321378.0
OGEF,2025-12-16,GB6447248705,3188670.0
OGEF,2025-12-16,GB2501868976,156597.0
OGEF,2025-12-16,GB6133195451,603699.0
OGEF,2025-12-16,GB7302891883,314478.0
OGEF,2025-12-16,DE4552803383,449166.0
OGEF,2025-12-16,DE7056432905,238967.0
OGEF,2025-12-16,DE7480626124,34098.0
OGEF,2025-12-16,NL0596319520,157057.0
OGEF,2025-12-16,NL4852030145,181908.0
OGEF,2025-12-16,NL6300628747,288968.0
OGEF,2025-12-16,US6712394756,39303.0
OGEF,2025-12-16,US4191048029,16420.0
OGEF,2025-12-16,US4971148942,121634.0
OGEF,2025-12-16,US7945940377,72273.0
OGEF,2025-12-16,US0070927971,21188.0
OGEF,2025-12-16,US0520962626,55966.0
OGEF,2025-12-16,US0604849957,14789.0
OGEF,2025-12-16,US6024340870,73955.0
OGEF,2025-12-16,US4228635945,258786.0
OGEF,2025-12-16,US8567177308,282713.0
OGEF,2025-12-16,US4303577046,989826.0
OGEF,2025-12-16,HK3628084815,1259419.0
OGEF,2025-12-16,HK6338245649,4601624.0
OGEF,2025-12-16,HK4834475453,1601630.0
OGEF,2025-12-16,IE8257095800,48549.0
OGEF,2025-12-17,GB2368667185,409298.0
OGEF,2025-12-17,GB0160212448,321378.0
OGEF,2025-12-17,GB6447248705,3188670.0
OGEF,2025-12-17,GB2501868976,156597.0
OGEF,2025-12-17,GB6133195451,603699.0
OGEF,2025-12-17,GB7302891883,314478.0
OGEF,2025-12-17,DE4552803383,449166.0
OGEF,2025-12-17,DE7056432905,238967.0
OGEF,2025-12-17,DE7480626124,34098.0
OGEF,2025-12-17,NL0596319520,157057.0
OGEF,2025-12-17,NL4852030145,181908.0
OGEF,2025-12-17,NL6300628747,288968.0
OGEF,2025-12-17,US6712394756,39303.0
OGEF,2025-12-17,US4191048029,16420.0
OGEF,2025-12-17,US4971148942,121634.0
OGEF,2025-12-17,US7945940377,72273.0
OGEF,2025-12-17,US0070927971,21188.0
OGEF,2025-12-17,US0520962626,55966.0
OGEF,2025-12-17,US0604849957,14789.0
OGEF,2025-12-17,US6024340870,73955.0
OGEF,2025-12-17,US4228635945,258786.0
OGEF,2025-12-17,US8567177308,282713.0
OGEF,2025-12-17,US4303577046,989826.0
OGEF,2025-12-17,HK3628084815,1259419.0
OGEF,2025-12-17,HK6338245649,4601624.0
OGEF,2025-12-17,HK4834475453,1601630.0
OGEF,2025-12-17,IE8257095800,48549.0
OGEF,2025-12-18,GB2368667185,409298.0
OGEF,2025-12-18,GB0160212448,321378.0
OGEF,2025-12-18,GB6447248705,3188670.0
OGEF,2025-12-18,GB2501868976,156597.0
OGEF,2025-12-18,GB6133195451,603699.0
OGEF,2025-12-18,GB7302891883,314478.0
OGEF,2025-12-18,DE4552803383,449166.0
OGEF,2025-12-18,DE7056432905,238967.0
OGEF,2025-12-18,DE7480626124,34098.0
OGEF,2025-12-18,NL0596319520,157057.0
OGEF,2025-12-18,NL4852030145,181908.0
OGEF,2025-12-18,NL6300628747,288968.0
OGEF,2025-12-18,US6712394756,39303.0
OGEF,2025-12-18,US4191048029,16420.0
OGEF,2025-12-18,US4971148942,121634.0
OGEF,2025-12-18,US7945940377,72273.0
OGEF,2025-12-18,US0070927971,21188.0
OGEF,2025-12-18,US0520962626,55966.0
OGEF,2025-12-18,US0604849957,14789.0
OGEF,2025-12-18,US6024340870,73955.0
OGEF,2025-12-18,US4228635945,258786.0
OGEF,2025-12-18,US8567177308,282713.0
OGEF,2025-12-18,US4303577046,989826.0
OGEF,2025-12-18,HK3628084815,1259419.0
OGEF,2025-12-18,HK6338245649,4601624.0
OGEF,2025-12-18,HK4834475453,1601630.0
OGEF,2025-12-18,IE8257095800,48549.0
OGEF,2025-12-19,GB2368667185,409298.0
OGEF,2025-12-19,GB0160212448,321378.0
OGEF,2025-12-19,GB6447248705,3188670.0
OGEF,2025-12-19,GB2501868976,156597.0
OGEF,2025-12-19,GB6133195451,603699.0
OGEF,2025-12-19,GB7302891883,314478.0
OGEF,2025-12-19,DE4552803383,449166.0
OGEF,2025-12-19,DE7056432905,238967.0
OGEF,2025-12-19,DE7480626124,34098.0
OGEF,2025-12-19,NL0596319520,157057.0
OGEF,2025-12-19,NL4852030145,181908.0
OGEF,2025-12-19,NL6300628747,288968.0
OGEF,2025-12-19,US6712394756,39303.0
OGEF,2025-12-19,US4191048029,16420.0
OGEF,2025-12-19,US4971148942,121634.0
OGEF,2025-12-19,US7945940377,72273.0
OGEF,2025-12-19,US0070927971,21188.0
OGEF,2025-12-19,US0520962626,55966.0
OGEF,2025-12-19,US0604849957,14789.0
OGEF,2025-12-19,US6024340870,73955.0
OGEF,2025-12-19,US4228635945,258786.0
OGEF,2025-12-19,US8567177308,282713.0
OGEF,2025-12-19,US4303577046,989826.0
OGEF,2025-12-19,HK3628084815,1259419.0
OGEF,2025-12-19,HK6338245649,4601624.0
OGEF,2025-12-19,HK4834475453,1601630.0
OGEF,2025-12-19,IE8257095800,48549.0
OGEF,2025-12-22,GB2368667185,409298.0
OGEF,2025-12-22,GB0160212448,321378.0
OGEF,2025-12-22,GB6447248705,3188670.0
OGEF,2025-12-22,GB2501868976,156597.0
OGEF,2025-12-22,GB6133195451,603699.0
OGEF,2025-12-22,GB7302891883,314478.0
OGEF,2025-12-22,DE4552803383,449166.0
OGEF,2025-12-22,DE7056432905,238967.0
OGEF,2025-12-22,DE7480626124,34098.0
OGEF,2025-12-22,NL0596319520,157057.0
OGEF,2025-12-22,NL4852030145,181908.0
OGEF,2025-12-22,NL6300628747,288968.0
OGEF,2025-12-22,US6712394756,39303.0
OGEF,2025-12-22,US4191048029,16420.0
OGEF,2025-12-22,US4971148942,121634.0
OGEF,2025-12-22,US7945940377,72273.0
OGEF,2025-12-22,US0070927971,21188.0
OGEF,2025-12-22,US0520962626,55966.0
OGEF,2025-12-22,US0604849957,14789.0
OGEF,2025-12-22,US6024340870,73955.0
OGEF,2025-12-22,US4228635945,258786.0
OGEF,2025-12-22,US8567177308,282713.0
OGEF,2025-12-22,US4303577046,989826.0
OGEF,2025-12-22,HK3628084815,1259419.0
OGEF,2025-12-22,HK6338245649,4601624.0
OGEF,2025-12-22,HK4834475453,1601630.0
OGEF,2025-12-22,IE8257095800,48549.0
OGEF,2025-12-23,GB2368667185,409298.0
OGEF,2025-12-23,GB0160212448,321378.0
OGEF,2025-12-23,GB6447248705,3188670.0
OGEF,2025-12-23,GB2501868976,156597.0
OGEF,2025-12-23,GB6133195451,603699.0
OGEF,2025-12-23,GB7302891883,314478.0
OGEF,2025-12-23,DE4552803383,449166.0
OGEF,2025-12-23,DE7056432905,238967.0
OGEF,2025-12-23,DE7480626124,34098.0
OGEF,2025-12-23,NL0596319520,157057.0
OGEF,2025-12-23,NL4852030145,181908.0
OGEF,2025-12-23,NL6300628747,288968.0
OGEF,2025-12-23,US6712394756,39303.0
OGEF,2025-12-23,US4191048029,16420.0
OGEF,2025-12-23,US4971148942,121634.0
OGEF,2025-12-23,US7945940377,72273.0
OGEF,2025-12-23,US0070927971,21188.0
OGEF,2025-12-23,US0520962626,55966.0
OGEF,2025-12-23,US0604849957,14789.0
OGEF,2025-12-23,US6024340870,73955.0
OGEF,2025-12-23,US4228635945,258786.0
OGEF,2025-12-23,US8567177308,282713.0
OGEF,2025-12-23,US4303577046,989826.0
OGEF,2025-12-23,HK3628084815,1259419.0
OGEF,2025-12-23,HK6338245649,4601624.0
OGEF,2025-12-23,HK4834475453,1601630.0
OGEF,2025-12-23,IE8257095800,48549.0
OGEF,2025-12-24,GB2368667185,409298.0
OGEF,2025-12-24,GB0160212448,321378.0
OGEF,2025-12-24,GB6447248705,3188670.0
OGEF,2025-12-24,GB2501868976,156597.0
OGEF,2025-12-24,GB6133195451,603699.0
OGEF,2025-12-24,GB7302891883,314478.0
OGEF,2025-12-24,DE4552803383,449166.0
OGEF,2025-12-24,DE7056432905,238967.0
OGEF,2025-12-24,DE7480626124,34098.0
OGEF,2025-12-24,NL0596319520,157057.0
OGEF,2025-12-24,NL4852030145,181908.0
OGEF,2025-12-24,NL6300628747,288968.0
OGEF,2025-12-24,US6712394756,39303.0
OGEF,2025-12-24,US4191048029,16420.0
OGEF,2025-12-24,US4971148942,121634.0
OGEF,2025-12-24,US7945940377,72273.0
OGEF,2025-12-24,US0070927971,21188.0
OGEF,2025-12-24,US0520962626,55966.0
OGEF,2025-12-24,US0604849957,14789.0
OGEF,2025-12-24,US6024340870,73955.0
OGEF,2025-12-24,US4228635945,258786.0
OGEF,2025-12-24,US8567177308,282713.0
OGEF,2025-12-24,US4303577046,989826.0
OGEF,2025-12-24,HK3628084815,1259419.0
OGEF,2025-12-24,HK6338245649,4601624.0
OGEF,2025-12-24,HK4834475453,1601630.0
OGEF,2025-12-24,IE8257095800,48549.0
OGEF,2025-12-29,GB2368667185,409298.0
OGEF,2025-12-29,GB0160212448,321378.0
OGEF,2025-12-29,GB6447248705,3188670.0
OGEF,2025-12-29,GB2501868976,156597.0
OGEF,2025-12-29,GB6133195451,603699.0
OGEF,2025-12-29,GB7302891883,314478.0
OGEF,2025-12-29,DE4552803383,449166.0
OGEF,2025-12-29,DE7056432905,238967.0
OGEF,2025-12-29,DE7480626124,34098.0
OGEF,2025-12-29,NL0596319520,157057.0
OGEF,2025-12-29,NL4852030145,181908.0
OGEF,2025-12-29,NL6300628747,288968.0
OGEF,2025-12-29,US6712394756,39303.0
OGEF,2025-12-29,US4191048029,16420.0
OGEF,2025-12-29,US4971148942,121634.0
OGEF,2025-12-29,US7945940377,72273.0
OGEF,2025-12-29,US0070927971,21188.0
OGEF,2025-12-29,US0520962626,55966.0
OGEF,2025-12-29,US0604849957,14789.0
OGEF,2025-12-29,US6024340870,73955.0
OGEF,2025-12-29,US4228635945,258786.0
OGEF,2025-12-29,US8567177308,282713.0
OGEF,2025-12-29,US4303577046,989826.0
OGEF,2025-12-29,HK3628084815,1259419.0
OGEF,2025-12-29,HK6338245649,4601624.0
OGEF,2025-12-29,HK4834475453,1601630.0
OGEF,2025-12-29,IE8257095800,48549.0
OGEF,2025-12-30,GB2368667185,409298.0
OGEF,2025-12-30,GB0160212448,321378.0
OGEF,2025-12-30,GB6447248705,3188670.0
OGEF,2025-12-30,GB2501868976,156597.0
OGEF,2025-12-30,GB6133195451,603699.0
OGEF,2025-12-30,GB7302891883,314478.0
OGEF,2025-12-30,DE4552803383,449166.0
OGEF,2025-12-30,DE7056432905,238967.0
OGEF,2025-12-30,DE7480626124,34098.0
OGEF,2025-12-30,NL0596319520,157057.0
OGEF,2025-12-30,NL4852030145,181908.0
OGEF,2025-12-30,NL6300628747,288968.0
OGEF,2025-12-30,US6712394756,39303.0
OGEF,2025-12-30,US4191048029,16420.0
OGEF,2025-12-30,US4971148942,121634.0
OGEF,2025-12-30,US7945940377,72273.0
OGEF,2025-12-30,US0070927971,21188.0
OGEF,2025-12-30,US0520962626,55966.0
OGEF,2025-12-30,US0604849957,14789.0
OGEF,2025-12-30,US6024340870,73955.0
OGEF,2025-12-30,US4228635945,258786.0
OGEF,2025-12-30,US8567177308,282713.0
OGEF,2025-12-30,US4303577046,989826.0
OGEF,2025-12-30,HK3628084815,1259419.0
OGEF,2025-12-30,HK6338245649,4601624.0
OGEF,2025-12-30,HK4834475453,1601630.0
OGEF,2025-12-30,IE8257095800,48549.0
OGEF,2025-12-31,GB2368667185,409298.0
OGEF,2025-12-31,GB0160212448,324842.0
OGEF,2025-12-31,GB6447248705,3188670.0
OGEF,2025-12-31,GB2501868976,156597.0
OGEF,2025-12-31,GB6133195451,603699.0
OGEF,2025-12-31,GB7302891883,314478.0
OGEF,2025-12-31,DE4552803383,413517.0
OGEF,2025-12-31,DE7056432905,238967.0
OGEF,2025-12-31,DE7480626124,34098.0
OGEF,2025-12-31,NL0596319520,157057.0
OGEF,2025-12-31,NL4852030145,181908.0
OGEF,2025-12-31,NL6300628747,288968.0
OGEF,2025-12-31,US6712394756,39303.0
OGEF,2025-12-31,US4191048029,15518.0
OGEF,2025-12-31,US4971148942,121634.0
OGEF,2025-12-31,US7945940377,72273.0
OGEF,2025-12-31,US0070927971,21188.0
OGEF,2025-12-31,US0520962626,55966.0
OGEF,2025-12-31,US0604849957,14789.0
OGEF,2025-12-31,US6024340870,73955.0
OGEF,2025-12-31,US4228635945,258786.0
OGEF,2025-12-31,US8567177308,282713.0
OGEF,2025-12-31,US4303577046,989826.0
OGEF,2025-12-31,HK3628084815,1259419.0
OGEF,2025-12-31,HK6338245649,4601624.0
OGEF,2025-12-31,HK4834475453,1601630.0
OGEF,2025-12-31,IE8257095800,48549.0
OGEF,2026-01-02,GB2368667185,409298.0
OGEF,2026-01-02,GB0160212448,324842.0
OGEF,2026-01-02,GB6447248705,3188670.0
OGEF,2026-01-02,GB2501868976,156597.0
OGEF,2026-01-02,GB6133195451,603699.0
OGEF,2026-01-02,GB7302891883,314478.0
OGEF,2026-01-02,DE4552803383,413517.0
OGEF,2026-01-02,DE7056432905,238967.0
OGEF,2026-01-02,DE7480626124,34098.0
OGEF,2026-01-02,NL0596319520,157057.0
OGEF,2026-01-02,NL4852030145,181908.0
OGEF,2026-01-02,NL6300628747,288968.0
OGEF,2026-01-02,US6712394756,39303.0
OGEF,2026-01-02,US4191048029,15518.0
OGEF,2026-01-02,US4971148942,121634.0
OGEF,2026-01-02,US7945940377,72273.0
OGEF,2026-01-02,US0070927971,21188.0
OGEF,2026-01-02,US0520962626,55966.0
OGEF,2026-01-02,US0604849957,14789.0
OGEF,2026-01-02,US6024340870,73955.0
OGEF,2026-01-02,US4228635945,258786.0
OGEF,2026-01-02,US8567177308,282713.0
OGEF,2026-01-02,US4303577046,989826.0
OGEF,2026-01-02,HK3628084815,1259419.0
OGEF,2026-01-02,HK6338245649,4601624.0
OGEF,2026-01-02,HK4834475453,1601630.0
OGEF,2026-01-02,IE8257095800,48549.0
OGEF,2026-01-05,GB2368667185,409298.0
OGEF,2026-01-05,GB0160212448,324842.0
OGEF,2026-01-05,GB6447248705,3188670.0
OGEF,2026-01-05,GB2501868976,156597.0
OGEF,2026-01-05,GB6133195451,603699.0
OGEF,2026-01-05,GB7302891883,314478.0
OGEF,2026-01-05,DE4552803383,413517.0
OGEF,2026-01-05,DE7056432905,238967.0
OGEF,2026-01-05,DE7480626124,34098.0
OGEF,2026-01-05,NL0596319520,157057.0
OGEF,2026-01-05,NL4852030145,181908.0
OGEF,2026-01-05,NL6300628747,288968.0
OGEF,2026-01-05,US6712394756,39303.0
OGEF,2026-01-05,US4191048029,15518.0
OGEF,2026-01-05,US4971148942,121634.0
OGEF,2026-01-05,US7945940377,72273.0
OGEF,2026-01-05,US0070927971,21188.0
OGEF,2026-01-05,US0520962626,55966.0
OGEF,2026-01-05,US0604849957,14789.0
OGEF,2026-01-05,US6024340870,73955.0
OGEF,2026-01-05,US4228635945,258786.0
OGEF,2026-01-05,US8567177308,282713.0
OGEF,2026-01-05,US4303577046,989826.0
OGEF,2026-01-05,HK3628084815,1259419.0
OGEF,2026-01-05,HK6338245649,4601624.0
OGEF,2026-01-05,HK4834475453,1601630.0
OGEF,2026-01-05,IE8257095800,48549.0
OGEF,2026-01-06,GB2368667185,409298.0
OGEF,2026-01-06,GB0160212448,324842.0
OGEF,2026-01-06,GB6447248705,3188670.0
OGEF,2026-01-06,GB2501868976,156597.0
OGEF,2026-01-06,GB6133195451,603699.0
OGEF,2026-01-06,GB7302891883,314478.0
OGEF,2026-01-06,DE4552803383,413517.0
OGEF,2026-01-06,DE7056432905,238967.0
OGEF,2026-01-06,DE7480626124,34098.0
OGEF,2026-01-06,NL0596319520,157057.0
OGEF,2026-01-06,NL4852030145,181908.0
OGEF,2026-01-06,NL6300628747,288968.0
OGEF,2026-01-06,US6712394756,39303.0
OGEF,2026-01-06,US4191048029,15518.0
OGEF,2026-01-06,US4971148942,121634.0
OGEF,2026-01-06,US7945940377,72273.0
OGEF,2026-01-06,US0070927971,21188.0
OGEF,2026-01-06,US0520962626,55966.0
OGEF,2026-01-06,US0604849957,14789.0
OGEF,2026-01-06,US6024340870,73955.0
OGEF,2026-01-06,US4228635945,258786.0
OGEF,2026-01-06,US8567177308,282713.0
OGEF,2026-01-06,US4303577046,989826.0
OGEF,2026-01-06,HK3628084815,1259419.0
OGEF,2026-01-06,HK6338245649,4601624.0
OGEF,2026-01-06,HK4834475453,1601630.0
OGEF,2026-01-06,IE8257095800,48549.0
OGEF,2026-01-07,GB2368667185,409298.0
OGEF,2026-01-07,GB0160212448,324842.0
OGEF,2026-01-07,GB6447248705,3188670.0
OGEF,2026-01-07,GB2501868976,156597.0
OGEF,2026-01-07,GB6133195451,603699.0
OGEF,2026-01-07,GB7302891883,314478.0
OGEF,2026-01-07,DE4552803383,413517.0
OGEF,2026-01-07,DE7056432905,238967.0
OGEF,2026-01-07,DE7480626124,34098.0
OGEF,2026-01-07,NL0596319520,157057.0
OGEF,2026-01-07,NL4852030145,181908.0
OGEF,2026-01-07,NL6300628747,288968.0
OGEF,2026-01-07,US6712394756,39303.0
OGEF,2026-01-07,US4191048029,15518.0
OGEF,2026-01-07,US4971148942,121634.0
OGEF,2026-01-07,US7945940377,72273.0
OGEF,2026-01-07,US0070927971,21188.0
OGEF,2026-01-07,US0520962626,55966.0
OGEF,2026-01-07,US0604849957,14789.0
OGEF,2026-01-07,US6024340870,73955.0
OGEF,2026-01-07,US4228635945,258786.0
OGEF,2026-01-07,US8567177308,282713.0
OGEF,2026-01-07,US4303577046,989826.0
OGEF,2026-01-07,HK3628084815,1259419.0
OGEF,2026-01-07,HK6338245649,4601624.0
OGEF,2026-01-07,HK4834475453,1601630.0
OGEF,2026-01-07,IE8257095800,48549.0
OGEF,2026-01-08,GB2368667185,409298.0
OGEF,2026-01-08,GB0160212448,324842.0
OGEF,2026-01-08,GB6447248705,3188670.0
OGEF,2026-01-08,GB2501868976,156597.0
OGEF,2026-01-08,GB6133195451,603699.0
OGEF,2026-01-08,GB7302891883,314478.0
OGEF,2026-01-08,DE4552803383,413517.0
OGEF,2026-01-08,DE7056432905,238967.0
OGEF,2026-01-08,DE7480626124,34098.0
OGEF,2026-01-08,NL0596319520,157057.0
OGEF,2026-01-08,NL4852030145,181908.0
OGEF,2026-01-08,NL6300628747,288968.0
OGEF,2026-01-08,US6712394756,39303.0
OGEF,2026-01-08,US4191048029,15518.0
OGEF,2026-01-08,US4971148942,121634.0
OGEF,2026-01-08,US7945940377,72273.0
OGEF,2026-01-08,US0070927971,21188.0
OGEF,2026-01-08,US0520962626,55966.0
OGEF,2026-01-08,US0604849957,14789.0
OGEF,2026-01-08,US6024340870,73955.0
OGEF,2026-01-08,US4228635945,258786.0
OGEF,2026-01-08,US8567177308,282713.0
OGEF,2026-01-08,US4303577046,989826.0
OGEF,2026-01-08,HK3628084815,1259419.0
OGEF,2026-01-08,HK6338245649,4601624.0
OGEF,2026-01-08,HK4834475453,1601630.0
OGEF,2026-01-08,IE8257095800,48549.0
OGEF,2026-01-09,GB2368667185,409298.0
OGEF,2026-01-09,GB0160212448,324842.0
OGEF,2026-01-09,GB6447248705,3188670.0
OGEF,2026-01-09,GB2501868976,156597.0
OGEF,2026-01-09,GB6133195451,603699.0
OGEF,2026-01-09,GB7302891883,314478.0
OGEF,2026-01-09,DE4552803383,413517.0
OGEF,2026-01-09,DE7056432905,238967.0
OGEF,2026-01-09,DE7480626124,34098.0
OGEF,2026-01-09,NL0596319520,157057.0
OGEF,2026-01-09,NL4852030145,181908.0
OGEF,2026-01-09,NL6300628747,288968.0
OGEF,2026-01-09,US6712394756,39303.0
OGEF,2026-01-09,US4191048029,15518.0
OGEF,2026-01-09,US4971148942,121634.0
OGEF,2026-01-09,US7945940377,72273.0
OGEF,2026-01-09,US0070927971,21188.0
OGEF,2026-01-09,US0520962626,55966.0
OGEF,2026-01-09,US0604849957,14789.0
OGEF,2026-01-09,US6024340870,73955.0
OGEF,2026-01-09,US4228635945,258786.0
OGEF,2026-01-09,US8567177308,282713.0
OGEF,2026-01-09,US4303577046,989826.0
OGEF,2026-01-09,HK3628084815,1259419.0
OGEF,2026-01-09,HK6338245649,4601624.0
OGEF,2026-01-09,HK4834475453,1601630.0
OGEF,2026-01-09,IE8257095800,48549.0
OGEF,2026-01-12,GB2368667185,409298.0
OGEF,2026-01-12,GB0160212448,324842.0
OGEF,2026-01-12,GB6447248705,3188670.0
OGEF,2026-01-12,GB2501868976,156597.0
OGEF,2026-01-12,GB6133195451,603699.0
OGEF,2026-01-12,GB7302891883,314478.0
OGEF,2026-01-12,DE4552803383,413517.0
OGEF,2026-01-12,DE7056432905,238967.0
OGEF,2026-01-12,DE7480626124,34098.0
OGEF,2026-01-12,NL0596319520,157057.0
OGEF,2026-01-12,NL4852030145,181908.0
OGEF,2026-01-12,NL6300628747,288968.0
OGEF,2026-01-12,US6712394756,39303.0
OGEF,2026-01-12,US4191048029,15518.0
OGEF,2026-01-12,US4971148942,121634.0
OGEF,2026-01-12,US7945940377,72273.0
OGEF,2026-01-12,US0070927971,21188.0
OGEF,2026-01-12,US0520962626,55966.0
OGEF,2026-01-12,US0604849957,14789.0
OGEF,2026-01-12,US6024340870,73955.0
OGEF,2026-01-12,US4228635945,258786.0
OGEF,2026-01-12,US8567177308,282713.0
OGEF,2026-01-12,US4303577046,989826.0
OGEF,2026-01-12,HK3628084815,1259419.0
OGEF,2026-01-12,HK6338245649,4601624.0
OGEF,2026-01-12,HK4834475453,1601630.0
OGEF,2026-01-12,IE8257095800,48549.0
OGEF,2026-01-13,GB2368667185,409298.0
OGEF,2026-01-13,GB0160212448,324842.0
OGEF,2026-01-13,GB6447248705,3188670.0
OGEF,2026-01-13,GB2501868976,156597.0
OGEF,2026-01-13,GB6133195451,603699.0
OGEF,2026-01-13,GB7302891883,314478.0
OGEF,2026-01-13,DE4552803383,413517.0
OGEF,2026-01-13,DE7056432905,238967.0
OGEF,2026-01-13,DE7480626124,34098.0
OGEF,2026-01-13,NL0596319520,157057.0
OGEF,2026-01-13,NL4852030145,181908.0
OGEF,2026-01-13,NL6300628747,288968.0
OGEF,2026-01-13,US6712394756,39303.0
OGEF,2026-01-13,US4191048029,15518.0
OGEF,2026-01-13,US4971148942,121634.0
OGEF,2026-01-13,US7945940377,72273.0
OGEF,2026-01-13,US0070927971,21188.0
OGEF,2026-01-13,US0520962626,55966.0
OGEF,2026-01-13,US0604849957,14789.0
OGEF,2026-01-13,US6024340870,73955.0
OGEF,2026-01-13,US4228635945,258786.0
OGEF,2026-01-13,US8567177308,282713.0
OGEF,2026-01-13,US4303577046,989826.0
OGEF,2026-01-13,HK3628084815,1259419.0
OGEF,2026-01-13,HK6338245649,4601624.0
OGEF,2026-01-13,HK4834475453,1601630.0
OGEF,2026-01-13,IE8257095800,48549.0
OGEF,2026-01-14,GB2368667185,409298.0
OGEF,2026-01-14,GB0160212448,324842.0
OGEF,2026-01-14,GB6447248705,3188670.0
OGEF,2026-01-14,GB2501868976,156597.0
OGEF,2026-01-14,GB6133195451,603699.0
OGEF,2026-01-14,GB7302891883,314478.0
OGEF,2026-01-14,DE4552803383,413517.0
OGEF,2026-01-14,DE7056432905,238967.0
OGEF,2026-01-14,DE7480626124,34098.0
OGEF,2026-01-14,NL0596319520,157057.0
OGEF,2026-01-14,NL4852030145,181908.0
OGEF,2026-01-14,NL6300628747,288968.0
OGEF,2026-01-14,US6712394756,39303.0
OGEF,2026-01-14,US4191048029,15518.0
OGEF,2026-01-14,US4971148942,121634.0
OGEF,2026-01-14,US7945940377,72273.0
OGEF,2026-01-14,US0070927971,21188.0
OGEF,2026-01-14,US0520962626,55966.0
OGEF,2026-01-14,US0604849957,14789.0
OGEF,2026-01-14,US6024340870,73955.0
OGEF,2026-01-14,US4228635945,258786.0
OGEF,2026-01-14,US8567177308,282713.0
OGEF,2026-01-14,US4303577046,989826.0
OGEF,2026-01-14,HK3628084815,1259419.0
OGEF,2026-01-14,HK6338245649,4601624.0
OGEF,2026-01-14,HK4834475453,1601630.0
OGEF,2026-01-14,IE8257095800,48549.0
OGEF,2026-01-15,GB2368667185,409298.0
OGEF,2026-01-15,GB0160212448,324842.0
OGEF,2026-01-15,GB6447248705,3188670.0
OGEF,2026-01-15,GB2501868976,156597.0
OGEF,2026-01-15,GB6133195451,603699.0
OGEF,2026-01-15,GB7302891883,314478.0
OGEF,2026-01-15,DE4552803383,413517.0
OGEF,2026-01-15,DE7056432905,238967.0
OGEF,2026-01-15,DE7480626124,34098.0
OGEF,2026-01-15,NL0596319520,157057.0
OGEF,2026-01-15,NL4852030145,181908.0
OGEF,2026-01-15,NL6300628747,288968.0
OGEF,2026-01-15,US6712394756,39303.0
OGEF,2026-01-15,US4191048029,15518.0
OGEF,2026-01-15,US4971148942,121634.0
OGEF,2026-01-15,US7945940377,72273.0
OGEF,2026-01-15,US0070927971,21188.0
OGEF,2026-01-15,US0520962626,55966.0
OGEF,2026-01-15,US0604849957,14789.0
OGEF,2026-01-15,US6024340870,73955.0
OGEF,2026-01-15,US4228635945,258786.0
OGEF,2026-01-15,US8567177308,282713.0
OGEF,2026-01-15,US4303577046,989826.0
OGEF,2026-01-15,HK3628084815,1259419.0
OGEF,2026-01-15,HK6338245649,4601624.0
OGEF,2026-01-15,HK4834475453,1601630.0
OGEF,2026-01-15,IE8257095800,48549.0
OGEF,2026-01-16,GB2368667185,409298.0
OGEF,2026-01-16,GB0160212448,324842.0
OGEF,2026-01-16,GB6447248705,3188670.0
OGEF,2026-01-16,GB2501868976,156597.0
OGEF,2026-01-16,GB6133195451,603699.0
OGEF,2026-01-16,GB7302891883,314478.0
OGEF,2026-01-16,DE4552803383,413517.0
OGEF,2026-01-16,DE7056432905,238967.0
OGEF,2026-01-16,DE7480626124,34098.0
OGEF,2026-01-16,NL0596319520,157057.0
OGEF,2026-01-16,NL4852030145,181908.0
OGEF,2026-01-16,NL6300628747,288968.0
OGEF,2026-01-16,US6712394756,39303.0
OGEF,2026-01-16,US4191048029,15518.0
OGEF,2026-01-16,US4971148942,121634.0
OGEF,2026-01-16,US7945940377,72273.0
OGEF,2026-01-16,US0070927971,21188.0
OGEF,2026-01-16,US0520962626,55966.0
OGEF,2026-01-16,US0604849957,14789.0
OGEF,2026-01-16,US6024340870,73955.0
OGEF,2026-01-16,US4228635945,258786.0
OGEF,2026-01-16,US8567177308,282713.0
OGEF,2026-01-16,US4303577046,989826.0
OGEF,2026-01-16,HK3628084815,1259419.0
OGEF,2026-01-16,HK6338245649,4601624.0
OGEF,2026-01-16,HK4834475453,1601630.0
OGEF,2026-01-16,IE8257095800,48549.0
OGEF,2026-01-19,GB2368667185,409298.0
OGEF,2026-01-19,GB0160212448,324842.0
OGEF,2026-01-19,GB6447248705,3188670.0
OGEF,2026-01-19,GB2501868976,156597.0
OGEF,2026-01-19,GB6133195451,603699.0
OGEF,2026-01-19,GB7302891883,314478.0
OGEF,2026-01-19,DE4552803383,413517.0
OGEF,2026-01-19,DE7056432905,238967.0
OGEF,2026-01-19,DE7480626124,34098.0
OGEF,2026-01-19,NL0596319520,157057.0
OGEF,2026-01-19,NL4852030145,181908.0
OGEF,2026-01-19,NL6300628747,288968.0
OGEF,2026-01-19,US6712394756,39303.0
OGEF,2026-01-19,US4191048029,15518.0
OGEF,2026-01-19,US4971148942,121634.0
OGEF,2026-01-19,US7945940377,72273.0
OGEF,2026-01-19,US0070927971,21188.0
OGEF,2026-01-19,US0520962626,55966.0
OGEF,2026-01-19,US0604849957,14789.0
OGEF,2026-01-19,US6024340870,73955.0
OGEF,2026-01-19,US4228635945,258786.0
OGEF,2026-01-19,US8567177308,282713.0
OGEF,2026-01-19,US4303577046,989826.0
OGEF,2026-01-19,HK3628084815,1259419.0
OGEF,2026-01-19,HK6338245649,4601624.0
OGEF,2026-01-19,HK4834475453,1601630.0
OGEF,2026-01-19,IE8257095800,48549.0
OGEF,2026-01-20,GB2368667185,409298.0
OGEF,2026-01-20,GB0160212448,324842.0
OGEF,2026-01-20,GB6447248705,3188670.0
OGEF,2026-01-20,GB2501868976,156597.0
OGEF,2026-01-20,GB6133195451,603699.0
OGEF,2026-01-20,GB7302891883,314478.0
OGEF,2026-01-20,DE4552803383,413517.0
OGEF,2026-01-20,DE7056432905,238967.0
OGEF,2026-01-20,DE7480626124,34098.0
OGEF,2026-01-20,NL0596319520,157057.0
OGEF,2026-01-20,NL4852030145,181908.0
OGEF,2026-01-20,NL6300628747,288968.0
OGEF,2026-01-20,US6712394756,39303.0
OGEF,2026-01-20,US4191048029,15518.0
OGEF,2026-01-20,US4971148942,121634.0
OGEF,2026-01-20,US7945940377,72273.0
OGEF,2026-01-20,US0070927971,21188.0
OGEF,2026-01-20,US0520962626,55966.0
OGEF,2026-01-20,US0604849957,14789.0
OGEF,2026-01-20,US6024340870,73955.0
OGEF,2026-01-20,US4228635945,258786.0
OGEF,2026-01-20,US8567177308,282713.0
OGEF,2026-01-20,US4303577046,989826.0
OGEF,2026-01-20,HK3628084815,1259419.0
OGEF,2026-01-20,HK6338245649,4601624.0
OGEF,2026-01-20,HK4834475453,1601630.0
OGEF,2026-01-20,IE8257095800,48549.0
OGEF,2026-01-21,GB2368667185,409298.0
OGEF,2026-01-21,GB0160212448,324842.0
OGEF,2026-01-21,GB6447248705,3188670.0
OGEF,2026-01-21,GB2501868976,156597.0
OGEF,2026-01-21,GB6133195451,603699.0
OGEF,2026-01-21,GB7302891883,314478.0
OGEF,2026-01-21,DE4552803383,413517.0
OGEF,2026-01-21,DE7056432905,238967.0
OGEF,2026-01-21,DE7480626124,34098.0
OGEF,2026-01-21,NL0596319520,157057.0
OGEF,2026-01-21,NL4852030145,181908.0
OGEF,2026-01-21,NL6300628747,288968.0
OGEF,2026-01-21,US6712394756,39303.0
OGEF,2026-01-21,US4191048029,15518.0
OGEF,2026-01-21,US4971148942,121634.0
OGEF,2026-01-21,US7945940377,72273.0
OGEF,2026-01-21,US0070927971,21188.0
OGEF,2026-01-21,US0520962626,55966.0
OGEF,2026-01-21,US0604849957,14789.0
OGEF,2026-01-21,US6024340870,73955.0
OGEF,2026-01-21,US4228635945,258786.0
OGEF,2026-01-21,US8567177308,282713.0
OGEF,2026-01-21,US4303577046,989826.0
OGEF,2026-01-21,HK3628084815,1259419.0
OGEF,2026-01-21,HK6338245649,4601624.0
OGEF,2026-01-21,HK4834475453,1601630.0
OGEF,2026-01-21,IE8257095800,48549.0
OGEF,2026-01-22,GB2368667185,409298.0
OGEF,2026-01-22,GB0160212448,324842.0
OGEF,2026-01-22,GB6447248705,3188670.0
OGEF,2026-01-22,GB2501868976,156597.0
OGEF,2026-01-22,GB6133195451,603699.0
OGEF,2026-01-22,GB7302891883,314478.0
OGEF,2026-01-22,DE4552803383,413517.0
OGEF,2026-01-22,DE7056432905,238967.0
OGEF,2026-01-22,DE7480626124,34098.0
OGEF,2026-01-22,NL0596319520,157057.0
OGEF,2026-01-22,NL4852030145,181908.0
OGEF,2026-01-22,NL6300628747,288968.0
OGEF,2026-01-22,US6712394756,39303.0
OGEF,2026-01-22,US4191048029,15518.0
OGEF,2026-01-22,US4971148942,121634.0
OGEF,2026-01-22,US7945940377,72273.0
OGEF,2026-01-22,US0070927971,21188.0
OGEF,2026-01-22,US0520962626,55966.0
OGEF,2026-01-22,US0604849957,14789.0
OGEF,2026-01-22,US6024340870,73955.0
OGEF,2026-01-22,US4228635945,258786.0
OGEF,2026-01-22,US8567177308,282713.0
OGEF,2026-01-22,US4303577046,989826.0
OGEF,2026-01-22,HK3628084815,1259419.0
OGEF,2026-01-22,HK6338245649,4601624.0
OGEF,2026-01-22,HK4834475453,1601630.0
OGEF,2026-01-22,IE8257095800,48549.0
OGEF,2026-01-23,GB2368667185,409298.0
OGEF,2026-01-23,GB0160212448,324842.0
OGEF,2026-01-23,GB6447248705,3188670.0
OGEF,2026-01-23,GB2501868976,156597.0
OGEF,2026-01-23,GB6133195451,603699.0
OGEF,2026-01-23,GB7302891883,314478.0
OGEF,2026-01-23,DE4552803383,413517.0
OGEF,2026-01-23,DE7056432905,238967.0
OGEF,2026-01-23,DE7480626124,34098.0
OGEF,2026-01-23,NL0596319520,157057.0
OGEF,2026-01-23,NL4852030145,181908.0
OGEF,2026-01-23,NL6300628747,288968.0
OGEF,2026-01-23,US6712394756,39303.0
OGEF,2026-01-23,US4191048029,15518.0
OGEF,2026-01-23,US4971148942,121634.0
OGEF,2026-01-23,US7945940377,72273.0
OGEF,2026-01-23,US0070927971,21188.0
OGEF,2026-01-23,US0520962626,55966.0
OGEF,2026-01-23,US0604849957,14789.0
OGEF,2026-01-23,US6024340870,73955.0
OGEF,2026-01-23,US4228635945,258786.0
OGEF,2026-01-23,US8567177308,282713.0
OGEF,2026-01-23,US4303577046,989826.0
OGEF,2026-01-23,HK3628084815,1259419.0
OGEF,2026-01-23,HK6338245649,4601624.0
OGEF,2026-01-23,HK4834475453,1601630.0
OGEF,2026-01-23,IE8257095800,48549.0
OGEF,2026-01-26,GB2368667185,409298.0
OGEF,2026-01-26,GB0160212448,324842.0
OGEF,2026-01-26,GB6447248705,3188670.0
OGEF,2026-01-26,GB2501868976,156597.0
OGEF,2026-01-26,GB6133195451,603699.0
OGEF,2026-01-26,GB7302891883,314478.0
OGEF,2026-01-26,DE4552803383,413517.0
OGEF,2026-01-26,DE7056432905,238967.0
OGEF,2026-01-26,DE7480626124,34098.0
OGEF,2026-01-26,NL0596319520,157057.0
OGEF,2026-01-26,NL4852030145,181908.0
OGEF,2026-01-26,NL6300628747,288968.0
OGEF,2026-01-26,US6712394756,39303.0
OGEF,2026-01-26,US4191048029,15518.0
OGEF,2026-01-26,US4971148942,121634.0
OGEF,2026-01-26,US7945940377,72273.0
OGEF,2026-01-26,US0070927971,21188.0
OGEF,2026-01-26,US0520962626,55966.0
OGEF,2026-01-26,US0604849957,14789.0
OGEF,2026-01-26,US6024340870,73955.0
OGEF,2026-01-26,US4228635945,258786.0
OGEF,2026-01-26,US8567177308,282713.0
OGEF,2026-01-26,US4303577046,989826.0
OGEF,2026-01-26,HK3628084815,1259419.0
OGEF,2026-01-26,HK6338245649,4601624.0
OGEF,2026-01-26,HK4834475453,1601630.0
OGEF,2026-01-26,IE8257095800,48549.0
OGEF,2026-01-27,GB2368667185,409298.0
OGEF,2026-01-27,GB0160212448,324842.0
OGEF,2026-01-27,GB6447248705,3188670.0
OGEF,2026-01-27,GB2501868976,156597.0
OGEF,2026-01-27,GB6133195451,603699.0
OGEF,2026-01-27,GB7302891883,314478.0
OGEF,2026-01-27,DE4552803383,413517.0
OGEF,2026-01-27,DE7056432905,238967.0
OGEF,2026-01-27,DE7480626124,34098.0
OGEF,2026-01-27,NL0596319520,157057.0
OGEF,2026-01-27,NL4852030145,181908.0
OGEF,2026-01-27,NL6300628747,288968.0
OGEF,2026-01-27,US6712394756,39303.0
OGEF,2026-01-27,US4191048029,15518.0
OGEF,2026-01-27,US4971148942,121634.0
OGEF,2026-01-27,US7945940377,72273.0
OGEF,2026-01-27,US0070927971,21188.0
OGEF,2026-01-27,US0520962626,55966.0
OGEF,2026-01-27,US0604849957,14789.0
OGEF,2026-01-27,US6024340870,73955.0
OGEF,2026-01-27,US4228635945,258786.0
OGEF,2026-01-27,US8567177308,282713.0
OGEF,2026-01-27,US4303577046,989826.0
OGEF,2026-01-27,HK3628084815,1259419.0
OGEF,2026-01-27,HK6338245649,4601624.0
OGEF,2026-01-27,HK4834475453,1601630.0
OGEF,2026-01-27,IE8257095800,48549.0
OGEF,2026-01-28,GB2368667185,409298.0
OGEF,2026-01-28,GB0160212448,324842.0
OGEF,2026-01-28,GB6447248705,3188670.0
OGEF,2026-01-28,GB2501868976,156597.0
OGEF,2026-01-28,GB6133195451,603699.0
OGEF,2026-01-28,GB7302891883,314478.0
OGEF,2026-01-28,DE4552803383,413517.0
OGEF,2026-01-28,DE7056432905,238967.0
OGEF,2026-01-28,DE7480626124,34098.0
OGEF,2026-01-28,NL0596319520,157057.0
OGEF,2026-01-28,NL4852030145,181908.0
OGEF,2026-01-28,NL6300628747,288968.0
OGEF,2026-01-28,US6712394756,39303.0
OGEF,2026-01-28,US4191048029,15518.0
OGEF,2026-01-28,US4971148942,121634.0
OGEF,2026-01-28,US7945940377,72273.0
OGEF,2026-01-28,US0070927971,21188.0
OGEF,2026-01-28,US0520962626,55966.0
OGEF,2026-01-28,US0604849957,14789.0
OGEF,2026-01-28,US6024340870,73955.0
OGEF,2026-01-28,US4228635945,258786.0
OGEF,2026-01-28,US8567177308,282713.0
OGEF,2026-01-28,US4303577046,989826.0
OGEF,2026-01-28,HK3628084815,1259419.0
OGEF,2026-01-28,HK6338245649,4601624.0
OGEF,2026-01-28,HK4834475453,1601630.0
OGEF,2026-01-28,IE8257095800,48549.0
OGEF,2026-01-29,GB2368667185,409298.0
OGEF,2026-01-29,GB0160212448,324842.0
OGEF,2026-01-29,GB6447248705,3188670.0
OGEF,2026-01-29,GB2501868976,156597.0
OGEF,2026-01-29,GB6133195451,603699.0
OGEF,2026-01-29,GB7302891883,314478.0
OGEF,2026-01-29,DE4552803383,413517.0
OGEF,2026-01-29,DE7056432905,238967.0
OGEF,2026-01-29,DE7480626124,34098.0
OGEF,2026-01-29,NL0596319520,157057.0
OGEF,2026-01-29,NL4852030145,181908.0
OGEF,2026-01-29,NL6300628747,288968.0
OGEF,2026-01-29,US6712394756,39303.0
OGEF,2026-01-29,US4191048029,15518.0
OGEF,2026-01-29,US4971148942,121634.0
OGEF,2026-01-29,US7945940377,72273.0
OGEF,2026-01-29,US0070927971,21188.0
OGEF,2026-01-29,US0520962626,55966.0
OGEF,2026-01-29,US0604849957,14789.0
OGEF,2026-01-29,US6024340870,73955.0
OGEF,2026-01-29,US4228635945,258786.0
OGEF,2026-01-29,US8567177308,282713.0
OGEF,2026-01-29,US4303577046,989826.0
OGEF,2026-01-29,HK3628084815,1259419.0
OGEF,2026-01-29,HK6338245649,4601624.0
OGEF,2026-01-29,HK4834475453,1601630.0
OGEF,2026-01-29,IE8257095800,48549.0
OGEF,2026-01-30,GB2368667185,409298.0
OGEF,2026-01-30,GB0160212448,324842.0
OGEF,2026-01-30,GB6447248705,3188670.0
OGEF,2026-01-30,GB2501868976,156597.0
OGEF,2026-01-30,GB6133195451,603699.0
OGEF,2026-01-30,GB7302891883,314478.0
OGEF,2026-01-30,DE4552803383,386967.0
OGEF,2026-01-30,DE7056432905,238967.0
OGEF,2026-01-30,DE7480626124,34098.0
OGEF,2026-01-30,NL0596319520,148940.0
OGEF,2026-01-30,NL4852030145,181908.0
OGEF,2026-01-30,NL6300628747,288968.0
OGEF,2026-01-30,US6712394756,37907.0
OGEF,2026-01-30,US4191048029,15518.0
OGEF,2026-01-30,US4971148942,121634.0
OGEF,2026-01-30,US7945940377,72273.0
OGEF,2026-01-30,US0070927971,21188.0
OGEF,2026-01-30,US0520962626,55966.0
OGEF,2026-01-30,US0604849957,14789.0
OGEF,2026-01-30,US6024340870,73955.0
OGEF,2026-01-30,US4228635945,258786.0
OGEF,2026-01-30,US8567177308,282713.0
OGEF,2026-01-30,US4303577046,989826.0
OGEF,2026-01-30,HK3628084815,1259419.0
OGEF,2026-01-30,HK6338245649,4601624.0
OGEF,2026-01-30,HK4834475453,1601630.0
OGEF,2026-01-30,IE8257095800,48549.0
OGEF,2026-02-02,GB2368667185,409298.0
OGEF,2026-02-02,GB0160212448,324842.0
OGEF,2026-02-02,GB6447248705,3188670.0
OGEF,2026-02-02,GB2501868976,156597.0
OGEF,2026-02-02,GB6133195451,603699.0
OGEF,2026-02-02,GB7302891883,314478.0
OGEF,2026-02-02,DE4552803383,386967.0
OGEF,2026-02-02,DE7056432905,238967.0
OGEF,2026-02-02,DE7480626124,34098.0
OGEF,2026-02-02,NL0596319520,148940.0
OGEF,2026-02-02,NL4852030145,181908.0
OGEF,2026-02-02,NL6300628747,288968.0
OGEF,2026-02-02,US6712394756,37907.0
OGEF,2026-02-02,US4191048029,15518.0
OGEF,2026-02-02,US4971148942,121634.0
OGEF,2026-02-02,US7945940377,72273.0
OGEF,2026-02-02,US0070927971,21188.0
OGEF,2026-02-02,US0520962626,55966.0
OGEF,2026-02-02,US0604849957,14789.0
OGEF,2026-02-02,US6024340870,73955.0
OGEF,2026-02-02,US4228635945,258786.0
OGEF,2026-02-02,US8567177308,282713.0
OGEF,2026-02-02,US4303577046,989826.0
OGEF,2026-02-02,HK3628084815,1259419.0
OGEF,2026-02-02,HK6338245649,4601624.0
OGEF,2026-02-02,HK4834475453,1601630.0
OGEF,2026-02-02,IE8257095800,48549.0
OGEF,2026-02-03,GB2368667185,409298.0
OGEF,2026-02-03,GB0160212448,324842.0
OGEF,2026-02-03,GB6447248705,3188670.0
OGEF,2026-02-03,GB2501868976,156597.0
OGEF,2026-02-03,GB6133195451,603699.0
OGEF,2026-02-03,GB7302891883,314478.0
OGEF,2026-02-03,DE4552803383,386967.0
OGEF,2026-02-03,DE7056432905,238967.0
OGEF,2026-02-03,DE7480626124,34098.0
OGEF,2026-02-03,NL0596319520,148940.0
OGEF,2026-02-03,NL4852030145,181908.0
OGEF,2026-02-03,NL6300628747,288968.0
OGEF,2026-02-03,US6712394756,37907.0
OGEF,2026-02-03,US4191048029,15518.0
OGEF,2026-02-03,US4971148942,121634.0
OGEF,2026-02-03,US7945940377,72273.0
OGEF,2026-02-03,US0070927971,21188.0
OGEF,2026-02-03,US0520962626,55966.0
OGEF,2026-02-03,US0604849957,14789.0
OGEF,2026-02-03,US6024340870,73955.0
OGEF,2026-02-03,US4228635945,258786.0
OGEF,2026-02-03,US8567177308,282713.0
OGEF,2026-02-03,US4303577046,989826.0
OGEF,2026-02-03,HK3628084815,1259419.0
OGEF,2026-02-03,HK6338245649,4601624.0
OGEF,2026-02-03,HK4834475453,1601630.0
OGEF,2026-02-03,IE8257095800,48549.0
OGEF,2026-02-04,GB2368667185,409298.0
OGEF,2026-02-04,GB0160212448,324842.0
OGEF,2026-02-04,GB6447248705,3188670.0
OGEF,2026-02-04,GB2501868976,156597.0
OGEF,2026-02-04,GB6133195451,603699.0
OGEF,2026-02-04,GB7302891883,314478.0
OGEF,2026-02-04,DE4552803383,386967.0
OGEF,2026-02-04,DE7056432905,238967.0
OGEF,2026-02-04,DE7480626124,34098.0
OGEF,2026-02-04,NL0596319520,148940.0
OGEF,2026-02-04,NL4852030145,181908.0
OGEF,2026-02-04,NL6300628747,288968.0
OGEF,2026-02-04,US6712394756,37907.0
OGEF,2026-02-04,US4191048029,15518.0
OGEF,2026-02-04,US4971148942,121634.0
OGEF,2026-02-04,US7945940377,72273.0
OGEF,2026-02-04,US0070927971,21188.0
OGEF,2026-02-04,US0520962626,55966.0
OGEF,2026-02-04,US0604849957,14789.0
OGEF,2026-02-04,US6024340870,73955.0
OGEF,2026-02-04,US4228635945,258786.0
OGEF,2026-02-04,US8567177308,282713.0
OGEF,2026-02-04,US4303577046,989826.0
OGEF,2026-02-04,HK3628084815,1259419.0
OGEF,2026-02-04,HK6338245649,4601624.0
OGEF,2026-02-04,HK4834475453,1601630.0
OGEF,2026-02-04,IE8257095800,48549.0
OGEF,2026-02-05,GB2368667185,409298.0
OGEF,2026-02-05,GB0160212448,324842.0
OGEF,2026-02-05,GB6447248705,3188670.0
OGEF,2026-02-05,GB2501868976,156597.0
OGEF,2026-02-05,GB6133195451,603699.0
OGEF,2026-02-05,GB7302891883,314478.0
OGEF,2026-02-05,DE4552803383,386967.0
OGEF,2026-02-05,DE7056432905,238967.0
OGEF,2026-02-05,DE7480626124,34098.0
OGEF,2026-02-05,NL0596319520,148940.0
OGEF,2026-02-05,NL4852030145,181908.0
OGEF,2026-02-05,NL6300628747,288968.0
OGEF,2026-02-05,US6712394756,37907.0
OGEF,2026-02-05,US4191048029,15518.0
OGEF,2026-02-05,US4971148942,121634.0
OGEF,2026-02-05,US7945940377,72273.0
OGEF,2026-02-05,US0070927971,21188.0
OGEF,2026-02-05,US0520962626,55966.0
OGEF,2026-02-05,US0604849957,14789.0
OGEF,2026-02-05,US6024340870,73955.0
OGEF,2026-02-05,US4228635945,258786.0
OGEF,2026-02-05,US8567177308,282713.0
OGEF,2026-02-05,US4303577046,989826.0
OGEF,2026-02-05,HK3628084815,1259419.0
OGEF,2026-02-05,HK6338245649,4601624.0
OGEF,2026-02-05,HK4834475453,1601630.0
OGEF,2026-02-05,IE8257095800,48549.0
OGEF,2026-02-06,GB2368667185,409298.0
OGEF,2026-02-06,GB0160212448,324842.0
OGEF,2026-02-06,GB6447248705,3188670.0
OGEF,2026-02-06,GB2501868976,156597.0
OGEF,2026-02-06,GB6133195451,603699.0
OGEF,2026-02-06,GB7302891883,314478.0
OGEF,2026-02-06,DE4552803383,386967.0
OGEF,2026-02-06,DE7056432905,238967.0
OGEF,2026-02-06,DE7480626124,34098.0
OGEF,2026-02-06,NL0596319520,148940.0
OGEF,2026-02-06,NL4852030145,181908.0
OGEF,2026-02-06,NL6300628747,288968.0
OGEF,2026-02-06,US6712394756,37907.0
OGEF,2026-02-06,US4191048029,15518.0
OGEF,2026-02-06,US4971148942,121634.0
OGEF,2026-02-06,US7945940377,72273.0
OGEF,2026-02-06,US0070927971,21188.0
OGEF,2026-02-06,US0520962626,55966.0
OGEF,2026-02-06,US0604849957,14789.0
OGEF,2026-02-06,US6024340870,73955.0
OGEF,2026-02-06,US4228635945,258786.0
OGEF,2026-02-06,US8567177308,282713.0
OGEF,2026-02-06,US4303577046,989826.0
OGEF,2026-02-06,HK3628084815,1259419.0
OGEF,2026-02-06,HK6338245649,4601624.0
OGEF,2026-02-06,HK4834475453,1601630.0
OGEF,2026-02-06,IE8257095800,48549.0
OGEF,2026-02-09,GB2368667185,409298.0
OGEF,2026-02-09,GB0160212448,324842.0
OGEF,2026-02-09,GB6447248705,3188670.0
OGEF,2026-02-09,GB2501868976,156597.0
OGEF,2026-02-09,GB6133195451,603699.0
OGEF,2026-02-09,GB7302891883,314478.0
OGEF,2026-02-09,DE4552803383,386967.0
OGEF,2026-02-09,DE7056432905,238967.0
OGEF,2026-02-09,DE7480626124,34098.0
OGEF,2026-02-09,NL0596319520,148940.0
OGEF,2026-02-09,NL4852030145,181908.0
OGEF,2026-02-09,NL6300628747,288968.0
OGEF,2026-02-09,US6712394756,37907.0
OGEF,2026-02-09,US4191048029,15518.0
OGEF,2026-02-09,US4971148942,121634.0
OGEF,2026-02-09,US7945940377,72273.0
OGEF,2026-02-09,US0070927971,21188.0
OGEF,2026-02-09,US0520962626,55966.0
OGEF,2026-02-09,US0604849957,14789.0
OGEF,2026-02-09,US6024340870,73955.0
OGEF,2026-02-09,US4228635945,258786.0
OGEF,2026-02-09,US8567177308,282713.0
OGEF,2026-02-09,US4303577046,989826.0
OGEF,2026-02-09,HK3628084815,1259419.0
OGEF,2026-02-09,HK6338245649,4601624.0
OGEF,2026-02-09,HK4834475453,1601630.0
OGEF,2026-02-09,IE8257095800,48549.0
OGEF,2026-02-10,GB2368667185,409298.0
OGEF,2026-02-10,GB0160212448,324842.0
OGEF,2026-02-10,GB6447248705,3188670.0
OGEF,2026-02-10,GB2501868976,156597.0
OGEF,2026-02-10,GB6133195451,603699.0
OGEF,2026-02-10,GB7302891883,314478.0
OGEF,2026-02-10,DE4552803383,386967.0
OGEF,2026-02-10,DE7056432905,238967.0
OGEF,2026-02-10,DE7480626124,34098.0
OGEF,2026-02-10,NL0596319520,148940.0
OGEF,2026-02-10,NL4852030145,181908.0
OGEF,2026-02-10,NL6300628747,288968.0
OGEF,2026-02-10,US6712394756,37907.0
OGEF,2026-02-10,US4191048029,15518.0
OGEF,2026-02-10,US4971148942,121634.0
OGEF,2026-02-10,US7945940377,72273.0
OGEF,2026-02-10,US0070927971,21188.0
OGEF,2026-02-10,US0520962626,55966.0
OGEF,2026-02-10,US0604849957,14789.0
OGEF,2026-02-10,US6024340870,73955.0
OGEF,2026-02-10,US4228635945,258786.0
OGEF,2026-02-10,US8567177308,282713.0
OGEF,2026-02-10,US4303577046,989826.0
OGEF,2026-02-10,HK3628084815,1259419.0
OGEF,2026-02-10,HK6338245649,4601624.0
OGEF,2026-02-10,HK4834475453,1601630.0
OGEF,2026-02-10,IE8257095800,48549.0
OGEF,2026-02-11,GB2368667185,409298.0
OGEF,2026-02-11,GB0160212448,324842.0
OGEF,2026-02-11,GB6447248705,3188670.0
OGEF,2026-02-11,GB2501868976,156597.0
OGEF,2026-02-11,GB6133195451,603699.0
OGEF,2026-02-11,GB7302891883,314478.0
OGEF,2026-02-11,DE4552803383,386967.0
OGEF,2026-02-11,DE7056432905,238967.0
OGEF,2026-02-11,DE7480626124,34098.0
OGEF,2026-02-11,NL0596319520,148940.0
OGEF,2026-02-11,NL4852030145,181908.0
OGEF,2026-02-11,NL6300628747,288968.0
OGEF,2026-02-11,US6712394756,37907.0
OGEF,2026-02-11,US4191048029,15518.0
OGEF,2026-02-11,US4971148942,121634.0
OGEF,2026-02-11,US7945940377,72273.0
OGEF,2026-02-11,US0070927971,21188.0
OGEF,2026-02-11,US0520962626,55966.0
OGEF,2026-02-11,US0604849957,14789.0
OGEF,2026-02-11,US6024340870,73955.0
OGEF,2026-02-11,US4228635945,258786.0
OGEF,2026-02-11,US8567177308,282713.0
OGEF,2026-02-11,US4303577046,989826.0
OGEF,2026-02-11,HK3628084815,1259419.0
OGEF,2026-02-11,HK6338245649,4601624.0
OGEF,2026-02-11,HK4834475453,1601630.0
OGEF,2026-02-11,IE8257095800,48549.0
OGEF,2026-02-12,GB2368667185,409298.0
OGEF,2026-02-12,GB0160212448,324842.0
OGEF,2026-02-12,GB6447248705,3188670.0
OGEF,2026-02-12,GB2501868976,156597.0
OGEF,2026-02-12,GB6133195451,603699.0
OGEF,2026-02-12,GB7302891883,314478.0
OGEF,2026-02-12,DE4552803383,386967.0
OGEF,2026-02-12,DE7056432905,238967.0
OGEF,2026-02-12,DE7480626124,34098.0
OGEF,2026-02-12,NL0596319520,148940.0
OGEF,2026-02-12,NL4852030145,181908.0
OGEF,2026-02-12,NL6300628747,288968.0
OGEF,2026-02-12,US6712394756,37907.0
OGEF,2026-02-12,US4191048029,15518.0
OGEF,2026-02-12,US4971148942,121634.0
OGEF,2026-02-12,US7945940377,72273.0
OGEF,2026-02-12,US0070927971,21188.0
OGEF,2026-02-12,US0520962626,55966.0
OGEF,2026-02-12,US0604849957,14789.0
OGEF,2026-02-12,US6024340870,73955.0
OGEF,2026-02-12,US4228635945,258786.0
OGEF,2026-02-12,US8567177308,282713.0
OGEF,2026-02-12,US4303577046,989826.0
OGEF,2026-02-12,HK3628084815,1259419.0
OGEF,2026-02-12,HK6338245649,4601624.0
OGEF,2026-02-12,HK4834475453,1601630.0
OGEF,2026-02-12,IE8257095800,48549.0
OGEF,2026-02-13,GB2368667185,409298.0
OGEF,2026-02-13,GB0160212448,324842.0
OGEF,2026-02-13,GB6447248705,3188670.0
OGEF,2026-02-13,GB2501868976,156597.0
OGEF,2026-02-13,GB6133195451,603699.0
OGEF,2026-02-13,GB7302891883,314478.0
OGEF,2026-02-13,DE4552803383,386967.0
OGEF,2026-02-13,DE7056432905,238967.0
OGEF,2026-02-13,DE7480626124,34098.0
OGEF,2026-02-13,NL0596319520,148940.0
OGEF,2026-02-13,NL4852030145,181908.0
OGEF,2026-02-13,NL6300628747,288968.0
OGEF,2026-02-13,US6712394756,37907.0
OGEF,2026-02-13,US4191048029,15518.0
OGEF,2026-02-13,US4971148942,121634.0
OGEF,2026-02-13,US7945940377,72273.0
OGEF,2026-02-13,US0070927971,21188.0
OGEF,2026-02-13,US0520962626,55966.0
OGEF,2026-02-13,US0604849957,14789.0
OGEF,2026-02-13,US6024340870,73955.0
OGEF,2026-02-13,US4228635945,258786.0
OGEF,2026-02-13,US8567177308,282713.0
OGEF,2026-02-13,US4303577046,989826.0
OGEF,2026-02-13,HK3628084815,1259419.0
OGEF,2026-02-13,HK6338245649,4601624.0
OGEF,2026-02-13,HK4834475453,1601630.0
OGEF,2026-02-13,IE8257095800,48549.0
OGEF,2026-02-16,GB2368667185,409298.0
OGEF,2026-02-16,GB0160212448,324842.0
OGEF,2026-02-16,GB6447248705,3188670.0
OGEF,2026-02-16,GB2501868976,156597.0
OGEF,2026-02-16,GB6133195451,603699.0
OGEF,2026-02-16,GB7302891883,314478.0
OGEF,2026-02-16,DE4552803383,386967.0
OGEF,2026-02-16,DE7056432905,238967.0
OGEF,2026-02-16,DE7480626124,34098.0
OGEF,2026-02-16,NL0596319520,148940.0
OGEF,2026-02-16,NL4852030145,181908.0
OGEF,2026-02-16,NL6300628747,288968.0
OGEF,2026-02-16,US6712394756,37907.0
OGEF,2026-02-16,US4191048029,15518.0
OGEF,2026-02-16,US4971148942,121634.0
OGEF,2026-02-16,US7945940377,72273.0
OGEF,2026-02-16,US0070927971,21188.0
OGEF,2026-02-16,US0520962626,55966.0
OGEF,2026-02-16,US0604849957,14789.0
OGEF,2026-02-16,US6024340870,73955.0
OGEF,2026-02-16,US4228635945,258786.0
OGEF,2026-02-16,US8567177308,282713.0
OGEF,2026-02-16,US4303577046,989826.0
OGEF,2026-02-16,HK3628084815,1259419.0
OGEF,2026-02-16,HK6338245649,4601624.0
OGEF,2026-02-16,HK4834475453,1601630.0
OGEF,2026-02-16,IE8257095800,48549.0
OGEF,2026-02-17,GB2368667185,409298.0
OGEF,2026-02-17,GB0160212448,324842.0
OGEF,2026-02-17,GB6447248705,3188670.0
OGEF,2026-02-17,GB2501868976,156597.0
OGEF,2026-02-17,GB6133195451,603699.0
OGEF,2026-02-17,GB7302891883,314478.0
OGEF,2026-02-17,DE4552803383,386967.0
OGEF,2026-02-17,DE7056432905,238967.0
OGEF,2026-02-17,DE7480626124,34098.0
OGEF,2026-02-17,NL0596319520,148940.0
OGEF,2026-02-17,NL4852030145,181908.0
OGEF,2026-02-17,NL6300628747,288968.0
OGEF,2026-02-17,US6712394756,37907.0
OGEF,2026-02-17,US4191048029,15518.0
OGEF,2026-02-17,US4971148942,121634.0
OGEF,2026-02-17,US7945940377,72273.0
OGEF,2026-02-17,US0070927971,21188.0
OGEF,2026-02-17,US0520962626,55966.0
OGEF,2026-02-17,US0604849957,14789.0
OGEF,2026-02-17,US6024340870,73955.0
OGEF,2026-02-17,US4228635945,258786.0
OGEF,2026-02-17,US8567177308,282713.0
OGEF,2026-02-17,US4303577046,989826.0
OGEF,2026-02-17,HK3628084815,1259419.0
OGEF,2026-02-17,HK6338245649,4601624.0
OGEF,2026-02-17,HK4834475453,1601630.0
OGEF,2026-02-17,IE8257095800,48549.0
OGEF,2026-02-18,GB2368667185,409298.0
OGEF,2026-02-18,GB0160212448,324842.0
OGEF,2026-02-18,GB6447248705,3188670.0
OGEF,2026-02-18,GB2501868976,156597.0
OGEF,2026-02-18,GB6133195451,603699.0
OGEF,2026-02-18,GB7302891883,314478.0
OGEF,2026-02-18,DE4552803383,386967.0
OGEF,2026-02-18,DE7056432905,238967.0
OGEF,2026-02-18,DE7480626124,34098.0
OGEF,2026-02-18,NL0596319520,148940.0
OGEF,2026-02-18,NL4852030145,181908.0
OGEF,2026-02-18,NL6300628747,288968.0
OGEF,2026-02-18,US6712394756,37907.0
OGEF,2026-02-18,US4191048029,15518.0
OGEF,2026-02-18,US4971148942,121634.0
OGEF,2026-02-18,US7945940377,72273.0
OGEF,2026-02-18,US0070927971,21188.0
OGEF,2026-02-18,US0520962626,55966.0
OGEF,2026-02-18,US0604849957,14789.0
OGEF,2026-02-18,US6024340870,73955.0
OGEF,2026-02-18,US4228635945,258786.0
OGEF,2026-02-18,US8567177308,282713.0
OGEF,2026-02-18,US4303577046,989826.0
OGEF,2026-02-18,HK3628084815,1259419.0
OGEF,2026-02-18,HK6338245649,4601624.0
OGEF,2026-02-18,HK4834475453,1601630.0
OGEF,2026-02-18,IE8257095800,48549.0
OGEF,2026-02-19,GB2368667185,409298.0
OGEF,2026-02-19,GB0160212448,324842.0
OGEF,2026-02-19,GB6447248705,3188670.0
OGEF,2026-02-19,GB2501868976,156597.0
OGEF,2026-02-19,GB6133195451,603699.0
OGEF,2026-02-19,GB7302891883,314478.0
OGEF,2026-02-19,DE4552803383,386967.0
OGEF,2026-02-19,DE7056432905,238967.0
OGEF,2026-02-19,DE7480626124,34098.0
OGEF,2026-02-19,NL0596319520,148940.0
OGEF,2026-02-19,NL4852030145,181908.0
OGEF,2026-02-19,NL6300628747,288968.0
OGEF,2026-02-19,US6712394756,37907.0
OGEF,2026-02-19,US4191048029,15518.0
OGEF,2026-02-19,US4971148942,121634.0
OGEF,2026-02-19,US7945940377,72273.0
OGEF,2026-02-19,US0070927971,21188.0
OGEF,2026-02-19,US0520962626,55966.0
OGEF,2026-02-19,US0604849957,14789.0
OGEF,2026-02-19,US6024340870,73955.0
OGEF,2026-02-19,US4228635945,258786.0
OGEF,2026-02-19,US8567177308,282713.0
OGEF,2026-02-19,US4303577046,989826.0
OGEF,2026-02-19,HK3628084815,1259419.0
OGEF,2026-02-19,HK6338245649,4601624.0
OGEF,2026-02-19,HK4834475453,1601630.0
OGEF,2026-02-19,IE8257095800,48549.0
OGEF,2026-02-20,GB2368667185,409298.0
OGEF,2026-02-20,GB0160212448,324842.0
OGEF,2026-02-20,GB6447248705,3188670.0
OGEF,2026-02-20,GB2501868976,156597.0
OGEF,2026-02-20,GB6133195451,603699.0
OGEF,2026-02-20,GB7302891883,314478.0
OGEF,2026-02-20,DE4552803383,386967.0
OGEF,2026-02-20,DE7056432905,238967.0
OGEF,2026-02-20,DE7480626124,34098.0
OGEF,2026-02-20,NL0596319520,148940.0
OGEF,2026-02-20,NL4852030145,181908.0
OGEF,2026-02-20,NL6300628747,288968.0
OGEF,2026-02-20,US6712394756,37907.0
OGEF,2026-02-20,US4191048029,15518.0
OGEF,2026-02-20,US4971148942,121634.0
OGEF,2026-02-20,US7945940377,72273.0
OGEF,2026-02-20,US0070927971,21188.0
OGEF,2026-02-20,US0520962626,55966.0
OGEF,2026-02-20,US0604849957,14789.0
OGEF,2026-02-20,US6024340870,73955.0
OGEF,2026-02-20,US4228635945,258786.0
OGEF,2026-02-20,US8567177308,282713.0
OGEF,2026-02-20,US4303577046,989826.0
OGEF,2026-02-20,HK3628084815,1259419.0
OGEF,2026-02-20,HK6338245649,4601624.0
OGEF,2026-02-20,HK4834475453,1601630.0
OGEF,2026-02-20,IE8257095800,48549.0
OGEF,2026-02-23,GB2368667185,409298.0
OGEF,2026-02-23,GB0160212448,324842.0
OGEF,2026-02-23,GB6447248705,3188670.0
OGEF,2026-02-23,GB2501868976,156597.0
OGEF,2026-02-23,GB6133195451,603699.0
OGEF,2026-02-23,GB7302891883,314478.0
OGEF,2026-02-23,DE4552803383,386967.0
OGEF,2026-02-23,DE7056432905,238967.0
OGEF,2026-02-23,DE7480626124,34098.0
OGEF,2026-02-23,NL0596319520,148940.0
OGEF,2026-02-23,NL4852030145,181908.0
OGEF,2026-02-23,NL6300628747,288968.0
OGEF,2026-02-23,US6712394756,37907.0
OGEF,2026-02-23,US4191048029,15518.0
OGEF,2026-02-23,US4971148942,121634.0
OGEF,2026-02-23,US7945940377,72273.0
OGEF,2026-02-23,US0070927971,21188.0
OGEF,2026-02-23,US0520962626,55966.0
OGEF,2026-02-23,US0604849957,14789.0
OGEF,2026-02-23,US6024340870,73955.0
OGEF,2026-02-23,US4228635945,258786.0
OGEF,2026-02-23,US8567177308,282713.0
OGEF,2026-02-23,US4303577046,989826.0
OGEF,2026-02-23,HK3628084815,1259419.0
OGEF,2026-02-23,HK6338245649,4601624.0
OGEF,2026-02-23,HK4834475453,1601630.0
OGEF,2026-02-23,IE8257095800,48549.0
OGEF,2026-02-24,GB2368667185,409298.0
OGEF,2026-02-24,GB0160212448,324842.0
OGEF,2026-02-24,GB6447248705,3188670.0
OGEF,2026-02-24,GB2501868976,156597.0
OGEF,2026-02-24,GB6133195451,603699.0
OGEF,2026-02-24,GB7302891883,314478.0
OGEF,2026-02-24,DE4552803383,386967.0
OGEF,2026-02-24,DE7056432905,238967.0
OGEF,2026-02-24,DE7480626124,34098.0
OGEF,2026-02-24,NL0596319520,148940.0
OGEF,2026-02-24,NL4852030145,181908.0
OGEF,2026-02-24,NL6300628747,288968.0
OGEF,2026-02-24,US6712394756,37907.0
OGEF,2026-02-24,US4191048029,15518.0
OGEF,2026-02-24,US4971148942,121634.0
OGEF,2026-02-24,US7945940377,72273.0
OGEF,2026-02-24,US0070927971,21188.0
OGEF,2026-02-24,US0520962626,55966.0
OGEF,2026-02-24,US0604849957,14789.0
OGEF,2026-02-24,US6024340870,73955.0
OGEF,2026-02-24,US4228635945,258786.0
OGEF,2026-02-24,US8567177308,282713.0
OGEF,2026-02-24,US4303577046,989826.0
OGEF,2026-02-24,HK3628084815,1259419.0
OGEF,2026-02-24,HK6338245649,4601624.0
OGEF,2026-02-24,HK4834475453,1601630.0
OGEF,2026-02-24,IE8257095800,48549.0
OGEF,2026-02-25,GB2368667185,409298.0
OGEF,2026-02-25,GB0160212448,324842.0
OGEF,2026-02-25,GB6447248705,3188670.0
OGEF,2026-02-25,GB2501868976,156597.0
OGEF,2026-02-25,GB6133195451,603699.0
OGEF,2026-02-25,GB7302891883,314478.0
OGEF,2026-02-25,DE4552803383,386967.0
OGEF,2026-02-25,DE7056432905,238967.0
OGEF,2026-02-25,DE7480626124,34098.0
OGEF,2026-02-25,NL0596319520,148940.0
OGEF,2026-02-25,NL4852030145,181908.0
OGEF,2026-02-25,NL6300628747,288968.0
OGEF,2026-02-25,US6712394756,37907.0
OGEF,2026-02-25,US4191048029,15518.0
OGEF,2026-02-25,US4971148942,121634.0
OGEF,2026-02-25,US7945940377,72273.0
OGEF,2026-02-25,US0070927971,21188.0
OGEF,2026-02-25,US0520962626,55966.0
OGEF,2026-02-25,US0604849957,14789.0
OGEF,2026-02-25,US6024340870,73955.0
OGEF,2026-02-25,US4228635945,258786.0
OGEF,2026-02-25,US8567177308,282713.0
OGEF,2026-02-25,US4303577046,989826.0
OGEF,2026-02-25,HK3628084815,1259419.0
OGEF,2026-02-25,HK6338245649,4601624.0
OGEF,2026-02-25,HK4834475453,1601630.0
OGEF,2026-02-25,IE8257095800,48549.0
OGEF,2026-02-26,GB2368667185,409298.0
OGEF,2026-02-26,GB0160212448,324842.0
OGEF,2026-02-26,GB6447248705,3188670.0
OGEF,2026-02-26,GB2501868976,156597.0
OGEF,2026-02-26,GB6133195451,603699.0
OGEF,2026-02-26,GB7302891883,314478.0
OGEF,2026-02-26,DE4552803383,386967.0
OGEF,2026-02-26,DE7056432905,238967.0
OGEF,2026-02-26,DE7480626124,34098.0
OGEF,2026-02-26,NL0596319520,148940.0
OGEF,2026-02-26,NL4852030145,181908.0
OGEF,2026-02-26,NL6300628747,288968.0
OGEF,2026-02-26,US6712394756,37907.0
OGEF,2026-02-26,US4191048029,15518.0
OGEF,2026-02-26,US4971148942,121634.0
OGEF,2026-02-26,US7945940377,72273.0
OGEF,2026-02-26,US0070927971,21188.0
OGEF,2026-02-26,US0520962626,55966.0
OGEF,2026-02-26,US0604849957,14789.0
OGEF,2026-02-26,US6024340870,73955.0
OGEF,2026-02-26,US4228635945,258786.0
OGEF,2026-02-26,US8567177308,282713.0
OGEF,2026-02-26,US4303577046,989826.0
OGEF,2026-02-26,HK3628084815,1259419.0
OGEF,2026-02-26,HK6338245649,4601624.0
OGEF,2026-02-26,HK4834475453,1601630.0
OGEF,2026-02-26,IE8257095800,48549.0
OGEF,2026-02-27,GB2368667185,409298.0
OGEF,2026-02-27,GB0160212448,324842.0
OGEF,2026-02-27,GB6447248705,3188670.0
OGEF,2026-02-27,GB2501868976,156597.0
OGEF,2026-02-27,GB6133195451,603699.0
OGEF,2026-02-27,GB7302891883,314478.0
OGEF,2026-02-27,DE4552803383,386967.0
OGEF,2026-02-27,DE7056432905,238967.0
OGEF,2026-02-27,DE7480626124,34098.0
OGEF,2026-02-27,NL0596319520,148940.0
OGEF,2026-02-27,NL4852030145,181908.0
OGEF,2026-02-27,NL6300628747,288968.0
OGEF,2026-02-27,US6712394756,37907.0
OGEF,2026-02-27,US4191048029,15518.0
OGEF,2026-02-27,US4971148942,121634.0
OGEF,2026-02-27,US7945940377,72273.0
OGEF,2026-02-27,US0070927971,21188.0
OGEF,2026-02-27,US0520962626,55966.0
OGEF,2026-02-27,US0604849957,14789.0
OGEF,2026-02-27,US6024340870,73955.0
OGEF,2026-02-27,US4228635945,258786.0
OGEF,2026-02-27,US8567177308,282713.0
OGEF,2026-02-27,US4303577046,989826.0
OGEF,2026-02-27,HK3628084815,1259419.0
OGEF,2026-02-27,HK6338245649,4601624.0
OGEF,2026-02-27,HK4834475453,1601630.0
OGEF,2026-02-27,IE8257095800,48549.0
OGEF,2026-03-02,GB2368667185,409298.0
OGEF,2026-03-02,GB0160212448,324842.0
OGEF,2026-03-02,GB6447248705,3188670.0
OGEF,2026-03-02,GB2501868976,156597.0
OGEF,2026-03-02,GB6133195451,603699.0
OGEF,2026-03-02,GB7302891883,300861.0
OGEF,2026-03-02,DE4552803383,386967.0
OGEF,2026-03-02,DE7056432905,238967.0
OGEF,2026-03-02,DE7480626124,34098.0
OGEF,2026-03-02,NL0596319520,148940.0
OGEF,2026-03-02,NL4852030145,181908.0
OGEF,2026-03-02,NL6300628747,288968.0
OGEF,2026-03-02,US6712394756,37907.0
OGEF,2026-03-02,US4191048029,15518.0
OGEF,2026-03-02,US4971148942,121634.0
OGEF,2026-03-02,US7945940377,72273.0
OGEF,2026-03-02,US0070927971,21188.0
OGEF,2026-03-02,US0520962626,55966.0
OGEF,2026-03-02,US0604849957,14789.0
OGEF,2026-03-02,US6024340870,73955.0
OGEF,2026-03-02,US4228635945,258786.0
OGEF,2026-03-02,US8567177308,254812.0
OGEF,2026-03-02,US4303577046,989826.0
OGEF,2026-03-02,HK3628084815,1259419.0
OGEF,2026-03-02,HK6338245649,4601624.0
OGEF,2026-03-02,HK4834475453,1601630.0
OGEF,2026-03-02,IE8257095800,52962.0
OGEF,2026-03-03,GB2368667185,409298.0
OGEF,2026-03-03,GB0160212448,324842.0
OGEF,2026-03-03,GB6447248705,3188670.0
OGEF,2026-03-03,GB2501868976,156597.0
OGEF,2026-03-03,GB6133195451,603699.0
OGEF,2026-03-03,GB7302891883,300861.0
OGEF,2026-03-03,DE4552803383,386967.0
OGEF,2026-03-03,DE7056432905,238967.0
OGEF,2026-03-03,DE7480626124,34098.0
OGEF,2026-03-03,NL0596319520,148940.0
OGEF,2026-03-03,NL4852030145,181908.0
OGEF,2026-03-03,NL6300628747,288968.0
OGEF,2026-03-03,US6712394756,37907.0
OGEF,2026-03-03,US4191048029,15518.0
OGEF,2026-03-03,US4971148942,121634.0
OGEF,2026-03-03,US7945940377,72273.0
OGEF,2026-03-03,US0070927971,21188.0
OGEF,2026-03-03,US0520962626,55966.0
OGEF,2026-03-03,US0604849957,14789.0
OGEF,2026-03-03,US6024340870,73955.0
OGEF,2026-03-03,US4228635945,258786.0
OGEF,2026-03-03,US8567177308,254812.0
OGEF,2026-03-03,US4303577046,989826.0
OGEF,2026-03-03,HK3628084815,1259419.0
OGEF,2026-03-03,HK6338245649,4601624.0
OGEF,2026-03-03,HK4834475453,1601630.0
OGEF,2026-03-03,IE8257095800,52962.0
OGEF,2026-03-04,GB2368667185,409298.0
OGEF,2026-03-04,GB0160212448,324842.0
OGEF,2026-03-04,GB6447248705,3188670.0
OGEF,2026-03-04,GB2501868976,156597.0
OGEF,2026-03-04,GB6133195451,603699.0
OGEF,2026-03-04,GB7302891883,300861.0
OGEF,2026-03-04,DE4552803383,386967.0
OGEF,2026-03-04,DE7056432905,238967.0
OGEF,2026-03-04,DE7480626124,34098.0
OGEF,2026-03-04,NL0596319520,148940.0
OGEF,2026-03-04,NL4852030145,181908.0
OGEF,2026-03-04,NL6300628747,288968.0
OGEF,2026-03-04,US6712394756,37907.0
OGEF,2026-03-04,US4191048029,15518.0
OGEF,2026-03-04,US4971148942,121634.0
OGEF,2026-03-04,US7945940377,72273.0
OGEF,2026-03-04,US0070927971,21188.0
OGEF,2026-03-04,US0520962626,55966.0
OGEF,2026-03-04,US0604849957,14789.0
OGEF,2026-03-04,US6024340870,73955.0
OGEF,2026-03-04,US4228635945,258786.0
OGEF,2026-03-04,US8567177308,254812.0
OGEF,2026-03-04,US4303577046,989826.0
OGEF,2026-03-04,HK3628084815,1259419.0
OGEF,2026-03-04,HK6338245649,4601624.0
OGEF,2026-03-04,HK4834475453,1601630.0
OGEF,2026-03-04,IE8257095800,52962.0
OGEF,2026-03-05,GB2368667185,409298.0
OGEF,2026-03-05,GB0160212448,324842.0
OGEF,2026-03-05,GB6447248705,3188670.0
OGEF,2026-03-05,GB2501868976,156597.0
OGEF,2026-03-05,GB6133195451,603699.0
OGEF,2026-03-05,GB7302891883,300861.0
OGEF,2026-03-05,DE4552803383,386967.0
OGEF,2026-03-05,DE7056432905,238967.0
OGEF,2026-03-05,DE7480626124,34098.0
OGEF,2026-03-05,NL0596319520,148940.0
OGEF,2026-03-05,NL4852030145,181908.0
OGEF,2026-03-05,NL6300628747,288968.0
OGEF,2026-03-05,US6712394756,37907.0
OGEF,2026-03-05,US4191048029,15518.0
OGEF,2026-03-05,US4971148942,121634.0
OGEF,2026-03-05,US7945940377,72273.0
OGEF,2026-03-05,US0070927971,21188.0
OGEF,2026-03-05,US0520962626,55966.0
OGEF,2026-03-05,US0604849957,14789.0
OGEF,2026-03-05,US6024340870,73955.0
OGEF,2026-03-05,US4228635945,258786.0
OGEF,2026-03-05,US8567177308,254812.0
OGEF,2026-03-05,US4303577046,989826.0
OGEF,2026-03-05,HK3628084815,1259419.0
OGEF,2026-03-05,HK6338245649,4601624.0
OGEF,2026-03-05,HK4834475453,1601630.0
OGEF,2026-03-05,IE8257095800,52962.0
OGEF,2026-03-06,GB2368667185,409298.0
OGEF,2026-03-06,GB0160212448,324842.0
OGEF,2026-03-06,GB6447248705,3188670.0
OGEF,2026-03-06,GB2501868976,156597.0
OGEF,2026-03-06,GB6133195451,603699.0
OGEF,2026-03-06,GB7302891883,300861.0
OGEF,2026-03-06,DE4552803383,386967.0
OGEF,2026-03-06,DE7056432905,238967.0
OGEF,2026-03-06,DE7480626124,34098.0
OGEF,2026-03-06,NL0596319520,148940.0
OGEF,2026-03-06,NL4852030145,181908.0
OGEF,2026-03-06,NL6300628747,288968.0
OGEF,2026-03-06,US6712394756,37907.0
OGEF,2026-03-06,US4191048029,15518.0
OGEF,2026-03-06,US4971148942,121634.0
OGEF,2026-03-06,US7945940377,72273.0
OGEF,2026-03-06,US0070927971,21188.0
OGEF,2026-03-06,US0520962626,55966.0
OGEF,2026-03-06,US0604849957,14789.0
OGEF,2026-03-06,US6024340870,73955.0
OGEF,2026-03-06,US4228635945,258786.0
OGEF,2026-03-06,US8567177308,254812.0
OGEF,2026-03-06,US4303577046,989826.0
OGEF,2026-03-06,HK3628084815,1259419.0
OGEF,2026-03-06,HK6338245649,4601624.0
OGEF,2026-03-06,HK4834475453,1601630.0
OGEF,2026-03-06,IE8257095800,52962.0
OGEF,2026-03-09,GB2368667185,409298.0
OGEF,2026-03-09,GB0160212448,324842.0
OGEF,2026-03-09,GB6447248705,3188670.0
OGEF,2026-03-09,GB2501868976,156597.0
OGEF,2026-03-09,GB6133195451,603699.0
OGEF,2026-03-09,GB7302891883,300861.0
OGEF,2026-03-09,DE4552803383,386967.0
OGEF,2026-03-09,DE7056432905,238967.0
OGEF,2026-03-09,DE7480626124,34098.0
OGEF,2026-03-09,NL0596319520,148940.0
OGEF,2026-03-09,NL4852030145,181908.0
OGEF,2026-03-09,NL6300628747,288968.0
OGEF,2026-03-09,US6712394756,37907.0
OGEF,2026-03-09,US4191048029,15518.0
OGEF,2026-03-09,US4971148942,121634.0
OGEF,2026-03-09,US7945940377,72273.0
OGEF,2026-03-09,US0070927971,21188.0
OGEF,2026-03-09,US0520962626,55966.0
OGEF,2026-03-09,US0604849957,14789.0
OGEF,2026-03-09,US6024340870,73955.0
OGEF,2026-03-09,US4228635945,258786.0
OGEF,2026-03-09,US8567177308,254812.0
OGEF,2026-03-09,US4303577046,989826.0
OGEF,2026-03-09,HK3628084815,1259419.0
OGEF,2026-03-09,HK6338245649,4601624.0
OGEF,2026-03-09,HK4834475453,1601630.0
OGEF,2026-03-09,IE8257095800,52962.0
OGEF,2026-03-10,GB2368667185,409298.0
OGEF,2026-03-10,GB0160212448,324842.0
OGEF,2026-03-10,GB6447248705,3188670.0
OGEF,2026-03-10,GB2501868976,156597.0
OGEF,2026-03-10,GB6133195451,603699.0
OGEF,2026-03-10,GB7302891883,300861.0
OGEF,2026-03-10,DE4552803383,386967.0
OGEF,2026-03-10,DE7056432905,238967.0
OGEF,2026-03-10,DE7480626124,34098.0
OGEF,2026-03-10,NL0596319520,148940.0
OGEF,2026-03-10,NL4852030145,181908.0
OGEF,2026-03-10,NL6300628747,288968.0
OGEF,2026-03-10,US6712394756,37907.0
OGEF,2026-03-10,US4191048029,15518.0
OGEF,2026-03-10,US4971148942,121634.0
OGEF,2026-03-10,US7945940377,72273.0
OGEF,2026-03-10,US0070927971,21188.0
OGEF,2026-03-10,US0520962626,55966.0
OGEF,2026-03-10,US0604849957,14789.0
OGEF,2026-03-10,US6024340870,73955.0
OGEF,2026-03-10,US4228635945,258786.0
OGEF,2026-03-10,US8567177308,254812.0
OGEF,2026-03-10,US4303577046,989826.0
OGEF,2026-03-10,HK3628084815,1259419.0
OGEF,2026-03-10,HK6338245649,4601624.0
OGEF,2026-03-10,HK4834475453,1601630.0
OGEF,2026-03-10,IE8257095800,52962.0
OGEF,2026-03-11,GB2368667185,409298.0
OGEF,2026-03-11,GB0160212448,324842.0
OGEF,2026-03-11,GB6447248705,3188670.0
OGEF,2026-03-11,GB2501868976,156597.0
OGEF,2026-03-11,GB6133195451,603699.0
OGEF,2026-03-11,GB7302891883,300861.0
OGEF,2026-03-11,DE4552803383,386967.0
OGEF,2026-03-11,DE7056432905,238967.0
OGEF,2026-03-11,DE7480626124,34098.0
OGEF,2026-03-11,NL0596319520,148940.0
OGEF,2026-03-11,NL4852030145,181908.0
OGEF,2026-03-11,NL6300628747,288968.0
OGEF,2026-03-11,US6712394756,37907.0
OGEF,2026-03-11,US4191048029,15518.0
OGEF,2026-03-11,US4971148942,121634.0
OGEF,2026-03-11,US7945940377,72273.0
OGEF,2026-03-11,US0070927971,21188.0
OGEF,2026-03-11,US0520962626,55966.0
OGEF,2026-03-11,US0604849957,14789.0
OGEF,2026-03-11,US6024340870,73955.0
OGEF,2026-03-11,US4228635945,258786.0
OGEF,2026-03-11,US8567177308,254812.0
OGEF,2026-03-11,US4303577046,989826.0
OGEF,2026-03-11,HK3628084815,1259419.0
OGEF,2026-03-11,HK6338245649,4601624.0
OGEF,2026-03-11,HK4834475453,1601630.0
OGEF,2026-03-11,IE8257095800,52962.0
OGEF,2026-03-12,GB2368667185,409298.0
OGEF,2026-03-12,GB0160212448,324842.0
OGEF,2026-03-12,GB6447248705,3188670.0
OGEF,2026-03-12,GB2501868976,156597.0
OGEF,2026-03-12,GB6133195451,603699.0
OGEF,2026-03-12,GB7302891883,300861.0
OGEF,2026-03-12,DE4552803383,386967.0
OGEF,2026-03-12,DE7056432905,238967.0
OGEF,2026-03-12,DE7480626124,34098.0
OGEF,2026-03-12,NL0596319520,148940.0
OGEF,2026-03-12,NL4852030145,181908.0
OGEF,2026-03-12,NL6300628747,288968.0
OGEF,2026-03-12,US6712394756,37907.0
OGEF,2026-03-12,US4191048029,15518.0
OGEF,2026-03-12,US4971148942,121634.0
OGEF,2026-03-12,US7945940377,72273.0
OGEF,2026-03-12,US0070927971,21188.0
OGEF,2026-03-12,US0520962626,55966.0
OGEF,2026-03-12,US0604849957,14789.0
OGEF,2026-03-12,US6024340870,73955.0
OGEF,2026-03-12,US4228635945,258786.0
OGEF,2026-03-12,US8567177308,254812.0
OGEF,2026-03-12,US4303577046,989826.0
OGEF,2026-03-12,HK3628084815,1259419.0
OGEF,2026-03-12,HK6338245649,4601624.0
OGEF,2026-03-12,HK4834475453,1601630.0
OGEF,2026-03-12,IE8257095800,52962.0
OGEF,2026-03-13,GB2368667185,409298.0
OGEF,2026-03-13,GB0160212448,324842.0
OGEF,2026-03-13,GB6447248705,3188670.0
OGEF,2026-03-13,GB2501868976,156597.0
OGEF,2026-03-13,GB6133195451,603699.0
OGEF,2026-03-13,GB7302891883,300861.0
OGEF,2026-03-13,DE4552803383,386967.0
OGEF,2026-03-13,DE7056432905,238967.0
OGEF,2026-03-13,DE7480626124,34098.0
OGEF,2026-03-13,NL0596319520,148940.0
OGEF,2026-03-13,NL4852030145,181908.0
OGEF,2026-03-13,NL6300628747,288968.0
OGEF,2026-03-13,US6712394756,37907.0
OGEF,2026-03-13,US4191048029,15518.0
OGEF,2026-03-13,US4971148942,121634.0
OGEF,2026-03-13,US7945940377,72273.0
OGEF,2026-03-13,US0070927971,21188.0
OGEF,2026-03-13,US0520962626,55966.0
OGEF,2026-03-13,US0604849957,14789.0
OGEF,2026-03-13,US6024340870,73955.0
OGEF,2026-03-13,US4228635945,258786.0
OGEF,2026-03-13,US8567177308,254812.0
OGEF,2026-03-13,US4303577046,989826.0
OGEF,2026-03-13,HK3628084815,1259419.0
OGEF,2026-03-13,HK6338245649,4601624.0
OGEF,2026-03-13,HK4834475453,1601630.0
OGEF,2026-03-13,IE8257095800,52962.0
OGEF,2026-03-16,GB2368667185,409298.0
OGEF,2026-03-16,GB0160212448,324842.0
OGEF,2026-03-16,GB6447248705,3188670.0
OGEF,2026-03-16,GB2501868976,156597.0
OGEF,2026-03-16,GB6133195451,603699.0
OGEF,2026-03-16,GB7302891883,300861.0
OGEF,2026-03-16,DE4552803383,386967.0
OGEF,2026-03-16,DE7056432905,238967.0
OGEF,2026-03-16,DE7480626124,34098.0
OGEF,2026-03-16,NL0596319520,148940.0
OGEF,2026-03-16,NL4852030145,181908.0
OGEF,2026-03-16,NL6300628747,288968.0
OGEF,2026-03-16,US6712394756,37907.0
OGEF,2026-03-16,US4191048029,15518.0
OGEF,2026-03-16,US4971148942,121634.0
OGEF,2026-03-16,US7945940377,72273.0
OGEF,2026-03-16,US0070927971,21188.0
OGEF,2026-03-16,US0520962626,55966.0
OGEF,2026-03-16,US0604849957,14789.0
OGEF,2026-03-16,US6024340870,73955.0
OGEF,2026-03-16,US4228635945,258786.0
OGEF,2026-03-16,US8567177308,254812.0
OGEF,2026-03-16,US4303577046,989826.0
OGEF,2026-03-16,HK3628084815,1259419.0
OGEF,2026-03-16,HK6338245649,4601624.0
OGEF,2026-03-16,HK4834475453,1601630.0
OGEF,2026-03-16,IE8257095800,52962.0
OGEF,2026-03-17,GB2368667185,409298.0
OGEF,2026-03-17,GB0160212448,324842.0
OGEF,2026-03-17,GB6447248705,3188670.0
OGEF,2026-03-17,GB2501868976,156597.0
OGEF,2026-03-17,GB6133195451,603699.0
OGEF,2026-03-17,GB7302891883,300861.0
OGEF,2026-03-17,DE4552803383,386967.0
OGEF,2026-03-17,DE7056432905,238967.0
OGEF,2026-03-17,DE7480626124,34098.0
OGEF,2026-03-17,NL0596319520,148940.0
OGEF,2026-03-17,NL4852030145,181908.0
OGEF,2026-03-17,NL6300628747,288968.0
OGEF,2026-03-17,US6712394756,37907.0
OGEF,2026-03-17,US4191048029,15518.0
OGEF,2026-03-17,US4971148942,121634.0
OGEF,2026-03-17,US7945940377,72273.0
OGEF,2026-03-17,US0070927971,21188.0
OGEF,2026-03-17,US0520962626,55966.0
OGEF,2026-03-17,US0604849957,14789.0
OGEF,2026-03-17,US6024340870,73955.0
OGEF,2026-03-17,US4228635945,258786.0
OGEF,2026-03-17,US8567177308,254812.0
OGEF,2026-03-17,US4303577046,989826.0
OGEF,2026-03-17,HK3628084815,1259419.0
OGEF,2026-03-17,HK6338245649,4601624.0
OGEF,2026-03-17,HK4834475453,1601630.0
OGEF,2026-03-17,IE8257095800,52962.0
OGEF,2026-03-18,GB2368667185,409298.0
OGEF,2026-03-18,GB0160212448,324842.0
OGEF,2026-03-18,GB6447248705,3188670.0
OGEF,2026-03-18,GB2501868976,156597.0
OGEF,2026-03-18,GB6133195451,603699.0
OGEF,2026-03-18,GB7302891883,300861.0
OGEF,2026-03-18,DE4552803383,386967.0
OGEF,2026-03-18,DE7056432905,238967.0
OGEF,2026-03-18,DE7480626124,34098.0
OGEF,2026-03-18,NL0596319520,148940.0
OGEF,2026-03-18,NL4852030145,181908.0
OGEF,2026-03-18,NL6300628747,288968.0
OGEF,2026-03-18,US6712394756,37907.0
OGEF,2026-03-18,US4191048029,15518.0
OGEF,2026-03-18,US4971148942,121634.0
OGEF,2026-03-18,US7945940377,72273.0
OGEF,2026-03-18,US0070927971,21188.0
OGEF,2026-03-18,US0520962626,55966.0
OGEF,2026-03-18,US0604849957,14789.0
OGEF,2026-03-18,US6024340870,73955.0
OGEF,2026-03-18,US4228635945,258786.0
OGEF,2026-03-18,US8567177308,254812.0
OGEF,2026-03-18,US4303577046,989826.0
OGEF,2026-03-18,HK3628084815,1259419.0
OGEF,2026-03-18,HK6338245649,4601624.0
OGEF,2026-03-18,HK4834475453,1601630.0
OGEF,2026-03-18,IE8257095800,52962.0
OGEF,2026-03-19,GB2368667185,409298.0
OGEF,2026-03-19,GB0160212448,324842.0
OGEF,2026-03-19,GB6447248705,3188670.0
OGEF,2026-03-19,GB2501868976,156597.0
OGEF,2026-03-19,GB6133195451,603699.0
OGEF,2026-03-19,GB7302891883,300861.0
OGEF,2026-03-19,DE4552803383,386967.0
OGEF,2026-03-19,DE7056432905,238967.0
OGEF,2026-03-19,DE7480626124,34098.0
OGEF,2026-03-19,NL0596319520,148940.0
OGEF,2026-03-19,NL4852030145,181908.0
OGEF,2026-03-19,NL6300628747,288968.0
OGEF,2026-03-19,US6712394756,37907.0
OGEF,2026-03-19,US4191048029,15518.0
OGEF,2026-03-19,US4971148942,121634.0
OGEF,2026-03-19,US7945940377,72273.0
OGEF,2026-03-19,US0070927971,21188.0
OGEF,2026-03-19,US0520962626,55966.0
OGEF,2026-03-19,US0604849957,14789.0
OGEF,2026-03-19,US6024340870,73955.0
OGEF,2026-03-19,US4228635945,258786.0
OGEF,2026-03-19,US8567177308,254812.0
OGEF,2026-03-19,US4303577046,989826.0
OGEF,2026-03-19,HK3628084815,1259419.0
OGEF,2026-03-19,HK6338245649,4601624.0
OGEF,2026-03-19,HK4834475453,1601630.0
OGEF,2026-03-19,IE8257095800,52962.0
OGEF,2026-03-20,GB2368667185,409298.0
OGEF,2026-03-20,GB0160212448,324842.0
OGEF,2026-03-20,GB6447248705,3188670.0
OGEF,2026-03-20,GB2501868976,156597.0
OGEF,2026-03-20,GB6133195451,603699.0
OGEF,2026-03-20,GB7302891883,300861.0
OGEF,2026-03-20,DE4552803383,386967.0
OGEF,2026-03-20,DE7056432905,238967.0
OGEF,2026-03-20,DE7480626124,34098.0
OGEF,2026-03-20,NL0596319520,148940.0
OGEF,2026-03-20,NL4852030145,181908.0
OGEF,2026-03-20,NL6300628747,288968.0
OGEF,2026-03-20,US6712394756,37907.0
OGEF,2026-03-20,US4191048029,15518.0
OGEF,2026-03-20,US4971148942,121634.0
OGEF,2026-03-20,US7945940377,72273.0
OGEF,2026-03-20,US0070927971,21188.0
OGEF,2026-03-20,US0520962626,55966.0
OGEF,2026-03-20,US0604849957,14789.0
OGEF,2026-03-20,US6024340870,73955.0
OGEF,2026-03-20,US4228635945,258786.0
OGEF,2026-03-20,US8567177308,254812.0
OGEF,2026-03-20,US4303577046,989826.0
OGEF,2026-03-20,HK3628084815,1259419.0
OGEF,2026-03-20,HK6338245649,4601624.0
OGEF,2026-03-20,HK4834475453,1601630.0
OGEF,2026-03-20,IE8257095800,52962.0
OGEF,2026-03-23,GB2368667185,409298.0
OGEF,2026-03-23,GB0160212448,324842.0
OGEF,2026-03-23,GB6447248705,3188670.0
OGEF,2026-03-23,GB2501868976,156597.0
OGEF,2026-03-23,GB6133195451,603699.0
OGEF,2026-03-23,GB7302891883,300861.0
OGEF,2026-03-23,DE4552803383,386967.0
OGEF,2026-03-23,DE7056432905,238967.0
OGEF,2026-03-23,DE7480626124,34098.0
OGEF,2026-03-23,NL0596319520,148940.0
OGEF,2026-03-23,NL4852030145,181908.0
OGEF,2026-03-23,NL6300628747,288968.0
OGEF,2026-03-23,US6712394756,37907.0
OGEF,2026-03-23,US4191048029,15518.0
OGEF,2026-03-23,US4971148942,121634.0
OGEF,2026-03-23,US7945940377,72273.0
OGEF,2026-03-23,US0070927971,21188.0
OGEF,2026-03-23,US0520962626,55966.0
OGEF,2026-03-23,US0604849957,14789.0
OGEF,2026-03-23,US6024340870,73955.0
OGEF,2026-03-23,US4228635945,258786.0
OGEF,2026-03-23,US8567177308,254812.0
OGEF,2026-03-23,US4303577046,989826.0
OGEF,2026-03-23,HK3628084815,1259419.0
OGEF,2026-03-23,HK6338245649,4601624.0
OGEF,2026-03-23,HK4834475453,1601630.0
OGEF,2026-03-23,IE8257095800,52962.0
OGEF,2026-03-24,GB2368667185,409298.0
OGEF,2026-03-24,GB0160212448,324842.0
OGEF,2026-03-24,GB6447248705,3188670.0
OGEF,2026-03-24,GB2501868976,156597.0
OGEF,2026-03-24,GB6133195451,603699.0
OGEF,2026-03-24,GB7302891883,300861.0
OGEF,2026-03-24,DE4552803383,386967.0
OGEF,2026-03-24,DE7056432905,238967.0
OGEF,2026-03-24,DE7480626124,34098.0
OGEF,2026-03-24,NL0596319520,148940.0
OGEF,2026-03-24,NL4852030145,181908.0
OGEF,2026-03-24,NL6300628747,288968.0
OGEF,2026-03-24,US6712394756,37907.0
OGEF,2026-03-24,US4191048029,15518.0
OGEF,2026-03-24,US4971148942,121634.0
OGEF,2026-03-24,US7945940377,72273.0
OGEF,2026-03-24,US0070927971,21188.0
OGEF,2026-03-24,US0520962626,55966.0
OGEF,2026-03-24,US0604849957,14789.0
OGEF,2026-03-24,US6024340870,73955.0
OGEF,2026-03-24,US4228635945,258786.0
OGEF,2026-03-24,US8567177308,254812.0
OGEF,2026-03-24,US4303577046,989826.0
OGEF,2026-03-24,HK3628084815,1259419.0
OGEF,2026-03-24,HK6338245649,4601624.0
OGEF,2026-03-24,HK4834475453,1601630.0
OGEF,2026-03-24,IE8257095800,52962.0
OGEF,2026-03-25,GB2368667185,409298.0
OGEF,2026-03-25,GB0160212448,324842.0
OGEF,2026-03-25,GB6447248705,3188670.0
OGEF,2026-03-25,GB2501868976,156597.0
OGEF,2026-03-25,GB6133195451,603699.0
OGEF,2026-03-25,GB7302891883,300861.0
OGEF,2026-03-25,DE4552803383,386967.0
OGEF,2026-03-25,DE7056432905,238967.0
OGEF,2026-03-25,DE7480626124,34098.0
OGEF,2026-03-25,NL0596319520,148940.0
OGEF,2026-03-25,NL4852030145,181908.0
OGEF,2026-03-25,NL6300628747,288968.0
OGEF,2026-03-25,US6712394756,37907.0
OGEF,2026-03-25,US4191048029,15518.0
OGEF,2026-03-25,US4971148942,121634.0
OGEF,2026-03-25,US7945940377,72273.0
OGEF,2026-03-25,US0070927971,21188.0
OGEF,2026-03-25,US0520962626,55966.0
OGEF,2026-03-25,US0604849957,14789.0
OGEF,2026-03-25,US6024340870,73955.0
OGEF,2026-03-25,US4228635945,258786.0
OGEF,2026-03-25,US8567177308,254812.0
OGEF,2026-03-25,US4303577046,989826.0
OGEF,2026-03-25,HK3628084815,1259419.0
OGEF,2026-03-25,HK6338245649,4601624.0
OGEF,2026-03-25,HK4834475453,1601630.0
OGEF,2026-03-25,IE8257095800,52962.0
OGEF,2026-03-26,GB2368667185,409298.0
OGEF,2026-03-26,GB0160212448,324842.0
OGEF,2026-03-26,GB6447248705,3188670.0
OGEF,2026-03-26,GB2501868976,156597.0
OGEF,2026-03-26,GB6133195451,603699.0
OGEF,2026-03-26,GB7302891883,300861.0
OGEF,2026-03-26,DE4552803383,386967.0
OGEF,2026-03-26,DE7056432905,238967.0
OGEF,2026-03-26,DE7480626124,34098.0
OGEF,2026-03-26,NL0596319520,148940.0
OGEF,2026-03-26,NL4852030145,181908.0
OGEF,2026-03-26,NL6300628747,288968.0
OGEF,2026-03-26,US6712394756,37907.0
OGEF,2026-03-26,US4191048029,15518.0
OGEF,2026-03-26,US4971148942,121634.0
OGEF,2026-03-26,US7945940377,72273.0
OGEF,2026-03-26,US0070927971,21188.0
OGEF,2026-03-26,US0520962626,55966.0
OGEF,2026-03-26,US0604849957,14789.0
OGEF,2026-03-26,US6024340870,73955.0
OGEF,2026-03-26,US4228635945,258786.0
OGEF,2026-03-26,US8567177308,254812.0
OGEF,2026-03-26,US4303577046,989826.0
OGEF,2026-03-26,HK3628084815,1259419.0
OGEF,2026-03-26,HK6338245649,4601624.0
OGEF,2026-03-26,HK4834475453,1601630.0
OGEF,2026-03-26,IE8257095800,52962.0
OGEF,2026-03-27,GB2368667185,409298.0
OGEF,2026-03-27,GB0160212448,324842.0
OGEF,2026-03-27,GB6447248705,3188670.0
OGEF,2026-03-27,GB2501868976,156597.0
OGEF,2026-03-27,GB6133195451,603699.0
OGEF,2026-03-27,GB7302891883,300861.0
OGEF,2026-03-27,DE4552803383,386967.0
OGEF,2026-03-27,DE7056432905,238967.0
OGEF,2026-03-27,DE7480626124,34098.0
OGEF,2026-03-27,NL0596319520,148940.0
OGEF,2026-03-27,NL4852030145,181908.0
OGEF,2026-03-27,NL6300628747,288968.0
OGEF,2026-03-27,US6712394756,37907.0
OGEF,2026-03-27,US4191048029,15518.0
OGEF,2026-03-27,US4971148942,121634.0
OGEF,2026-03-27,US7945940377,72273.0
OGEF,2026-03-27,US0070927971,21188.0
OGEF,2026-03-27,US0520962626,55966.0
OGEF,2026-03-27,US0604849957,14789.0
OGEF,2026-03-27,US6024340870,73955.0
OGEF,2026-03-27,US4228635945,258786.0
OGEF,2026-03-27,US8567177308,254812.0
OGEF,2026-03-27,US4303577046,989826.0
OGEF,2026-03-27,HK3628084815,1259419.0
OGEF,2026-03-27,HK6338245649,4601624.0
OGEF,2026-03-27,HK4834475453,1601630.0
OGEF,2026-03-27,IE8257095800,52962.0
OGEF,2026-03-30,GB2368667185,409298.0
OGEF,2026-03-30,GB0160212448,324842.0
OGEF,2026-03-30,GB6447248705,3188670.0
OGEF,2026-03-30,GB2501868976,156597.0
OGEF,2026-03-30,GB6133195451,603699.0
OGEF,2026-03-30,GB7302891883,300861.0
OGEF,2026-03-30,DE4552803383,386967.0
OGEF,2026-03-30,DE7056432905,238967.0
OGEF,2026-03-30,DE7480626124,34098.0
OGEF,2026-03-30,NL0596319520,148940.0
OGEF,2026-03-30,NL4852030145,181908.0
OGEF,2026-03-30,NL6300628747,288968.0
OGEF,2026-03-30,US6712394756,37907.0
OGEF,2026-03-30,US4191048029,15518.0
OGEF,2026-03-30,US4971148942,121634.0
OGEF,2026-03-30,US7945940377,72273.0
OGEF,2026-03-30,US0070927971,21188.0
OGEF,2026-03-30,US0520962626,55966.0
OGEF,2026-03-30,US0604849957,14789.0
OGEF,2026-03-30,US6024340870,73955.0
OGEF,2026-03-30,US4228635945,258786.0
OGEF,2026-03-30,US8567177308,254812.0
OGEF,2026-03-30,US4303577046,989826.0
OGEF,2026-03-30,HK3628084815,1259419.0
OGEF,2026-03-30,HK6338245649,4601624.0
OGEF,2026-03-30,HK4834475453,1601630.0
OGEF,2026-03-30,IE8257095800,52962.0
OGEF,2026-03-31,GB2368667185,409298.0
OGEF,2026-03-31,GB0160212448,324842.0
OGEF,2026-03-31,GB6447248705,3188670.0
OGEF,2026-03-31,GB2501868976,156597.0
OGEF,2026-03-31,GB6133195451,603699.0
OGEF,2026-03-31,GB7302891883,320871.0
OGEF,2026-03-31,DE4552803383,386967.0
OGEF,2026-03-31,DE7056432905,238967.0
OGEF,2026-03-31,DE7480626124,34098.0
OGEF,2026-03-31,NL0596319520,148940.0
OGEF,2026-03-31,NL4852030145,181908.0
OGEF,2026-03-31,NL6300628747,288968.0
OGEF,2026-03-31,US6712394756,37907.0
OGEF,2026-03-31,US4191048029,15518.0
OGEF,2026-03-31,US4971148942,121634.0
OGEF,2026-03-31,US7945940377,72273.0
OGEF,2026-03-31,US0070927971,21188.0
OGEF,2026-03-31,US0520962626,55966.0
OGEF,2026-03-31,US0604849957,14789.0
OGEF,2026-03-31,US6024340870,73955.0
OGEF,2026-03-31,US4228635945,258786.0
OGEF,2026-03-31,US8567177308,254812.0
OGEF,2026-03-31,US4303577046,989826.0
OGEF,2026-03-31,HK3628084815,1259419.0
OGEF,2026-03-31,HK6338245649,4680232.0
OGEF,2026-03-31,HK4834475453,1601630.0
OGEF,2026-03-31,IE8257095800,51500.0
OGEF,2026-04-01,GB2368667185,409298.0
OGEF,2026-04-01,GB0160212448,324842.0
OGEF,2026-04-01,GB6447248705,3188670.0
OGEF,2026-04-01,GB2501868976,156597.0
OGEF,2026-04-01,GB6133195451,603699.0
OGEF,2026-04-01,GB7302891883,320871.0
OGEF,2026-04-01,DE4552803383,386967.0
OGEF,2026-04-01,DE7056432905,238967.0
OGEF,2026-04-01,DE7480626124,34098.0
OGEF,2026-04-01,NL0596319520,148940.0
OGEF,2026-04-01,NL4852030145,181908.0
OGEF,2026-04-01,NL6300628747,288968.0
OGEF,2026-04-01,US6712394756,37907.0
OGEF,2026-04-01,US4191048029,15518.0
OGEF,2026-04-01,US4971148942,121634.0
OGEF,2026-04-01,US7945940377,72273.0
OGEF,2026-04-01,US0070927971,21188.0
OGEF,2026-04-01,US0520962626,55966.0
OGEF,2026-04-01,US0604849957,14789.0
OGEF,2026-04-01,US6024340870,73955.0
OGEF,2026-04-01,US4228635945,258786.0
OGEF,2026-04-01,US8567177308,254812.0
OGEF,2026-04-01,US4303577046,989826.0
OGEF,2026-04-01,HK3628084815,1259419.0
OGEF,2026-04-01,HK6338245649,4680232.0
OGEF,2026-04-01,HK4834475453,1601630.0
OGEF,2026-04-01,IE8257095800,51500.0
OGEF,2026-04-02,GB2368667185,409298.0
OGEF,2026-04-02,GB0160212448,324842.0
OGEF,2026-04-02,GB6447248705,3188670.0
OGEF,2026-04-02,GB2501868976,156597.0
OGEF,2026-04-02,GB6133195451,603699.0
OGEF,2026-04-02,GB7302891883,320871.0
OGEF,2026-04-02,DE4552803383,386967.0
OGEF,2026-04-02,DE7056432905,238967.0
OGEF,2026-04-02,DE7480626124,34098.0
OGEF,2026-04-02,NL0596319520,148940.0
OGEF,2026-04-02,NL4852030145,181908.0
OGEF,2026-04-02,NL6300628747,288968.0
OGEF,2026-04-02,US6712394756,37907.0
OGEF,2026-04-02,US4191048029,15518.0
OGEF,2026-04-02,US4971148942,121634.0
OGEF,2026-04-02,US7945940377,72273.0
OGEF,2026-04-02,US0070927971,21188.0
OGEF,2026-04-02,US0520962626,55966.0
OGEF,2026-04-02,US0604849957,14789.0
OGEF,2026-04-02,US6024340870,73955.0
OGEF,2026-04-02,US4228635945,258786.0
OGEF,2026-04-02,US8567177308,254812.0
OGEF,2026-04-02,US4303577046,989826.0
OGEF,2026-04-02,HK3628084815,1259419.0
OGEF,2026-04-02,HK6338245649,4680232.0
OGEF,2026-04-02,HK4834475453,1601630.0
OGEF,2026-04-02,IE8257095800,51500.0
OGEF,2026-04-07,GB2368667185,409298.0
OGEF,2026-04-07,GB0160212448,324842.0
OGEF,2026-04-07,GB6447248705,3188670.0
OGEF,2026-04-07,GB2501868976,156597.0
OGEF,2026-04-07,GB6133195451,603699.0
OGEF,2026-04-07,GB7302891883,320871.0
OGEF,2026-04-07,DE4552803383,386967.0
OGEF,2026-04-07,DE7056432905,238967.0
OGEF,2026-04-07,DE7480626124,34098.0
OGEF,2026-04-07,NL0596319520,148940.0
OGEF,2026-04-07,NL4852030145,181908.0
OGEF,2026-04-07,NL6300628747,288968.0
OGEF,2026-04-07,US6712394756,37907.0
OGEF,2026-04-07,US4191048029,15518.0
OGEF,2026-04-07,US4971148942,121634.0
OGEF,2026-04-07,US7945940377,72273.0
OGEF,2026-04-07,US0070927971,21188.0
OGEF,2026-04-07,US0520962626,55966.0
OGEF,2026-04-07,US0604849957,14789.0
OGEF,2026-04-07,US6024340870,73955.0
OGEF,2026-04-07,US4228635945,258786.0
OGEF,2026-04-07,US8567177308,254812.0
OGEF,2026-04-07,US4303577046,989826.0
OGEF,2026-04-07,HK3628084815,1259419.0
OGEF,2026-04-07,HK6338245649,4680232.0
OGEF,2026-04-07,HK4834475453,1601630.0
OGEF,2026-04-07,IE8257095800,51500.0
OGEF,2026-04-08,GB2368667185,409298.0
OGEF,2026-04-08,GB0160212448,324842.0
OGEF,2026-04-08,GB6447248705,3188670.0
OGEF,2026-04-08,GB2501868976,156597.0
OGEF,2026-04-08,GB6133195451,603699.0
OGEF,2026-04-08,GB7302891883,320871.0
OGEF,2026-04-08,DE4552803383,386967.0
OGEF,2026-04-08,DE7056432905,238967.0
OGEF,2026-04-08,DE7480626124,34098.0
OGEF,2026-04-08,NL0596319520,148940.0
OGEF,2026-04-08,NL4852030145,181908.0
OGEF,2026-04-08,NL6300628747,288968.0
OGEF,2026-04-08,US6712394756,37907.0
OGEF,2026-04-08,US4191048029,15518.0
OGEF,2026-04-08,US4971148942,121634.0
OGEF,2026-04-08,US7945940377,72273.0
OGEF,2026-04-08,US0070927971,21188.0
OGEF,2026-04-08,US0520962626,55966.0
OGEF,2026-04-08,US0604849957,14789.0
OGEF,2026-04-08,US6024340870,73955.0
OGEF,2026-04-08,US4228635945,258786.0
OGEF,2026-04-08,US8567177308,254812.0
OGEF,2026-04-08,US4303577046,989826.0
OGEF,2026-04-08,HK3628084815,1259419.0
OGEF,2026-04-08,HK6338245649,4680232.0
OGEF,2026-04-08,HK4834475453,1601630.0
OGEF,2026-04-08,IE8257095800,51500.0
OGEF,2026-04-09,GB2368667185,409298.0
OGEF,2026-04-09,GB0160212448,324842.0
OGEF,2026-04-09,GB6447248705,3188670.0
OGEF,2026-04-09,GB2501868976,156597.0
OGEF,2026-04-09,GB6133195451,603699.0
OGEF,2026-04-09,GB7302891883,320871.0
OGEF,2026-04-09,DE4552803383,386967.0
OGEF,2026-04-09,DE7056432905,238967.0
OGEF,2026-04-09,DE7480626124,34098.0
OGEF,2026-04-09,NL0596319520,148940.0
OGEF,2026-04-09,NL4852030145,181908.0
OGEF,2026-04-09,NL6300628747,288968.0
OGEF,2026-04-09,US6712394756,37907.0
OGEF,2026-04-09,US4191048029,15518.0
OGEF,2026-04-09,US4971148942,121634.0
OGEF,2026-04-09,US7945940377,72273.0
OGEF,2026-04-09,US0070927971,21188.0
OGEF,2026-04-09,US0520962626,55966.0
OGEF,2026-04-09,US0604849957,14789.0
OGEF,2026-04-09,US6024340870,73955.0
OGEF,2026-04-09,US4228635945,258786.0
OGEF,2026-04-09,US8567177308,254812.0
OGEF,2026-04-09,US4303577046,989826.0
OGEF,2026-04-09,HK3628084815,1259419.0
OGEF,2026-04-09,HK6338245649,4680232.0
OGEF,2026-04-09,HK4834475453,1601630.0
OGEF,2026-04-09,IE8257095800,51500.0
OGEF,2026-04-10,GB2368667185,409298.0
OGEF,2026-04-10,GB0160212448,324842.0
OGEF,2026-04-10,GB6447248705,3188670.0
OGEF,2026-04-10,GB2501868976,156597.0
OGEF,2026-04-10,GB6133195451,603699.0
OGEF,2026-04-10,GB7302891883,320871.0
OGEF,2026-04-10,DE4552803383,386967.0
OGEF,2026-04-10,DE7056432905,238967.0
OGEF,2026-04-10,DE7480626124,34098.0
OGEF,2026-04-10,NL0596319520,148940.0
OGEF,2026-04-10,NL4852030145,181908.0
OGEF,2026-04-10,NL6300628747,288968.0
OGEF,2026-04-10,US6712394756,37907.0
OGEF,2026-04-10,US4191048029,15518.0
OGEF,2026-04-10,US4971148942,121634.0
OGEF,2026-04-10,US7945940377,72273.0
OGEF,2026-04-10,US0070927971,21188.0
OGEF,2026-04-10,US0520962626,55966.0
OGEF,2026-04-10,US0604849957,14789.0
OGEF,2026-04-10,US6024340870,73955.0
OGEF,2026-04-10,US4228635945,258786.0
OGEF,2026-04-10,US8567177308,254812.0
OGEF,2026-04-10,US4303577046,989826.0
OGEF,2026-04-10,HK3628084815,1259419.0
OGEF,2026-04-10,HK6338245649,4680232.0
OGEF,2026-04-10,HK4834475453,1601630.0
OGEF,2026-04-10,IE8257095800,51500.0
OGEF,2026-04-13,GB2368667185,409298.0
OGEF,2026-04-13,GB0160212448,324842.0
OGEF,2026-04-13,GB6447248705,3188670.0
OGEF,2026-04-13,GB2501868976,156597.0
OGEF,2026-04-13,GB6133195451,603699.0
OGEF,2026-04-13,GB7302891883,320871.0
OGEF,2026-04-13,DE4552803383,386967.0
OGEF,2026-04-13,DE7056432905,238967.0
OGEF,2026-04-13,DE7480626124,34098.0
OGEF,2026-04-13,NL0596319520,148940.0
OGEF,2026-04-13,NL4852030145,181908.0
OGEF,2026-04-13,NL6300628747,288968.0
OGEF,2026-04-13,US6712394756,37907.0
OGEF,2026-04-13,US4191048029,15518.0
OGEF,2026-04-13,US4971148942,121634.0
OGEF,2026-04-13,US7945940377,72273.0
OGEF,2026-04-13,US0070927971,21188.0
OGEF,2026-04-13,US0520962626,55966.0
OGEF,2026-04-13,US0604849957,14789.0
OGEF,2026-04-13,US6024340870,73955.0
OGEF,2026-04-13,US4228635945,258786.0
OGEF,2026-04-13,US8567177308,254812.0
OGEF,2026-04-13,US4303577046,989826.0
OGEF,2026-04-13,HK3628084815,1259419.0
OGEF,2026-04-13,HK6338245649,4680232.0
OGEF,2026-04-13,HK4834475453,1601630.0
OGEF,2026-04-13,IE8257095800,51500.0
OGEF,2026-04-14,GB2368667185,409298.0
OGEF,2026-04-14,GB0160212448,324842.0
OGEF,2026-04-14,GB6447248705,3188670.0
OGEF,2026-04-14,GB2501868976,156597.0
OGEF,2026-04-14,GB6133195451,603699.0
OGEF,2026-04-14,GB7302891883,320871.0
OGEF,2026-04-14,DE4552803383,386967.0
OGEF,2026-04-14,DE7056432905,238967.0
OGEF,2026-04-14,DE7480626124,34098.0
OGEF,2026-04-14,NL0596319520,148940.0
OGEF,2026-04-14,NL4852030145,181908.0
OGEF,2026-04-14,NL6300628747,288968.0
OGEF,2026-04-14,US6712394756,37907.0
OGEF,2026-04-14,US4191048029,15518.0
OGEF,2026-04-14,US4971148942,121634.0
OGEF,2026-04-14,US7945940377,72273.0
OGEF,2026-04-14,US0070927971,21188.0
OGEF,2026-04-14,US0520962626,55966.0
OGEF,2026-04-14,US0604849957,14789.0
OGEF,2026-04-14,US6024340870,73955.0
OGEF,2026-04-14,US4228635945,258786.0
OGEF,2026-04-14,US8567177308,254812.0
OGEF,2026-04-14,US4303577046,989826.0
OGEF,2026-04-14,HK3628084815,1259419.0
OGEF,2026-04-14,HK6338245649,4680232.0
OGEF,2026-04-14,HK4834475453,1601630.0
OGEF,2026-04-14,IE8257095800,51500.0
OGEF,2026-04-15,GB2368667185,409298.0
OGEF,2026-04-15,GB0160212448,324842.0
OGEF,2026-04-15,GB6447248705,3188670.0
OGEF,2026-04-15,GB2501868976,156597.0
OGEF,2026-04-15,GB6133195451,603699.0
OGEF,2026-04-15,GB7302891883,320871.0
OGEF,2026-04-15,DE4552803383,386967.0
OGEF,2026-04-15,DE7056432905,238967.0
OGEF,2026-04-15,DE7480626124,34098.0
OGEF,2026-04-15,NL0596319520,148940.0
OGEF,2026-04-15,NL4852030145,181908.0
OGEF,2026-04-15,NL6300628747,288968.0
OGEF,2026-04-15,US6712394756,37907.0
OGEF,2026-04-15,US4191048029,15518.0
OGEF,2026-04-15,US4971148942,121634.0
OGEF,2026-04-15,US7945940377,72273.0
OGEF,2026-04-15,US0070927971,21188.0
OGEF,2026-04-15,US0520962626,55966.0
OGEF,2026-04-15,US0604849957,14789.0
OGEF,2026-04-15,US6024340870,73955.0
OGEF,2026-04-15,US4228635945,258786.0
OGEF,2026-04-15,US8567177308,254812.0
OGEF,2026-04-15,US4303577046,989826.0
OGEF,2026-04-15,HK3628084815,1259419.0
OGEF,2026-04-15,HK6338245649,4680232.0
OGEF,2026-04-15,HK4834475453,1601630.0
OGEF,2026-04-15,IE8257095800,51500.0
OGEF,2026-04-16,GB2368667185,409298.0
OGEF,2026-04-16,GB0160212448,324842.0
OGEF,2026-04-16,GB6447248705,3188670.0
OGEF,2026-04-16,GB2501868976,156597.0
OGEF,2026-04-16,GB6133195451,603699.0
OGEF,2026-04-16,GB7302891883,320871.0
OGEF,2026-04-16,DE4552803383,386967.0
OGEF,2026-04-16,DE7056432905,238967.0
OGEF,2026-04-16,DE7480626124,34098.0
OGEF,2026-04-16,NL0596319520,148940.0
OGEF,2026-04-16,NL4852030145,181908.0
OGEF,2026-04-16,NL6300628747,288968.0
OGEF,2026-04-16,US6712394756,37907.0
OGEF,2026-04-16,US4191048029,15518.0
OGEF,2026-04-16,US4971148942,121634.0
OGEF,2026-04-16,US7945940377,72273.0
OGEF,2026-04-16,US0070927971,21188.0
OGEF,2026-04-16,US0520962626,55966.0
OGEF,2026-04-16,US0604849957,14789.0
OGEF,2026-04-16,US6024340870,73955.0
OGEF,2026-04-16,US4228635945,258786.0
OGEF,2026-04-16,US8567177308,254812.0
OGEF,2026-04-16,US4303577046,989826.0
OGEF,2026-04-16,HK3628084815,1259419.0
OGEF,2026-04-16,HK6338245649,4680232.0
OGEF,2026-04-16,HK4834475453,1601630.0
OGEF,2026-04-16,IE8257095800,51500.0
OGEF,2026-04-17,GB2368667185,409298.0
OGEF,2026-04-17,GB0160212448,324842.0
OGEF,2026-04-17,GB6447248705,3188670.0
OGEF,2026-04-17,GB2501868976,156597.0
OGEF,2026-04-17,GB6133195451,603699.0
OGEF,2026-04-17,GB7302891883,320871.0
OGEF,2026-04-17,DE4552803383,386967.0
OGEF,2026-04-17,DE7056432905,238967.0
OGEF,2026-04-17,DE7480626124,34098.0
OGEF,2026-04-17,NL0596319520,148940.0
OGEF,2026-04-17,NL4852030145,181908.0
OGEF,2026-04-17,NL6300628747,288968.0
OGEF,2026-04-17,US6712394756,37907.0
OGEF,2026-04-17,US4191048029,15518.0
OGEF,2026-04-17,US4971148942,121634.0
OGEF,2026-04-17,US7945940377,72273.0
OGEF,2026-04-17,US0070927971,21188.0
OGEF,2026-04-17,US0520962626,55966.0
OGEF,2026-04-17,US0604849957,14789.0
OGEF,2026-04-17,US6024340870,73955.0
OGEF,2026-04-17,US4228635945,258786.0
OGEF,2026-04-17,US8567177308,254812.0
OGEF,2026-04-17,US4303577046,989826.0
OGEF,2026-04-17,HK3628084815,1259419.0
OGEF,2026-04-17,HK6338245649,4680232.0
OGEF,2026-04-17,HK4834475453,1601630.0
OGEF,2026-04-17,IE8257095800,51500.0
OGEF,2026-04-20,GB2368667185,409298.0
OGEF,2026-04-20,GB0160212448,324842.0
OGEF,2026-04-20,GB6447248705,3188670.0
OGEF,2026-04-20,GB2501868976,156597.0
OGEF,2026-04-20,GB6133195451,603699.0
OGEF,2026-04-20,GB7302891883,320871.0
OGEF,2026-04-20,DE4552803383,386967.0
OGEF,2026-04-20,DE7056432905,238967.0
OGEF,2026-04-20,DE7480626124,34098.0
OGEF,2026-04-20,NL0596319520,148940.0
OGEF,2026-04-20,NL4852030145,181908.0
OGEF,2026-04-20,NL6300628747,288968.0
OGEF,2026-04-20,US6712394756,37907.0
OGEF,2026-04-20,US4191048029,15518.0
OGEF,2026-04-20,US4971148942,121634.0
OGEF,2026-04-20,US7945940377,72273.0
OGEF,2026-04-20,US0070927971,21188.0
OGEF,2026-04-20,US0520962626,55966.0
OGEF,2026-04-20,US0604849957,14789.0
OGEF,2026-04-20,US6024340870,73955.0
OGEF,2026-04-20,US4228635945,258786.0
OGEF,2026-04-20,US8567177308,254812.0
OGEF,2026-04-20,US4303577046,989826.0
OGEF,2026-04-20,HK3628084815,1259419.0
OGEF,2026-04-20,HK6338245649,4680232.0
OGEF,2026-04-20,HK4834475453,1601630.0
OGEF,2026-04-20,IE8257095800,51500.0
OGEF,2026-04-21,GB2368667185,409298.0
OGEF,2026-04-21,GB0160212448,324842.0
OGEF,2026-04-21,GB6447248705,3188670.0
OGEF,2026-04-21,GB2501868976,156597.0
OGEF,2026-04-21,GB6133195451,603699.0
OGEF,2026-04-21,GB7302891883,320871.0
OGEF,2026-04-21,DE4552803383,386967.0
OGEF,2026-04-21,DE7056432905,238967.0
OGEF,2026-04-21,DE7480626124,34098.0
OGEF,2026-04-21,NL0596319520,148940.0
OGEF,2026-04-21,NL4852030145,181908.0
OGEF,2026-04-21,NL6300628747,288968.0
OGEF,2026-04-21,US6712394756,37907.0
OGEF,2026-04-21,US4191048029,15518.0
OGEF,2026-04-21,US4971148942,121634.0
OGEF,2026-04-21,US7945940377,72273.0
OGEF,2026-04-21,US0070927971,21188.0
OGEF,2026-04-21,US0520962626,55966.0
OGEF,2026-04-21,US0604849957,14789.0
OGEF,2026-04-21,US6024340870,73955.0
OGEF,2026-04-21,US4228635945,258786.0
OGEF,2026-04-21,US8567177308,254812.0
OGEF,2026-04-21,US4303577046,989826.0
OGEF,2026-04-21,HK3628084815,1259419.0
OGEF,2026-04-21,HK6338245649,4680232.0
OGEF,2026-04-21,HK4834475453,1601630.0
OGEF,2026-04-21,IE8257095800,51500.0
OGEF,2026-04-22,GB2368667185,409298.0
OGEF,2026-04-22,GB0160212448,324842.0
OGEF,2026-04-22,GB6447248705,3188670.0
OGEF,2026-04-22,GB2501868976,156597.0
OGEF,2026-04-22,GB6133195451,603699.0
OGEF,2026-04-22,GB7302891883,320871.0
OGEF,2026-04-22,DE4552803383,386967.0
OGEF,2026-04-22,DE7056432905,238967.0
OGEF,2026-04-22,DE7480626124,34098.0
OGEF,2026-04-22,NL0596319520,148940.0
OGEF,2026-04-22,NL4852030145,181908.0
OGEF,2026-04-22,NL6300628747,288968.0
OGEF,2026-04-22,US6712394756,37907.0
OGEF,2026-04-22,US4191048029,15518.0
OGEF,2026-04-22,US4971148942,121634.0
OGEF,2026-04-22,US7945940377,72273.0
OGEF,2026-04-22,US0070927971,21188.0
OGEF,2026-04-22,US0520962626,55966.0
OGEF,2026-04-22,US0604849957,14789.0
OGEF,2026-04-22,US6024340870,73955.0
OGEF,2026-04-22,US4228635945,258786.0
OGEF,2026-04-22,US8567177308,254812.0
OGEF,2026-04-22,US4303577046,989826.0
OGEF,2026-04-22,HK3628084815,1259419.0
OGEF,2026-04-22,HK6338245649,4680232.0
OGEF,2026-04-22,HK4834475453,1601630.0
OGEF,2026-04-22,IE8257095800,51500.0
OGEF,2026-04-23,GB2368667185,409298.0
OGEF,2026-04-23,GB0160212448,324842.0
OGEF,2026-04-23,GB6447248705,3188670.0
OGEF,2026-04-23,GB2501868976,156597.0
OGEF,2026-04-23,GB6133195451,603699.0
OGEF,2026-04-23,GB7302891883,320871.0
OGEF,2026-04-23,DE4552803383,386967.0
OGEF,2026-04-23,DE7056432905,238967.0
OGEF,2026-04-23,DE7480626124,34098.0
OGEF,2026-04-23,NL0596319520,148940.0
OGEF,2026-04-23,NL4852030145,181908.0
OGEF,2026-04-23,NL6300628747,288968.0
OGEF,2026-04-23,US6712394756,37907.0
OGEF,2026-04-23,US4191048029,15518.0
OGEF,2026-04-23,US4971148942,121634.0
OGEF,2026-04-23,US7945940377,72273.0
OGEF,2026-04-23,US0070927971,21188.0
OGEF,2026-04-23,US0520962626,55966.0
OGEF,2026-04-23,US0604849957,14789.0
OGEF,2026-04-23,US6024340870,73955.0
OGEF,2026-04-23,US4228635945,258786.0
OGEF,2026-04-23,US8567177308,254812.0
OGEF,2026-04-23,US4303577046,989826.0
OGEF,2026-04-23,HK3628084815,1259419.0
OGEF,2026-04-23,HK6338245649,4680232.0
OGEF,2026-04-23,HK4834475453,1601630.0
OGEF,2026-04-23,IE8257095800,51500.0
OGEF,2026-04-24,GB2368667185,409298.0
OGEF,2026-04-24,GB0160212448,324842.0
OGEF,2026-04-24,GB6447248705,3188670.0
OGEF,2026-04-24,GB2501868976,156597.0
OGEF,2026-04-24,GB6133195451,603699.0
OGEF,2026-04-24,GB7302891883,320871.0
OGEF,2026-04-24,DE4552803383,386967.0
OGEF,2026-04-24,DE7056432905,238967.0
OGEF,2026-04-24,DE7480626124,34098.0
OGEF,2026-04-24,NL0596319520,148940.0
OGEF,2026-04-24,NL4852030145,181908.0
OGEF,2026-04-24,NL6300628747,288968.0
OGEF,2026-04-24,US6712394756,37907.0
OGEF,2026-04-24,US4191048029,15518.0
OGEF,2026-04-24,US4971148942,121634.0
OGEF,2026-04-24,US7945940377,72273.0
OGEF,2026-04-24,US0070927971,21188.0
OGEF,2026-04-24,US0520962626,55966.0
OGEF,2026-04-24,US0604849957,14789.0
OGEF,2026-04-24,US6024340870,73955.0
OGEF,2026-04-24,US4228635945,258786.0
OGEF,2026-04-24,US8567177308,254812.0
OGEF,2026-04-24,US4303577046,989826.0
OGEF,2026-04-24,HK3628084815,1259419.0
OGEF,2026-04-24,HK6338245649,4680232.0
OGEF,2026-04-24,HK4834475453,1601630.0
OGEF,2026-04-24,IE8257095800,51500.0
OGEF,2026-04-27,GB2368667185,409298.0
OGEF,2026-04-27,GB0160212448,324842.0
OGEF,2026-04-27,GB6447248705,3188670.0
OGEF,2026-04-27,GB2501868976,156597.0
OGEF,2026-04-27,GB6133195451,603699.0
OGEF,2026-04-27,GB7302891883,320871.0
OGEF,2026-04-27,DE4552803383,386967.0
OGEF,2026-04-27,DE7056432905,238967.0
OGEF,2026-04-27,DE7480626124,34098.0
OGEF,2026-04-27,NL0596319520,148940.0
OGEF,2026-04-27,NL4852030145,181908.0
OGEF,2026-04-27,NL6300628747,288968.0
OGEF,2026-04-27,US6712394756,37907.0
OGEF,2026-04-27,US4191048029,15518.0
OGEF,2026-04-27,US4971148942,121634.0
OGEF,2026-04-27,US7945940377,72273.0
OGEF,2026-04-27,US0070927971,21188.0
OGEF,2026-04-27,US0520962626,55966.0
OGEF,2026-04-27,US0604849957,14789.0
OGEF,2026-04-27,US6024340870,73955.0
OGEF,2026-04-27,US4228635945,258786.0
OGEF,2026-04-27,US8567177308,254812.0
OGEF,2026-04-27,US4303577046,989826.0
OGEF,2026-04-27,HK3628084815,1259419.0
OGEF,2026-04-27,HK6338245649,4680232.0
OGEF,2026-04-27,HK4834475453,1601630.0
OGEF,2026-04-27,IE8257095800,51500.0
OGEF,2026-04-28,GB2368667185,409298.0
OGEF,2026-04-28,GB0160212448,324842.0
OGEF,2026-04-28,GB6447248705,3188670.0
OGEF,2026-04-28,GB2501868976,156597.0
OGEF,2026-04-28,GB6133195451,603699.0
OGEF,2026-04-28,GB7302891883,320871.0
OGEF,2026-04-28,DE4552803383,386967.0
OGEF,2026-04-28,DE7056432905,238967.0
OGEF,2026-04-28,DE7480626124,34098.0
OGEF,2026-04-28,NL0596319520,148940.0
OGEF,2026-04-28,NL4852030145,181908.0
OGEF,2026-04-28,NL6300628747,288968.0
OGEF,2026-04-28,US6712394756,37907.0
OGEF,2026-04-28,US4191048029,15518.0
OGEF,2026-04-28,US4971148942,121634.0
OGEF,2026-04-28,US7945940377,72273.0
OGEF,2026-04-28,US0070927971,21188.0
OGEF,2026-04-28,US0520962626,55966.0
OGEF,2026-04-28,US0604849957,14789.0
OGEF,2026-04-28,US6024340870,73955.0
OGEF,2026-04-28,US4228635945,258786.0
OGEF,2026-04-28,US8567177308,254812.0
OGEF,2026-04-28,US4303577046,989826.0
OGEF,2026-04-28,HK3628084815,1259419.0
OGEF,2026-04-28,HK6338245649,4680232.0
OGEF,2026-04-28,HK4834475453,1601630.0
OGEF,2026-04-28,IE8257095800,51500.0
OGEF,2026-04-29,GB2368667185,409298.0
OGEF,2026-04-29,GB0160212448,324842.0
OGEF,2026-04-29,GB6447248705,3188670.0
OGEF,2026-04-29,GB2501868976,156597.0
OGEF,2026-04-29,GB6133195451,603699.0
OGEF,2026-04-29,GB7302891883,320871.0
OGEF,2026-04-29,DE4552803383,386967.0
OGEF,2026-04-29,DE7056432905,238967.0
OGEF,2026-04-29,DE7480626124,34098.0
OGEF,2026-04-29,NL0596319520,148940.0
OGEF,2026-04-29,NL4852030145,181908.0
OGEF,2026-04-29,NL6300628747,288968.0
OGEF,2026-04-29,US6712394756,37907.0
OGEF,2026-04-29,US4191048029,15518.0
OGEF,2026-04-29,US4971148942,121634.0
OGEF,2026-04-29,US7945940377,72273.0
OGEF,2026-04-29,US0070927971,21188.0
OGEF,2026-04-29,US0520962626,55966.0
OGEF,2026-04-29,US0604849957,14789.0
OGEF,2026-04-29,US6024340870,73955.0
OGEF,2026-04-29,US4228635945,258786.0
OGEF,2026-04-29,US8567177308,254812.0
OGEF,2026-04-29,US4303577046,989826.0
OGEF,2026-04-29,HK3628084815,1259419.0
OGEF,2026-04-29,HK6338245649,4680232.0
OGEF,2026-04-29,HK4834475453,1601630.0
OGEF,2026-04-29,IE8257095800,51500.0
OGEF,2026-04-30,GB2368667185,409298.0
OGEF,2026-04-30,GB0160212448,324842.0
OGEF,2026-04-30,GB6447248705,3188670.0
OGEF,2026-04-30,GB2501868976,156597.0
OGEF,2026-04-30,GB6133195451,603699.0
OGEF,2026-04-30,GB7302891883,320871.0
OGEF,2026-04-30,DE4552803383,386967.0
OGEF,2026-04-30,DE7056432905,238967.0
OGEF,2026-04-30,DE7480626124,34098.0
OGEF,2026-04-30,NL0596319520,148940.0
OGEF,2026-04-30,NL4852030145,181908.0
OGEF,2026-04-30,NL6300628747,288968.0
OGEF,2026-04-30,US6712394756,37907.0
OGEF,2026-04-30,US4191048029,15518.0
OGEF,2026-04-30,US4971148942,121634.0
OGEF,2026-04-30,US7945940377,72273.0
OGEF,2026-04-30,US0070927971,21188.0
OGEF,2026-04-30,US0520962626,55966.0
OGEF,2026-04-30,US0604849957,14789.0
OGEF,2026-04-30,US6024340870,73955.0
OGEF,2026-04-30,US4228635945,258786.0
OGEF,2026-04-30,US8567177308,254812.0
OGEF,2026-04-30,US4303577046,989826.0
OGEF,2026-04-30,HK3628084815,1259419.0
OGEF,2026-04-30,HK6338245649,4680232.0
OGEF,2026-04-30,HK4834475453,1601630.0
OGEF,2026-04-30,IE8257095800,51500.0
OGEF,2026-05-04,GB2368667185,384063.0
OGEF,2026-05-04,GB0160212448,324842.0
OGEF,2026-05-04,GB6447248705,3188670.0
OGEF,2026-05-04,GB2501868976,146966.0
OGEF,2026-05-04,GB6133195451,603699.0
OGEF,2026-05-04,GB7302891883,320871.0
OGEF,2026-05-04,DE4552803383,386967.0
OGEF,2026-05-04,DE7056432905,238967.0
OGEF,2026-05-04,DE7480626124,34098.0
OGEF,2026-05-04,NL0596319520,148940.0
OGEF,2026-05-04,NL4852030145,181908.0
OGEF,2026-05-04,NL6300628747,288968.0
OGEF,2026-05-04,US6712394756,37907.0
OGEF,2026-05-04,US4191048029,14678.0
OGEF,2026-05-04,US4971148942,121634.0
OGEF,2026-05-04,US7945940377,72273.0
OGEF,2026-05-04,US0070927971,21188.0
OGEF,2026-05-04,US0520962626,55966.0
OGEF,2026-05-04,US0604849957,14789.0
OGEF,2026-05-04,US6024340870,73955.0
OGEF,2026-05-04,US4228635945,258786.0
OGEF,2026-05-04,US8567177308,254812.0
OGEF,2026-05-04,US4303577046,989826.0
OGEF,2026-05-04,HK3628084815,1259419.0
OGEF,2026-05-04,HK6338245649,4680232.0
OGEF,2026-05-04,HK4834475453,1601630.0
OGEF,2026-05-04,IE8257095800,51500.0
OGEF,2026-05-05,GB2368667185,384063.0
OGEF,2026-05-05,GB0160212448,324842.0
OGEF,2026-05-05,GB6447248705,3188670.0
OGEF,2026-05-05,GB2501868976,146966.0
OGEF,2026-05-05,GB6133195451,603699.0
OGEF,2026-05-05,GB7302891883,320871.0
OGEF,2026-05-05,DE4552803383,386967.0
OGEF,2026-05-05,DE7056432905,238967.0
OGEF,2026-05-05,DE7480626124,34098.0
OGEF,2026-05-05,NL0596319520,148940.0
OGEF,2026-05-05,NL4852030145,181908.0
OGEF,2026-05-05,NL6300628747,288968.0
OGEF,2026-05-05,US6712394756,37907.0
OGEF,2026-05-05,US4191048029,14678.0
OGEF,2026-05-05,US4971148942,121634.0
OGEF,2026-05-05,US7945940377,72273.0
OGEF,2026-05-05,US0070927971,21188.0
OGEF,2026-05-05,US0520962626,55966.0
OGEF,2026-05-05,US0604849957,14789.0
OGEF,2026-05-05,US6024340870,73955.0
OGEF,2026-05-05,US4228635945,258786.0
OGEF,2026-05-05,US8567177308,254812.0
OGEF,2026-05-05,US4303577046,989826.0
OGEF,2026-05-05,HK3628084815,1259419.0
OGEF,2026-05-05,HK6338245649,4680232.0
OGEF,2026-05-05,HK4834475453,1601630.0
OGEF,2026-05-05,IE8257095800,51500.0
OGEF,2026-05-06,GB2368667185,384063.0
OGEF,2026-05-06,GB0160212448,324842.0
OGEF,2026-05-06,GB6447248705,3188670.0
OGEF,2026-05-06,GB2501868976,146966.0
OGEF,2026-05-06,GB6133195451,603699.0
OGEF,2026-05-06,GB7302891883,320871.0
OGEF,2026-05-06,DE4552803383,386967.0
OGEF,2026-05-06,DE7056432905,238967.0
OGEF,2026-05-06,DE7480626124,34098.0
OGEF,2026-05-06,NL0596319520,148940.0
OGEF,2026-05-06,NL4852030145,181908.0
OGEF,2026-05-06,NL6300628747,288968.0
OGEF,2026-05-06,US6712394756,37907.0
OGEF,2026-05-06,US4191048029,14678.0
OGEF,2026-05-06,US4971148942,121634.0
OGEF,2026-05-06,US7945940377,72273.0
OGEF,2026-05-06,US0070927971,21188.0
OGEF,2026-05-06,US0520962626,55966.0
OGEF,2026-05-06,US0604849957,14789.0
OGEF,2026-05-06,US6024340870,73955.0
OGEF,2026-05-06,US4228635945,258786.0
OGEF,2026-05-06,US8567177308,254812.0
OGEF,2026-05-06,US4303577046,989826.0
OGEF,2026-05-06,HK3628084815,1259419.0
OGEF,2026-05-06,HK6338245649,4680232.0
OGEF,2026-05-06,HK4834475453,1601630.0
OGEF,2026-05-06,IE8257095800,51500.0
OGEF,2026-05-07,GB2368667185,384063.0
OGEF,2026-05-07,GB0160212448,324842.0
OGEF,2026-05-07,GB6447248705,3188670.0
OGEF,2026-05-07,GB2501868976,146966.0
OGEF,2026-05-07,GB6133195451,603699.0
OGEF,2026-05-07,GB7302891883,320871.0
OGEF,2026-05-07,DE4552803383,386967.0
OGEF,2026-05-07,DE7056432905,238967.0
OGEF,2026-05-07,DE7480626124,34098.0
OGEF,2026-05-07,NL0596319520,148940.0
OGEF,2026-05-07,NL4852030145,181908.0
OGEF,2026-05-07,NL6300628747,288968.0
OGEF,2026-05-07,US6712394756,37907.0
OGEF,2026-05-07,US4191048029,14678.0
OGEF,2026-05-07,US4971148942,121634.0
OGEF,2026-05-07,US7945940377,72273.0
OGEF,2026-05-07,US0070927971,21188.0
OGEF,2026-05-07,US0520962626,55966.0
OGEF,2026-05-07,US0604849957,14789.0
OGEF,2026-05-07,US6024340870,73955.0
OGEF,2026-05-07,US4228635945,258786.0
OGEF,2026-05-07,US8567177308,254812.0
OGEF,2026-05-07,US4303577046,989826.0
OGEF,2026-05-07,HK3628084815,1259419.0
OGEF,2026-05-07,HK6338245649,4680232.0
OGEF,2026-05-07,HK4834475453,1601630.0
OGEF,2026-05-07,IE8257095800,51500.0
OGEF,2026-05-08,GB2368667185,384063.0
OGEF,2026-05-08,GB0160212448,324842.0
OGEF,2026-05-08,GB6447248705,3188670.0
OGEF,2026-05-08,GB2501868976,146966.0
OGEF,2026-05-08,GB6133195451,603699.0
OGEF,2026-05-08,GB7302891883,320871.0
OGEF,2026-05-08,DE4552803383,386967.0
OGEF,2026-05-08,DE7056432905,238967.0
OGEF,2026-05-08,DE7480626124,34098.0
OGEF,2026-05-08,NL0596319520,148940.0
OGEF,2026-05-08,NL4852030145,181908.0
OGEF,2026-05-08,NL6300628747,288968.0
OGEF,2026-05-08,US6712394756,37907.0
OGEF,2026-05-08,US4191048029,14678.0
OGEF,2026-05-08,US4971148942,121634.0
OGEF,2026-05-08,US7945940377,72273.0
OGEF,2026-05-08,US0070927971,21188.0
OGEF,2026-05-08,US0520962626,55966.0
OGEF,2026-05-08,US0604849957,14789.0
OGEF,2026-05-08,US6024340870,73955.0
OGEF,2026-05-08,US4228635945,258786.0
OGEF,2026-05-08,US8567177308,254812.0
OGEF,2026-05-08,US4303577046,989826.0
OGEF,2026-05-08,HK3628084815,1259419.0
OGEF,2026-05-08,HK6338245649,4680232.0
OGEF,2026-05-08,HK4834475453,1601630.0
OGEF,2026-05-08,IE8257095800,51500.0
OGEF,2026-05-11,GB2368667185,384063.0
OGEF,2026-05-11,GB0160212448,324842.0
OGEF,2026-05-11,GB6447248705,3188670.0
OGEF,2026-05-11,GB2501868976,146966.0
OGEF,2026-05-11,GB6133195451,603699.0
OGEF,2026-05-11,GB7302891883,320871.0
OGEF,2026-05-11,DE4552803383,386967.0
OGEF,2026-05-11,DE7056432905,238967.0
OGEF,2026-05-11,DE7480626124,34098.0
OGEF,2026-05-11,NL8794770442,148940.0
OGEF,2026-05-11,NL4852030145,181908.0
OGEF,2026-05-11,NL6300628747,288968.0
OGEF,2026-05-11,US6712394756,37907.0
OGEF,2026-05-11,US4191048029,14678.0
OGEF,2026-05-11,US4971148942,121634.0
OGEF,2026-05-11,US7945940377,72273.0
OGEF,2026-05-11,US0070927971,21188.0
OGEF,2026-05-11,US0520962626,55966.0
OGEF,2026-05-11,US0604849957,14789.0
OGEF,2026-05-11,US6024340870,73955.0
OGEF,2026-05-11,US4228635945,258786.0
OGEF,2026-05-11,US8567177308,254812.0
OGEF,2026-05-11,US4303577046,989826.0
OGEF,2026-05-11,HK3628084815,1259419.0
OGEF,2026-05-11,HK6338245649,4680232.0
OGEF,2026-05-11,HK4834475453,1601630.0
OGEF,2026-05-11,IE8257095800,51500.0
OGEF,2026-05-12,GB2368667185,384063.0
OGEF,2026-05-12,GB0160212448,324842.0
OGEF,2026-05-12,GB6447248705,3188670.0
OGEF,2026-05-12,GB2501868976,146966.0
OGEF,2026-05-12,GB6133195451,603699.0
OGEF,2026-05-12,GB7302891883,320871.0
OGEF,2026-05-12,DE4552803383,386967.0
OGEF,2026-05-12,DE7056432905,238967.0
OGEF,2026-05-12,DE7480626124,34098.0
OGEF,2026-05-12,NL8794770442,148940.0
OGEF,2026-05-12,NL4852030145,181908.0
OGEF,2026-05-12,NL6300628747,288968.0
OGEF,2026-05-12,US6712394756,37907.0
OGEF,2026-05-12,US4191048029,14678.0
OGEF,2026-05-12,US4971148942,121634.0
OGEF,2026-05-12,US7945940377,72273.0
OGEF,2026-05-12,US0070927971,21188.0
OGEF,2026-05-12,US0520962626,55966.0
OGEF,2026-05-12,US0604849957,14789.0
OGEF,2026-05-12,US6024340870,73955.0
OGEF,2026-05-12,US4228635945,258786.0
OGEF,2026-05-12,US8567177308,254812.0
OGEF,2026-05-12,US4303577046,989826.0
OGEF,2026-05-12,HK3628084815,1259419.0
OGEF,2026-05-12,HK6338245649,4680232.0
OGEF,2026-05-12,HK4834475453,1601630.0
OGEF,2026-05-12,IE8257095800,51500.0
OGEF,2026-05-13,GB2368667185,384063.0
OGEF,2026-05-13,GB0160212448,324842.0
OGEF,2026-05-13,GB6447248705,3188670.0
OGEF,2026-05-13,GB2501868976,146966.0
OGEF,2026-05-13,GB6133195451,603699.0
OGEF,2026-05-13,GB7302891883,320871.0
OGEF,2026-05-13,DE4552803383,386967.0
OGEF,2026-05-13,DE7056432905,238967.0
OGEF,2026-05-13,DE7480626124,34098.0
OGEF,2026-05-13,NL8794770442,148940.0
OGEF,2026-05-13,NL4852030145,181908.0
OGEF,2026-05-13,NL6300628747,288968.0
OGEF,2026-05-13,US6712394756,37907.0
OGEF,2026-05-13,US4191048029,14678.0
OGEF,2026-05-13,US4971148942,121634.0
OGEF,2026-05-13,US7945940377,72273.0
OGEF,2026-05-13,US0070927971,21188.0
OGEF,2026-05-13,US0520962626,55966.0
OGEF,2026-05-13,US0604849957,14789.0
OGEF,2026-05-13,US6024340870,73955.0
OGEF,2026-05-13,US4228635945,258786.0
OGEF,2026-05-13,US8567177308,254812.0
OGEF,2026-05-13,US4303577046,989826.0
OGEF,2026-05-13,HK3628084815,1259419.0
OGEF,2026-05-13,HK6338245649,4680232.0
OGEF,2026-05-13,HK4834475453,1601630.0
OGEF,2026-05-13,IE8257095800,51500.0
OGEF,2026-05-14,GB2368667185,384063.0
OGEF,2026-05-14,GB0160212448,324842.0
OGEF,2026-05-14,GB6447248705,3188670.0
OGEF,2026-05-14,GB2501868976,146966.0
OGEF,2026-05-14,GB6133195451,603699.0
OGEF,2026-05-14,GB7302891883,320871.0
OGEF,2026-05-14,DE4552803383,386967.0
OGEF,2026-05-14,DE7056432905,238967.0
OGEF,2026-05-14,DE7480626124,34098.0
OGEF,2026-05-14,NL8794770442,148940.0
OGEF,2026-05-14,NL4852030145,181908.0
OGEF,2026-05-14,NL6300628747,288968.0
OGEF,2026-05-14,US6712394756,37907.0
OGEF,2026-05-14,US4191048029,14678.0
OGEF,2026-05-14,US4971148942,121634.0
OGEF,2026-05-14,US7945940377,72273.0
OGEF,2026-05-14,US0070927971,21188.0
OGEF,2026-05-14,US0520962626,55966.0
OGEF,2026-05-14,US0604849957,14789.0
OGEF,2026-05-14,US6024340870,73955.0
OGEF,2026-05-14,US4228635945,258786.0
OGEF,2026-05-14,US8567177308,254812.0
OGEF,2026-05-14,US4303577046,989826.0
OGEF,2026-05-14,HK3628084815,1259419.0
OGEF,2026-05-14,HK6338245649,4680232.0
OGEF,2026-05-14,HK4834475453,1601630.0
OGEF,2026-05-14,IE8257095800,51500.0
OGEF,2026-05-15,GB2368667185,384063.0
OGEF,2026-05-15,GB0160212448,324842.0
OGEF,2026-05-15,GB6447248705,3188670.0
OGEF,2026-05-15,GB2501868976,146966.0
OGEF,2026-05-15,GB6133195451,603699.0
OGEF,2026-05-15,GB7302891883,320871.0
OGEF,2026-05-15,DE4552803383,386967.0
OGEF,2026-05-15,DE7056432905,238967.0
OGEF,2026-05-15,DE7480626124,34098.0
OGEF,2026-05-15,NL8794770442,148940.0
OGEF,2026-05-15,NL4852030145,181908.0
OGEF,2026-05-15,NL6300628747,288968.0
OGEF,2026-05-15,US6712394756,37907.0
OGEF,2026-05-15,US4191048029,14678.0
OGEF,2026-05-15,US4971148942,121634.0
OGEF,2026-05-15,US7945940377,72273.0
OGEF,2026-05-15,US0070927971,21188.0
OGEF,2026-05-15,US0520962626,55966.0
OGEF,2026-05-15,US0604849957,14789.0
OGEF,2026-05-15,US6024340870,73955.0
OGEF,2026-05-15,US4228635945,258786.0
OGEF,2026-05-15,US8567177308,254812.0
OGEF,2026-05-15,US4303577046,989826.0
OGEF,2026-05-15,HK3628084815,1259419.0
OGEF,2026-05-15,HK6338245649,4680232.0
OGEF,2026-05-15,HK4834475453,1601630.0
OGEF,2026-05-15,IE8257095800,51500.0
OGEF,2026-05-18,GB2368667185,384063.0
OGEF,2026-05-18,GB0160212448,324842.0
OGEF,2026-05-18,GB6447248705,3188670.0
OGEF,2026-05-18,GB2501868976,146966.0
OGEF,2026-05-18,GB6133195451,603699.0
OGEF,2026-05-18,GB7302891883,320871.0
OGEF,2026-05-18,DE4552803383,386967.0
OGEF,2026-05-18,DE7056432905,238967.0
OGEF,2026-05-18,DE7480626124,34098.0
OGEF,2026-05-18,NL8794770442,148940.0
OGEF,2026-05-18,NL4852030145,181908.0
OGEF,2026-05-18,NL6300628747,288968.0
OGEF,2026-05-18,US6712394756,37907.0
OGEF,2026-05-18,US4191048029,14678.0
OGEF,2026-05-18,US4971148942,121634.0
OGEF,2026-05-18,US7945940377,72273.0
OGEF,2026-05-18,US0070927971,21188.0
OGEF,2026-05-18,US0520962626,55966.0
OGEF,2026-05-18,US0604849957,14789.0
OGEF,2026-05-18,US6024340870,73955.0
OGEF,2026-05-18,US4228635945,258786.0
OGEF,2026-05-18,US8567177308,254812.0
OGEF,2026-05-18,US4303577046,989826.0
OGEF,2026-05-18,HK3628084815,1259419.0
OGEF,2026-05-18,HK6338245649,4680232.0
OGEF,2026-05-18,HK4834475453,1601630.0
OGEF,2026-05-18,IE8257095800,51500.0
OGEF,2026-05-19,GB2368667185,384063.0
OGEF,2026-05-19,GB0160212448,324842.0
OGEF,2026-05-19,GB6447248705,3188670.0
OGEF,2026-05-19,GB2501868976,146966.0
OGEF,2026-05-19,GB6133195451,603699.0
OGEF,2026-05-19,GB7302891883,320871.0
OGEF,2026-05-19,DE4552803383,386967.0
OGEF,2026-05-19,DE7056432905,238967.0
OGEF,2026-05-19,DE7480626124,34098.0
OGEF,2026-05-19,NL8794770442,148940.0
OGEF,2026-05-19,NL4852030145,181908.0
OGEF,2026-05-19,NL6300628747,288968.0
OGEF,2026-05-19,US6712394756,37907.0
OGEF,2026-05-19,US4191048029,14678.0
OGEF,2026-05-19,US4971148942,121634.0
OGEF,2026-05-19,US7945940377,72273.0
OGEF,2026-05-19,US0070927971,21188.0
OGEF,2026-05-19,US0520962626,55966.0
OGEF,2026-05-19,US0604849957,14789.0
OGEF,2026-05-19,US6024340870,73955.0
OGEF,2026-05-19,US4228635945,258786.0
OGEF,2026-05-19,US8567177308,254812.0
OGEF,2026-05-19,US4303577046,989826.0
OGEF,2026-05-19,HK3628084815,1259419.0
OGEF,2026-05-19,HK6338245649,4680232.0
OGEF,2026-05-19,HK4834475453,1601630.0
OGEF,2026-05-19,IE8257095800,51500.0
OGEF,2026-05-20,GB2368667185,384063.0
OGEF,2026-05-20,GB0160212448,324842.0
OGEF,2026-05-20,GB6447248705,3188670.0
OGEF,2026-05-20,GB2501868976,146966.0
OGEF,2026-05-20,GB6133195451,603699.0
OGEF,2026-05-20,GB7302891883,320871.0
OGEF,2026-05-20,DE4552803383,386967.0
OGEF,2026-05-20,DE7056432905,238967.0
OGEF,2026-05-20,DE7480626124,34098.0
OGEF,2026-05-20,NL8794770442,148940.0
OGEF,2026-05-20,NL4852030145,181908.0
OGEF,2026-05-20,NL6300628747,288968.0
OGEF,2026-05-20,US6712394756,37907.0
OGEF,2026-05-20,US4191048029,14678.0
OGEF,2026-05-20,US4971148942,121634.0
OGEF,2026-05-20,US7945940377,72273.0
OGEF,2026-05-20,US0070927971,21188.0
OGEF,2026-05-20,US0520962626,55966.0
OGEF,2026-05-20,US0604849957,14789.0
OGEF,2026-05-20,US6024340870,73955.0
OGEF,2026-05-20,US4228635945,258786.0
OGEF,2026-05-20,US8567177308,254812.0
OGEF,2026-05-20,US4303577046,989826.0
OGEF,2026-05-20,HK3628084815,1259419.0
OGEF,2026-05-20,HK6338245649,4680232.0
OGEF,2026-05-20,HK4834475453,1601630.0
OGEF,2026-05-20,IE8257095800,51500.0
OGEF,2026-05-21,GB2368667185,384063.0
OGEF,2026-05-21,GB0160212448,324842.0
OGEF,2026-05-21,GB6447248705,3188670.0
OGEF,2026-05-21,GB2501868976,146966.0
OGEF,2026-05-21,GB6133195451,603699.0
OGEF,2026-05-21,GB7302891883,320871.0
OGEF,2026-05-21,DE4552803383,386967.0
OGEF,2026-05-21,DE7056432905,238967.0
OGEF,2026-05-21,DE7480626124,34098.0
OGEF,2026-05-21,NL8794770442,148940.0
OGEF,2026-05-21,NL4852030145,181908.0
OGEF,2026-05-21,NL6300628747,288968.0
OGEF,2026-05-21,US6712394756,37907.0
OGEF,2026-05-21,US4191048029,14678.0
OGEF,2026-05-21,US4971148942,121634.0
OGEF,2026-05-21,US7945940377,72273.0
OGEF,2026-05-21,US0070927971,21188.0
OGEF,2026-05-21,US0520962626,55966.0
OGEF,2026-05-21,US0604849957,14789.0
OGEF,2026-05-21,US6024340870,73955.0
OGEF,2026-05-21,US4228635945,258786.0
OGEF,2026-05-21,US8567177308,254812.0
OGEF,2026-05-21,US4303577046,989826.0
OGEF,2026-05-21,HK3628084815,1259419.0
OGEF,2026-05-21,HK6338245649,4680232.0
OGEF,2026-05-21,HK4834475453,1601630.0
OGEF,2026-05-21,IE8257095800,51500.0
OGEF,2026-05-22,GB2368667185,384063.0
OGEF,2026-05-22,GB0160212448,324842.0
OGEF,2026-05-22,GB6447248705,3188670.0
OGEF,2026-05-22,GB2501868976,146966.0
OGEF,2026-05-22,GB6133195451,603699.0
OGEF,2026-05-22,GB7302891883,320871.0
OGEF,2026-05-22,DE4552803383,386967.0
OGEF,2026-05-22,DE7056432905,238967.0
OGEF,2026-05-22,DE7480626124,34098.0
OGEF,2026-05-22,NL8794770442,148940.0
OGEF,2026-05-22,NL4852030145,181908.0
OGEF,2026-05-22,NL6300628747,288968.0
OGEF,2026-05-22,US6712394756,37907.0
OGEF,2026-05-22,US4191048029,14678.0
OGEF,2026-05-22,US4971148942,121634.0
OGEF,2026-05-22,US7945940377,72273.0
OGEF,2026-05-22,US0070927971,21188.0
OGEF,2026-05-22,US0520962626,55966.0
OGEF,2026-05-22,US0604849957,14789.0
OGEF,2026-05-22,US6024340870,73955.0
OGEF,2026-05-22,US4228635945,258786.0
OGEF,2026-05-22,US8567177308,254812.0
OGEF,2026-05-22,US4303577046,989826.0
OGEF,2026-05-22,HK3628084815,1259419.0
OGEF,2026-05-22,HK6338245649,4680232.0
OGEF,2026-05-22,HK4834475453,1601630.0
OGEF,2026-05-22,IE8257095800,51500.0
OGEF,2026-05-25,GB2368667185,384063.0
OGEF,2026-05-25,GB0160212448,324842.0
OGEF,2026-05-25,GB6447248705,3188670.0
OGEF,2026-05-25,GB2501868976,146966.0
OGEF,2026-05-25,GB6133195451,603699.0
OGEF,2026-05-25,GB7302891883,320871.0
OGEF,2026-05-25,DE4552803383,386967.0
OGEF,2026-05-25,DE7056432905,238967.0
OGEF,2026-05-25,DE7480626124,34098.0
OGEF,2026-05-25,NL8794770442,148940.0
OGEF,2026-05-25,NL4852030145,181908.0
OGEF,2026-05-25,NL6300628747,288968.0
OGEF,2026-05-25,US6712394756,37907.0
OGEF,2026-05-25,US4191048029,14678.0
OGEF,2026-05-25,US4971148942,121634.0
OGEF,2026-05-25,US7945940377,72273.0
OGEF,2026-05-25,US0070927971,21188.0
OGEF,2026-05-25,US0520962626,55966.0
OGEF,2026-05-25,US0604849957,14789.0
OGEF,2026-05-25,US6024340870,73955.0
OGEF,2026-05-25,US4228635945,258786.0
OGEF,2026-05-25,US8567177308,254812.0
OGEF,2026-05-25,US4303577046,989826.0
OGEF,2026-05-25,HK3628084815,1259419.0
OGEF,2026-05-25,HK6338245649,4680232.0
OGEF,2026-05-25,HK4834475453,1601630.0
OGEF,2026-05-25,IE8257095800,51500.0
OGEF,2026-05-26,GB2368667185,384063.0
OGEF,2026-05-26,GB0160212448,324842.0
OGEF,2026-05-26,GB6447248705,3188670.0
OGEF,2026-05-26,GB2501868976,146966.0
OGEF,2026-05-26,GB6133195451,603699.0
OGEF,2026-05-26,GB7302891883,320871.0
OGEF,2026-05-26,DE4552803383,386967.0
OGEF,2026-05-26,DE7056432905,238967.0
OGEF,2026-05-26,DE7480626124,34098.0
OGEF,2026-05-26,NL8794770442,148940.0
OGEF,2026-05-26,NL4852030145,181908.0
OGEF,2026-05-26,NL6300628747,288968.0
OGEF,2026-05-26,US6712394756,37907.0
OGEF,2026-05-26,US4191048029,14678.0
OGEF,2026-05-26,US4971148942,121634.0
OGEF,2026-05-26,US7945940377,72273.0
OGEF,2026-05-26,US0070927971,21188.0
OGEF,2026-05-26,US0520962626,55966.0
OGEF,2026-05-26,US0604849957,14789.0
OGEF,2026-05-26,US6024340870,73955.0
OGEF,2026-05-26,US4228635945,258786.0
OGEF,2026-05-26,US8567177308,254812.0
OGEF,2026-05-26,US4303577046,989826.0
OGEF,2026-05-26,HK3628084815,1259419.0
OGEF,2026-05-26,HK6338245649,4680232.0
OGEF,2026-05-26,HK4834475453,1601630.0
OGEF,2026-05-26,IE8257095800,51500.0
OGEF,2026-05-27,GB2368667185,384063.0
OGEF,2026-05-27,GB0160212448,324842.0
OGEF,2026-05-27,GB6447248705,3188670.0
OGEF,2026-05-27,GB2501868976,146966.0
OGEF,2026-05-27,GB6133195451,603699.0
OGEF,2026-05-27,GB7302891883,320871.0
OGEF,2026-05-27,DE4552803383,386967.0
OGEF,2026-05-27,DE7056432905,238967.0
OGEF,2026-05-27,DE7480626124,34098.0
OGEF,2026-05-27,NL8794770442,148940.0
OGEF,2026-05-27,NL4852030145,181908.0
OGEF,2026-05-27,NL6300628747,288968.0
OGEF,2026-05-27,US6712394756,37907.0
OGEF,2026-05-27,US4191048029,14678.0
OGEF,2026-05-27,US4971148942,121634.0
OGEF,2026-05-27,US7945940377,72273.0
OGEF,2026-05-27,US0070927971,21188.0
OGEF,2026-05-27,US0520962626,55966.0
OGEF,2026-05-27,US0604849957,14789.0
OGEF,2026-05-27,US6024340870,73955.0
OGEF,2026-05-27,US4228635945,258786.0
OGEF,2026-05-27,US8567177308,254812.0
OGEF,2026-05-27,US4303577046,989826.0
OGEF,2026-05-27,HK3628084815,1259419.0
OGEF,2026-05-27,HK6338245649,4680232.0
OGEF,2026-05-27,HK4834475453,1601630.0
OGEF,2026-05-27,IE8257095800,51500.0
OGEF,2026-05-28,GB2368667185,384063.0
OGEF,2026-05-28,GB0160212448,324842.0
OGEF,2026-05-28,GB6447248705,3188670.0
OGEF,2026-05-28,GB2501868976,146966.0
OGEF,2026-05-28,GB6133195451,603699.0
OGEF,2026-05-28,GB7302891883,320871.0
OGEF,2026-05-28,DE4552803383,386967.0
OGEF,2026-05-28,DE7056432905,238967.0
OGEF,2026-05-28,DE7480626124,34098.0
OGEF,2026-05-28,NL8794770442,148940.0
OGEF,2026-05-28,NL4852030145,181908.0
OGEF,2026-05-28,NL6300628747,288968.0
OGEF,2026-05-28,US6712394756,37907.0
OGEF,2026-05-28,US4191048029,14678.0
OGEF,2026-05-28,US4971148942,121634.0
OGEF,2026-05-28,US7945940377,72273.0
OGEF,2026-05-28,US0070927971,21188.0
OGEF,2026-05-28,US0520962626,55966.0
OGEF,2026-05-28,US0604849957,14789.0
OGEF,2026-05-28,US6024340870,73955.0
OGEF,2026-05-28,US4228635945,258786.0
OGEF,2026-05-28,US8567177308,254812.0
OGEF,2026-05-28,US4303577046,989826.0
OGEF,2026-05-28,HK3628084815,1259419.0
OGEF,2026-05-28,HK6338245649,4680232.0
OGEF,2026-05-28,HK4834475453,1601630.0
OGEF,2026-05-28,IE8257095800,51500.0
OGEF,2026-05-29,GB2368667185,384063.0
OGEF,2026-05-29,GB0160212448,324842.0
OGEF,2026-05-29,GB6447248705,3188670.0
OGEF,2026-05-29,GB2501868976,146966.0
OGEF,2026-05-29,GB6133195451,603699.0
OGEF,2026-05-29,GB7302891883,320871.0
OGEF,2026-05-29,DE4552803383,386967.0
OGEF,2026-05-29,DE7056432905,238967.0
OGEF,2026-05-29,DE7480626124,34098.0
OGEF,2026-05-29,NL8794770442,148940.0
OGEF,2026-05-29,NL4852030145,181908.0
OGEF,2026-05-29,NL6300628747,288968.0
OGEF,2026-05-29,US6712394756,37907.0
OGEF,2026-05-29,US4191048029,14678.0
OGEF,2026-05-29,US4971148942,121634.0
OGEF,2026-05-29,US7945940377,72273.0
OGEF,2026-05-29,US0070927971,21188.0
OGEF,2026-05-29,US0520962626,55966.0
OGEF,2026-05-29,US0604849957,14789.0
OGEF,2026-05-29,US6024340870,73955.0
OGEF,2026-05-29,US4228635945,258786.0
OGEF,2026-05-29,US8567177308,254812.0
OGEF,2026-05-29,US4303577046,989826.0
OGEF,2026-05-29,HK3628084815,1259419.0
OGEF,2026-05-29,HK6338245649,4680232.0
OGEF,2026-05-29,HK4834475453,1601630.0
OGEF,2026-05-29,IE8257095800,51500.0
OGEF,2026-06-01,GB2368667185,384063.0
OGEF,2026-06-01,GB0160212448,324842.0
OGEF,2026-06-01,GB6447248705,3188670.0
OGEF,2026-06-01,GB2501868976,146966.0
OGEF,2026-06-01,GB6133195451,603699.0
OGEF,2026-06-01,GB7302891883,320871.0
OGEF,2026-06-01,DE4552803383,386967.0
OGEF,2026-06-01,DE7056432905,238967.0
OGEF,2026-06-01,DE7480626124,34098.0
OGEF,2026-06-01,NL8794770442,148940.0
OGEF,2026-06-01,NL4852030145,181908.0
OGEF,2026-06-01,NL6300628747,288968.0
OGEF,2026-06-01,US6712394756,37907.0
OGEF,2026-06-01,US4191048029,14678.0
OGEF,2026-06-01,US4971148942,121634.0
OGEF,2026-06-01,US7945940377,72273.0
OGEF,2026-06-01,US0070927971,21188.0
OGEF,2026-06-01,US0520962626,55966.0
OGEF,2026-06-01,US0604849957,14789.0
OGEF,2026-06-01,US6024340870,73955.0
OGEF,2026-06-01,US4228635945,258786.0
OGEF,2026-06-01,US8567177308,254812.0
OGEF,2026-06-01,US4303577046,989826.0
OGEF,2026-06-01,HK3628084815,1259419.0
OGEF,2026-06-01,HK6338245649,4680232.0
OGEF,2026-06-01,HK4834475453,1601630.0
OGEF,2026-06-01,IE8257095800,51500.0
OGEF,2026-06-02,GB2368667185,384063.0
OGEF,2026-06-02,GB0160212448,324842.0
OGEF,2026-06-02,GB6447248705,3188670.0
OGEF,2026-06-02,GB2501868976,146966.0
OGEF,2026-06-02,GB6133195451,603699.0
OGEF,2026-06-02,GB7302891883,320871.0
OGEF,2026-06-02,DE4552803383,386967.0
OGEF,2026-06-02,DE7056432905,238967.0
OGEF,2026-06-02,DE7480626124,34098.0
OGEF,2026-06-02,NL8794770442,148940.0
OGEF,2026-06-02,NL4852030145,181908.0
OGEF,2026-06-02,NL6300628747,288968.0
OGEF,2026-06-02,US6712394756,37907.0
OGEF,2026-06-02,US4191048029,13278.0
OGEF,2026-06-02,US4971148942,124129.0
OGEF,2026-06-02,US7945940377,72273.0
OGEF,2026-06-02,US0070927971,21188.0
OGEF,2026-06-02,US0520962626,55966.0
OGEF,2026-06-02,US0604849957,14789.0
OGEF,2026-06-02,US6024340870,73955.0
OGEF,2026-06-02,US4228635945,258786.0
OGEF,2026-06-02,US8567177308,254812.0
OGEF,2026-06-02,US4303577046,989826.0
OGEF,2026-06-02,HK3628084815,1143826.0
OGEF,2026-06-02,HK6338245649,4680232.0
OGEF,2026-06-02,HK4834475453,1601630.0
OGEF,2026-06-02,IE8257095800,51500.0
OGEF,2026-06-03,GB2368667185,384063.0
OGEF,2026-06-03,GB0160212448,324842.0
OGEF,2026-06-03,GB6447248705,3188670.0
OGEF,2026-06-03,GB2501868976,146966.0
OGEF,2026-06-03,GB6133195451,603699.0
OGEF,2026-06-03,GB7302891883,320871.0
OGEF,2026-06-03,DE4552803383,386967.0
OGEF,2026-06-03,DE7056432905,238967.0
OGEF,2026-06-03,DE7480626124,34098.0
OGEF,2026-06-03,NL8794770442,148940.0
OGEF,2026-06-03,NL4852030145,181908.0
OGEF,2026-06-03,NL6300628747,288968.0
OGEF,2026-06-03,US6712394756,37907.0
OGEF,2026-06-03,US4191048029,13278.0
OGEF,2026-06-03,US4971148942,124129.0
OGEF,2026-06-03,US7945940377,72273.0
OGEF,2026-06-03,US0070927971,21188.0
OGEF,2026-06-03,US0520962626,55966.0
OGEF,2026-06-03,US0604849957,14789.0
OGEF,2026-06-03,US6024340870,73955.0
OGEF,2026-06-03,US4228635945,258786.0
OGEF,2026-06-03,US8567177308,254812.0
OGEF,2026-06-03,US4303577046,989826.0
OGEF,2026-06-03,HK3628084815,1143826.0
OGEF,2026-06-03,HK6338245649,4680232.0
OGEF,2026-06-03,HK4834475453,1601630.0
OGEF,2026-06-03,IE8257095800,51500.0
OGEF,2026-06-04,GB2368667185,384063.0
OGEF,2026-06-04,GB0160212448,324842.0
OGEF,2026-06-04,GB6447248705,3188670.0
OGEF,2026-06-04,GB2501868976,146966.0
OGEF,2026-06-04,GB6133195451,603699.0
OGEF,2026-06-04,GB7302891883,320871.0
OGEF,2026-06-04,DE4552803383,386967.0
OGEF,2026-06-04,DE7056432905,238967.0
OGEF,2026-06-04,DE7480626124,34098.0
OGEF,2026-06-04,NL8794770442,148940.0
OGEF,2026-06-04,NL4852030145,181908.0
OGEF,2026-06-04,NL6300628747,288968.0
OGEF,2026-06-04,US6712394756,37907.0
OGEF,2026-06-04,US4191048029,13278.0
OGEF,2026-06-04,US4971148942,124129.0
OGEF,2026-06-04,US7945940377,72273.0
OGEF,2026-06-04,US0070927971,21188.0
OGEF,2026-06-04,US0520962626,55966.0
OGEF,2026-06-04,US0604849957,14789.0
OGEF,2026-06-04,US6024340870,73955.0
OGEF,2026-06-04,US4228635945,258786.0
OGEF,2026-06-04,US8567177308,254812.0
OGEF,2026-06-04,US4303577046,989826.0
OGEF,2026-06-04,HK3628084815,1143826.0
OGEF,2026-06-04,HK6338245649,4680232.0
OGEF,2026-06-04,HK4834475453,1601630.0
OGEF,2026-06-04,IE8257095800,51500.0
OGEF,2026-06-05,GB2368667185,384063.0
OGEF,2026-06-05,GB0160212448,324842.0
OGEF,2026-06-05,GB6447248705,3188670.0
OGEF,2026-06-05,GB2501868976,146966.0
OGEF,2026-06-05,GB6133195451,603699.0
OGEF,2026-06-05,GB7302891883,320871.0
OGEF,2026-06-05,DE4552803383,386967.0
OGEF,2026-06-05,DE7056432905,238967.0
OGEF,2026-06-05,DE7480626124,34098.0
OGEF,2026-06-05,NL8794770442,148940.0
OGEF,2026-06-05,NL4852030145,181908.0
OGEF,2026-06-05,NL6300628747,288968.0
OGEF,2026-06-05,US6712394756,37907.0
OGEF,2026-06-05,US4191048029,13278.0
OGEF,2026-06-05,US4971148942,124129.0
OGEF,2026-06-05,US7945940377,72273.0
OGEF,2026-06-05,US0070927971,21188.0
OGEF,2026-06-05,US0520962626,55966.0
OGEF,2026-06-05,US0604849957,14789.0
OGEF,2026-06-05,US6024340870,73955.0
OGEF,2026-06-05,US4228635945,258786.0
OGEF,2026-06-05,US8567177308,254812.0
OGEF,2026-06-05,US4303577046,989826.0
OGEF,2026-06-05,HK3628084815,1143826.0
OGEF,2026-06-05,HK6338245649,4680232.0
OGEF,2026-06-05,HK4834475453,1601630.0
OGEF,2026-06-05,IE8257095800,51500.0
OGEF,2026-06-08,GB2368667185,384063.0
OGEF,2026-06-08,GB0160212448,324842.0
OGEF,2026-06-08,GB6447248705,3188670.0
OGEF,2026-06-08,GB2501868976,146966.0
OGEF,2026-06-08,GB6133195451,603699.0
OGEF,2026-06-08,GB7302891883,320871.0
OGEF,2026-06-08,DE4552803383,386967.0
OGEF,2026-06-08,DE7056432905,238967.0
OGEF,2026-06-08,DE7480626124,34098.0
OGEF,2026-06-08,NL8794770442,148940.0
OGEF,2026-06-08,NL4852030145,181908.0
OGEF,2026-06-08,NL6300628747,288968.0
OGEF,2026-06-08,US6712394756,37907.0
OGEF,2026-06-08,US4191048029,13278.0
OGEF,2026-06-08,US4971148942,124129.0
OGEF,2026-06-08,US7945940377,72273.0
OGEF,2026-06-08,US0070927971,21188.0
OGEF,2026-06-08,US0520962626,55966.0
OGEF,2026-06-08,US0604849957,14789.0
OGEF,2026-06-08,US6024340870,73955.0
OGEF,2026-06-08,US4228635945,258786.0
OGEF,2026-06-08,US8567177308,254812.0
OGEF,2026-06-08,US4303577046,989826.0
OGEF,2026-06-08,HK3628084815,1143826.0
OGEF,2026-06-08,HK6338245649,4680232.0
OGEF,2026-06-08,HK4834475453,1601630.0
OGEF,2026-06-08,IE8257095800,51500.0
OGEF,2026-06-09,GB2368667185,384063.0
OGEF,2026-06-09,GB0160212448,324842.0
OGEF,2026-06-09,GB6447248705,3188670.0
OGEF,2026-06-09,GB2501868976,146966.0
OGEF,2026-06-09,GB6133195451,603699.0
OGEF,2026-06-09,GB7302891883,320871.0
OGEF,2026-06-09,DE4552803383,386967.0
OGEF,2026-06-09,DE7056432905,238967.0
OGEF,2026-06-09,DE7480626124,34098.0
OGEF,2026-06-09,NL8794770442,148940.0
OGEF,2026-06-09,NL4852030145,181908.0
OGEF,2026-06-09,NL6300628747,288968.0
OGEF,2026-06-09,US6712394756,37907.0
OGEF,2026-06-09,US4191048029,13278.0
OGEF,2026-06-09,US4971148942,124129.0
OGEF,2026-06-09,US7945940377,72273.0
OGEF,2026-06-09,US0070927971,21188.0
OGEF,2026-06-09,US0520962626,55966.0
OGEF,2026-06-09,US0604849957,14789.0
OGEF,2026-06-09,US6024340870,73955.0
OGEF,2026-06-09,US4228635945,258786.0
OGEF,2026-06-09,US8567177308,254812.0
OGEF,2026-06-09,US4303577046,989826.0
OGEF,2026-06-09,HK3628084815,1143826.0
OGEF,2026-06-09,HK6338245649,4680232.0
OGEF,2026-06-09,HK4834475453,1601630.0
OGEF,2026-06-09,IE8257095800,51500.0
OGEF,2026-06-10,GB2368667185,384063.0
OGEF,2026-06-10,GB0160212448,324842.0
OGEF,2026-06-10,GB6447248705,3188670.0
OGEF,2026-06-10,GB2501868976,146966.0
OGEF,2026-06-10,GB6133195451,603699.0
OGEF,2026-06-10,GB7302891883,320871.0
OGEF,2026-06-10,DE4552803383,386967.0
OGEF,2026-06-10,DE7056432905,238967.0
OGEF,2026-06-10,DE7480626124,34098.0
OGEF,2026-06-10,NL8794770442,148940.0
OGEF,2026-06-10,NL4852030145,181908.0
OGEF,2026-06-10,NL6300628747,288968.0
OGEF,2026-06-10,US6712394756,37907.0
OGEF,2026-06-10,US4191048029,13278.0
OGEF,2026-06-10,US4971148942,124129.0
OGEF,2026-06-10,US7945940377,72273.0
OGEF,2026-06-10,US0070927971,21188.0
OGEF,2026-06-10,US0520962626,55966.0
OGEF,2026-06-10,US0604849957,14789.0
OGEF,2026-06-10,US6024340870,73955.0
OGEF,2026-06-10,US4228635945,258786.0
OGEF,2026-06-10,US8567177308,254812.0
OGEF,2026-06-10,US4303577046,989826.0
OGEF,2026-06-10,HK3628084815,1143826.0
OGEF,2026-06-10,HK6338245649,4680232.0
OGEF,2026-06-10,HK4834475453,1601630.0
OGEF,2026-06-10,IE8257095800,51500.0
OGEF,2026-06-11,GB2368667185,384063.0
OGEF,2026-06-11,GB0160212448,324842.0
OGEF,2026-06-11,GB6447248705,3188670.0
OGEF,2026-06-11,GB2501868976,146966.0
OGEF,2026-06-11,GB6133195451,603699.0
OGEF,2026-06-11,GB7302891883,320871.0
OGEF,2026-06-11,DE4552803383,386967.0
OGEF,2026-06-11,DE7056432905,238967.0
OGEF,2026-06-11,DE7480626124,34098.0
OGEF,2026-06-11,NL8794770442,148940.0
OGEF,2026-06-11,NL4852030145,181908.0
OGEF,2026-06-11,NL6300628747,288968.0
OGEF,2026-06-11,US6712394756,37907.0
OGEF,2026-06-11,US4191048029,13278.0
OGEF,2026-06-11,US4971148942,124129.0
OGEF,2026-06-11,US7945940377,72273.0
OGEF,2026-06-11,US0070927971,21188.0
OGEF,2026-06-11,US0520962626,55966.0
OGEF,2026-06-11,US0604849957,14789.0
OGEF,2026-06-11,US6024340870,73955.0
OGEF,2026-06-11,US4228635945,258786.0
OGEF,2026-06-11,US8567177308,254812.0
OGEF,2026-06-11,US4303577046,989826.0
OGEF,2026-06-11,HK3628084815,1143826.0
OGEF,2026-06-11,HK6338245649,4680232.0
OGEF,2026-06-11,HK4834475453,1601630.0
OGEF,2026-06-11,IE8257095800,51500.0
OGEF,2026-06-12,GB2368667185,384063.0
OGEF,2026-06-12,GB0160212448,324842.0
OGEF,2026-06-12,GB6447248705,3188670.0
OGEF,2026-06-12,GB2501868976,146966.0
OGEF,2026-06-12,GB6133195451,603699.0
OGEF,2026-06-12,GB7302891883,320871.0
OGEF,2026-06-12,DE4552803383,386967.0
OGEF,2026-06-12,DE7056432905,238967.0
OGEF,2026-06-12,DE7480626124,34098.0
OGEF,2026-06-12,NL8794770442,148940.0
OGEF,2026-06-12,NL4852030145,181908.0
OGEF,2026-06-12,NL6300628747,288968.0
OGEF,2026-06-12,US6712394756,37907.0
OGEF,2026-06-12,US4191048029,13278.0
OGEF,2026-06-12,US4971148942,124129.0
OGEF,2026-06-12,US7945940377,72273.0
OGEF,2026-06-12,US0070927971,21188.0
OGEF,2026-06-12,US0520962626,55966.0
OGEF,2026-06-12,US0604849957,14789.0
OGEF,2026-06-12,US6024340870,73955.0
OGEF,2026-06-12,US4228635945,258786.0
OGEF,2026-06-12,US8567177308,254812.0
OGEF,2026-06-12,US4303577046,989826.0
OGEF,2026-06-12,HK3628084815,1143826.0
OGEF,2026-06-12,HK6338245649,4680232.0
OGEF,2026-06-12,HK4834475453,1601630.0
OGEF,2026-06-12,IE8257095800,51500.0
OGEF,2026-06-15,GB2368667185,384063.0
OGEF,2026-06-15,GB0160212448,324842.0
OGEF,2026-06-15,GB6447248705,3188670.0
OGEF,2026-06-15,GB2501868976,146966.0
OGEF,2026-06-15,GB6133195451,603699.0
OGEF,2026-06-15,GB7302891883,320871.0
OGEF,2026-06-15,DE4552803383,386967.0
OGEF,2026-06-15,DE7056432905,238967.0
OGEF,2026-06-15,DE7480626124,34098.0
OGEF,2026-06-15,NL8794770442,148940.0
OGEF,2026-06-15,NL4852030145,181908.0
OGEF,2026-06-15,NL6300628747,288968.0
OGEF,2026-06-15,US6712394756,37907.0
OGEF,2026-06-15,US4191048029,13278.0
OGEF,2026-06-15,US4971148942,124129.0
OGEF,2026-06-15,US7945940377,72273.0
OGEF,2026-06-15,US0070927971,21188.0
OGEF,2026-06-15,US0520962626,55966.0
OGEF,2026-06-15,US0604849957,59156.0
OGEF,2026-06-15,US6024340870,73955.0
OGEF,2026-06-15,US4228635945,258786.0
OGEF,2026-06-15,US8567177308,254812.0
OGEF,2026-06-15,US4303577046,989826.0
OGEF,2026-06-15,HK3628084815,1143826.0
OGEF,2026-06-15,HK6338245649,4680232.0
OGEF,2026-06-15,HK4834475453,1601630.0
OGEF,2026-06-15,IE8257095800,51500.0
OGEF,2026-06-16,GB2368667185,384063.0
OGEF,2026-06-16,GB0160212448,324842.0
OGEF,2026-06-16,GB6447248705,3188670.0
OGEF,2026-06-16,GB2501868976,146966.0
OGEF,2026-06-16,GB6133195451,603699.0
OGEF,2026-06-16,GB7302891883,320871.0
OGEF,2026-06-16,DE4552803383,386967.0
OGEF,2026-06-16,DE7056432905,238967.0
OGEF,2026-06-16,DE7480626124,34098.0
OGEF,2026-06-16,NL8794770442,148940.0
OGEF,2026-06-16,NL4852030145,181908.0
OGEF,2026-06-16,NL6300628747,288968.0
OGEF,2026-06-16,US6712394756,37907.0
OGEF,2026-06-16,US4191048029,13278.0
OGEF,2026-06-16,US4971148942,124129.0
OGEF,2026-06-16,US7945940377,72273.0
OGEF,2026-06-16,US0070927971,21188.0
OGEF,2026-06-16,US0520962626,55966.0
OGEF,2026-06-16,US0604849957,59156.0
OGEF,2026-06-16,US6024340870,73955.0
OGEF,2026-06-16,US4228635945,258786.0
OGEF,2026-06-16,US8567177308,254812.0
OGEF,2026-06-16,US4303577046,989826.0
OGEF,2026-06-16,HK3628084815,1143826.0
OGEF,2026-06-16,HK6338245649,4680232.0
OGEF,2026-06-16,HK4834475453,1601630.0
OGEF,2026-06-16,IE8257095800,51500.0
OGEF,2026-06-17,GB2368667185,384063.0
OGEF,2026-06-17,GB0160212448,324842.0
OGEF,2026-06-17,GB6447248705,3188670.0
OGEF,2026-06-17,GB2501868976,146966.0
OGEF,2026-06-17,GB6133195451,603699.0
OGEF,2026-06-17,GB7302891883,320871.0
OGEF,2026-06-17,DE4552803383,386967.0
OGEF,2026-06-17,DE7056432905,238967.0
OGEF,2026-06-17,DE7480626124,34098.0
OGEF,2026-06-17,NL8794770442,148940.0
OGEF,2026-06-17,NL4852030145,181908.0
OGEF,2026-06-17,NL6300628747,288968.0
OGEF,2026-06-17,US6712394756,37907.0
OGEF,2026-06-17,US4191048029,13278.0
OGEF,2026-06-17,US4971148942,124129.0
OGEF,2026-06-17,US7945940377,72273.0
OGEF,2026-06-17,US0070927971,21188.0
OGEF,2026-06-17,US0520962626,55966.0
OGEF,2026-06-17,US0604849957,59156.0
OGEF,2026-06-17,US6024340870,73955.0
OGEF,2026-06-17,US4228635945,258786.0
OGEF,2026-06-17,US8567177308,254812.0
OGEF,2026-06-17,US4303577046,989826.0
OGEF,2026-06-17,HK3628084815,1143826.0
OGEF,2026-06-17,HK6338245649,4680232.0
OGEF,2026-06-17,HK4834475453,1601630.0
OGEF,2026-06-17,IE8257095800,51500.0
OGEF,2026-06-18,GB2368667185,384063.0
OGEF,2026-06-18,GB0160212448,324842.0
OGEF,2026-06-18,GB6447248705,3188670.0
OGEF,2026-06-18,GB2501868976,146966.0
OGEF,2026-06-18,GB6133195451,603699.0
OGEF,2026-06-18,GB7302891883,320871.0
OGEF,2026-06-18,DE4552803383,386967.0
OGEF,2026-06-18,DE7056432905,238967.0
OGEF,2026-06-18,DE7480626124,34098.0
OGEF,2026-06-18,NL8794770442,148940.0
OGEF,2026-06-18,NL4852030145,181908.0
OGEF,2026-06-18,NL6300628747,288968.0
OGEF,2026-06-18,US6712394756,37907.0
OGEF,2026-06-18,US4191048029,13278.0
OGEF,2026-06-18,US4971148942,124129.0
OGEF,2026-06-18,US7945940377,72273.0
OGEF,2026-06-18,US0070927971,21188.0
OGEF,2026-06-18,US0520962626,55966.0
OGEF,2026-06-18,US0604849957,59156.0
OGEF,2026-06-18,US6024340870,73955.0
OGEF,2026-06-18,US4228635945,258786.0
OGEF,2026-06-18,US8567177308,254812.0
OGEF,2026-06-18,US4303577046,989826.0
OGEF,2026-06-18,HK3628084815,1143826.0
OGEF,2026-06-18,HK6338245649,4680232.0
OGEF,2026-06-18,HK4834475453,1601630.0
OGEF,2026-06-18,IE8257095800,51500.0
OGEF,2026-06-19,GB2368667185,384063.0
OGEF,2026-06-19,GB0160212448,324842.0
OGEF,2026-06-19,GB6447248705,3188670.0
OGEF,2026-06-19,GB2501868976,146966.0
OGEF,2026-06-19,GB6133195451,603699.0
OGEF,2026-06-19,GB7302891883,320871.0
OGEF,2026-06-19,DE4552803383,386967.0
OGEF,2026-06-19,DE7056432905,238967.0
OGEF,2026-06-19,DE7480626124,34098.0
OGEF,2026-06-19,NL8794770442,148940.0
OGEF,2026-06-19,NL4852030145,181908.0
OGEF,2026-06-19,NL6300628747,288968.0
OGEF,2026-06-19,US6712394756,37907.0
OGEF,2026-06-19,US4191048029,13278.0
OGEF,2026-06-19,US4971148942,124129.0
OGEF,2026-06-19,US7945940377,72273.0
OGEF,2026-06-19,US0070927971,21188.0
OGEF,2026-06-19,US0520962626,55966.0
OGEF,2026-06-19,US0604849957,59156.0
OGEF,2026-06-19,US6024340870,73955.0
OGEF,2026-06-19,US4228635945,258786.0
OGEF,2026-06-19,US8567177308,254812.0
OGEF,2026-06-19,US4303577046,989826.0
OGEF,2026-06-19,HK3628084815,1143826.0
OGEF,2026-06-19,HK6338245649,4680232.0
OGEF,2026-06-19,HK4834475453,1601630.0
OGEF,2026-06-19,IE8257095800,51500.0
OGEF,2026-06-22,GB2368667185,384063.0
OGEF,2026-06-22,GB0160212448,324842.0
OGEF,2026-06-22,GB6447248705,3188670.0
OGEF,2026-06-22,GB2501868976,146966.0
OGEF,2026-06-22,GB6133195451,603699.0
OGEF,2026-06-22,GB7302891883,320871.0
OGEF,2026-06-22,DE4552803383,386967.0
OGEF,2026-06-22,DE7056432905,238967.0
OGEF,2026-06-22,DE7480626124,34098.0
OGEF,2026-06-22,NL8794770442,148940.0
OGEF,2026-06-22,NL4852030145,181908.0
OGEF,2026-06-22,NL6300628747,288968.0
OGEF,2026-06-22,US6712394756,37907.0
OGEF,2026-06-22,US4191048029,13278.0
OGEF,2026-06-22,US4971148942,124129.0
OGEF,2026-06-22,US7945940377,72273.0
OGEF,2026-06-22,US0070927971,21188.0
OGEF,2026-06-22,US0520962626,55966.0
OGEF,2026-06-22,US0604849957,59156.0
OGEF,2026-06-22,US6024340870,73955.0
OGEF,2026-06-22,US4228635945,258786.0
OGEF,2026-06-22,US8567177308,254812.0
OGEF,2026-06-22,US4303577046,989826.0
OGEF,2026-06-22,HK3628084815,1143826.0
OGEF,2026-06-22,HK6338245649,4680232.0
OGEF,2026-06-22,HK4834475453,1601630.0
OGEF,2026-06-22,IE8257095800,51500.0
OGEF,2026-06-23,GB2368667185,384063.0
OGEF,2026-06-23,GB0160212448,324842.0
OGEF,2026-06-23,GB6447248705,3188670.0
OGEF,2026-06-23,GB2501868976,146966.0
OGEF,2026-06-23,GB6133195451,603699.0
OGEF,2026-06-23,GB7302891883,320871.0
OGEF,2026-06-23,DE4552803383,386967.0
OGEF,2026-06-23,DE7056432905,238967.0
OGEF,2026-06-23,DE7480626124,34098.0
OGEF,2026-06-23,NL8794770442,148940.0
OGEF,2026-06-23,NL4852030145,181908.0
OGEF,2026-06-23,NL6300628747,288968.0
OGEF,2026-06-23,US6712394756,37907.0
OGEF,2026-06-23,US4191048029,13278.0
OGEF,2026-06-23,US4971148942,124129.0
OGEF,2026-06-23,US7945940377,72273.0
OGEF,2026-06-23,US0070927971,21188.0
OGEF,2026-06-23,US0520962626,55966.0
OGEF,2026-06-23,US0604849957,59156.0
OGEF,2026-06-23,US6024340870,73955.0
OGEF,2026-06-23,US4228635945,258786.0
OGEF,2026-06-23,US8567177308,254812.0
OGEF,2026-06-23,US4303577046,989826.0
OGEF,2026-06-23,HK3628084815,1143826.0
OGEF,2026-06-23,HK6338245649,4680232.0
OGEF,2026-06-23,HK4834475453,1601630.0
OGEF,2026-06-23,IE8257095800,51500.0
OGEF,2026-06-24,GB2368667185,384063.0
OGEF,2026-06-24,GB0160212448,324842.0
OGEF,2026-06-24,GB6447248705,3188670.0
OGEF,2026-06-24,GB2501868976,146966.0
OGEF,2026-06-24,GB6133195451,603699.0
OGEF,2026-06-24,GB7302891883,320871.0
OGEF,2026-06-24,DE4552803383,386967.0
OGEF,2026-06-24,DE7056432905,238967.0
OGEF,2026-06-24,DE7480626124,34098.0
OGEF,2026-06-24,NL8794770442,148940.0
OGEF,2026-06-24,NL4852030145,181908.0
OGEF,2026-06-24,NL6300628747,288968.0
OGEF,2026-06-24,US6712394756,37907.0
OGEF,2026-06-24,US4191048029,13278.0
OGEF,2026-06-24,US4971148942,124129.0
OGEF,2026-06-24,US7945940377,72273.0
OGEF,2026-06-24,US0070927971,21188.0
OGEF,2026-06-24,US0520962626,55966.0
OGEF,2026-06-24,US0604849957,59156.0
OGEF,2026-06-24,US6024340870,73955.0
OGEF,2026-06-24,US4228635945,258786.0
OGEF,2026-06-24,US8567177308,254812.0
OGEF,2026-06-24,US4303577046,989826.0
OGEF,2026-06-24,HK3628084815,1143826.0
OGEF,2026-06-24,HK6338245649,4680232.0
OGEF,2026-06-24,HK4834475453,1601630.0
OGEF,2026-06-24,IE8257095800,51500.0
OGEF,2026-06-25,GB2368667185,384063.0
OGEF,2026-06-25,GB0160212448,324842.0
OGEF,2026-06-25,GB6447248705,3188670.0
OGEF,2026-06-25,GB2501868976,146966.0
OGEF,2026-06-25,GB6133195451,603699.0
OGEF,2026-06-25,GB7302891883,320871.0
OGEF,2026-06-25,DE4552803383,386967.0
OGEF,2026-06-25,DE7056432905,238967.0
OGEF,2026-06-25,DE7480626124,34098.0
OGEF,2026-06-25,NL8794770442,148940.0
OGEF,2026-06-25,NL4852030145,181908.0
OGEF,2026-06-25,NL6300628747,288968.0
OGEF,2026-06-25,US6712394756,37907.0
OGEF,2026-06-25,US4191048029,13278.0
OGEF,2026-06-25,US4971148942,124129.0
OGEF,2026-06-25,US7945940377,72273.0
OGEF,2026-06-25,US0070927971,21188.0
OGEF,2026-06-25,US0520962626,55966.0
OGEF,2026-06-25,US0604849957,59156.0
OGEF,2026-06-25,US6024340870,73955.0
OGEF,2026-06-25,US4228635945,258786.0
OGEF,2026-06-25,US8567177308,254812.0
OGEF,2026-06-25,US4303577046,989826.0
OGEF,2026-06-25,HK3628084815,1143826.0
OGEF,2026-06-25,HK6338245649,4680232.0
OGEF,2026-06-25,HK4834475453,1601630.0
OGEF,2026-06-25,IE8257095800,51500.0
OGEF,2026-06-26,GB2368667185,384063.0
OGEF,2026-06-26,GB0160212448,324842.0
OGEF,2026-06-26,GB6447248705,3188670.0
OGEF,2026-06-26,GB2501868976,146966.0
OGEF,2026-06-26,GB6133195451,603699.0
OGEF,2026-06-26,GB7302891883,320871.0
OGEF,2026-06-26,DE4552803383,386967.0
OGEF,2026-06-26,DE7056432905,238967.0
OGEF,2026-06-26,DE7480626124,34098.0
OGEF,2026-06-26,NL8794770442,148940.0
OGEF,2026-06-26,NL4852030145,181908.0
OGEF,2026-06-26,NL6300628747,288968.0
OGEF,2026-06-26,US6712394756,37907.0
OGEF,2026-06-26,US4191048029,13278.0
OGEF,2026-06-26,US4971148942,124129.0
OGEF,2026-06-26,US7945940377,72273.0
OGEF,2026-06-26,US0070927971,21188.0
OGEF,2026-06-26,US0520962626,55966.0
OGEF,2026-06-26,US0604849957,59156.0
OGEF,2026-06-26,US6024340870,73955.0
OGEF,2026-06-26,US4228635945,258786.0
OGEF,2026-06-26,US8567177308,254812.0
OGEF,2026-06-26,US4303577046,989826.0
OGEF,2026-06-26,HK3628084815,1143826.0
OGEF,2026-06-26,HK6338245649,4680232.0
OGEF,2026-06-26,HK4834475453,1601630.0
OGEF,2026-06-26,IE8257095800,51500.0
OGEF,2026-06-29,GB2368667185,384063.0
OGEF,2026-06-29,GB0160212448,324842.0
OGEF,2026-06-29,GB6447248705,3188670.0
OGEF,2026-06-29,GB2501868976,146966.0
OGEF,2026-06-29,GB6133195451,603699.0
OGEF,2026-06-29,GB7302891883,320871.0
OGEF,2026-06-29,DE4552803383,386967.0
OGEF,2026-06-29,DE7056432905,238967.0
OGEF,2026-06-29,DE7480626124,34098.0
OGEF,2026-06-29,NL8794770442,148940.0
OGEF,2026-06-29,NL4852030145,181908.0
OGEF,2026-06-29,NL6300628747,288968.0
OGEF,2026-06-29,US6712394756,37907.0
OGEF,2026-06-29,US4191048029,13278.0
OGEF,2026-06-29,US4971148942,124129.0
OGEF,2026-06-29,US7945940377,72273.0
OGEF,2026-06-29,US0070927971,21188.0
OGEF,2026-06-29,US0520962626,55966.0
OGEF,2026-06-29,US0604849957,59156.0
OGEF,2026-06-29,US6024340870,73955.0
OGEF,2026-06-29,US4228635945,258786.0
OGEF,2026-06-29,US8567177308,254812.0
OGEF,2026-06-29,US4303577046,989826.0
OGEF,2026-06-29,HK3628084815,1143826.0
OGEF,2026-06-29,HK6338245649,4680232.0
OGEF,2026-06-29,HK4834475453,1601630.0
OGEF,2026-06-29,IE8257095800,51500.0
OGEF,2026-06-30,GB2368667185,384063.0
OGEF,2026-06-30,GB0160212448,324842.0
OGEF,2026-06-30,GB6447248705,3188670.0
OGEF,2026-06-30,GB2501868976,146966.0
OGEF,2026-06-30,GB6133195451,603699.0
OGEF,2026-06-30,GB7302891883,320871.0
OGEF,2026-06-30,DE4552803383,386967.0
OGEF,2026-06-30,DE7056432905,238967.0
OGEF,2026-06-30,DE7480626124,34098.0
OGEF,2026-06-30,NL8794770442,148940.0
OGEF,2026-06-30,NL4852030145,181908.0
OGEF,2026-06-30,NL6300628747,288968.0
OGEF,2026-06-30,US6712394756,37907.0
OGEF,2026-06-30,US4191048029,13278.0
OGEF,2026-06-30,US4971148942,124129.0
OGEF,2026-06-30,US7945940377,72273.0
OGEF,2026-06-30,US0070927971,21188.0
OGEF,2026-06-30,US0520962626,55966.0
OGEF,2026-06-30,US0604849957,59156.0
OGEF,2026-06-30,US6024340870,73955.0
OGEF,2026-06-30,US4228635945,258786.0
OGEF,2026-06-30,US8567177308,254812.0
OGEF,2026-06-30,US4303577046,989826.0
OGEF,2026-06-30,HK3628084815,1143826.0
OGEF,2026-06-30,HK6338245649,4680232.0
OGEF,2026-06-30,HK4834475453,1601630.0
OGEF,2026-06-30,IE8257095800,51500.0
OGEF,2026-07-01,GB2368667185,384063.0
OGEF,2026-07-01,GB0160212448,324842.0
OGEF,2026-07-01,GB6447248705,3188670.0
OGEF,2026-07-01,GB2501868976,146966.0
OGEF,2026-07-01,GB6133195451,603699.0
OGEF,2026-07-01,GB7302891883,320871.0
OGEF,2026-07-01,DE4552803383,385573.0
OGEF,2026-07-01,DE7056432905,239545.0
OGEF,2026-07-01,DE7480626124,34098.0
OGEF,2026-07-01,NL8794770442,148940.0
OGEF,2026-07-01,NL4852030145,181908.0
OGEF,2026-07-01,NL6300628747,288968.0
OGEF,2026-07-01,US6712394756,37907.0
OGEF,2026-07-01,US4191048029,13278.0
OGEF,2026-07-01,US4971148942,124129.0
OGEF,2026-07-01,US7945940377,72273.0
OGEF,2026-07-01,US0070927971,21188.0
OGEF,2026-07-01,US0520962626,55966.0
OGEF,2026-07-01,US0604849957,59156.0
OGEF,2026-07-01,US6024340870,73955.0
OGEF,2026-07-01,US4228635945,258786.0
OGEF,2026-07-01,US8567177308,245815.0
OGEF,2026-07-01,US4303577046,989826.0
OGEF,2026-07-01,HK3628084815,1143826.0
OGEF,2026-07-01,HK6338245649,4680232.0
OGEF,2026-07-01,HK4834475453,1601630.0
OGEF,2026-07-01,IE8257095800,51500.0
OGEF,2026-07-02,GB2368667185,384063.0
OGEF,2026-07-02,GB0160212448,324842.0
OGEF,2026-07-02,GB6447248705,3188670.0
OGEF,2026-07-02,GB2501868976,146966.0
OGEF,2026-07-02,GB6133195451,603699.0
OGEF,2026-07-02,GB7302891883,320871.0
OGEF,2026-07-02,DE4552803383,385573.0
OGEF,2026-07-02,DE7056432905,239545.0
OGEF,2026-07-02,DE7480626124,34098.0
OGEF,2026-07-02,NL8794770442,148940.0
OGEF,2026-07-02,NL4852030145,181908.0
OGEF,2026-07-02,NL6300628747,288968.0
OGEF,2026-07-02,US6712394756,37907.0
OGEF,2026-07-02,US4191048029,13278.0
OGEF,2026-07-02,US4971148942,124129.0
OGEF,2026-07-02,US7945940377,72273.0
OGEF,2026-07-02,US0070927971,21188.0
OGEF,2026-07-02,US0520962626,55966.0
OGEF,2026-07-02,US0604849957,59156.0
OGEF,2026-07-02,US6024340870,73955.0
OGEF,2026-07-02,US4228635945,258786.0
OGEF,2026-07-02,US8567177308,245815.0
OGEF,2026-07-02,US4303577046,989826.0
OGEF,2026-07-02,HK3628084815,1143826.0
OGEF,2026-07-02,HK6338245649,4680232.0
OGEF,2026-07-02,HK4834475453,1601630.0
OGEF,2026-07-02,IE8257095800,51500.0
OGEF,2026-07-03,GB2368667185,384063.0
OGEF,2026-07-03,GB0160212448,324842.0
OGEF,2026-07-03,GB6447248705,3188670.0
OGEF,2026-07-03,GB2501868976,146966.0
OGEF,2026-07-03,GB6133195451,603699.0
OGEF,2026-07-03,GB7302891883,320871.0
OGEF,2026-07-03,DE4552803383,385573.0
OGEF,2026-07-03,DE7056432905,239545.0
OGEF,2026-07-03,DE7480626124,34098.0
OGEF,2026-07-03,NL8794770442,148940.0
OGEF,2026-07-03,NL4852030145,181908.0
OGEF,2026-07-03,NL6300628747,288968.0
OGEF,2026-07-03,US6712394756,37907.0
OGEF,2026-07-03,US4191048029,13278.0
OGEF,2026-07-03,US4971148942,124129.0
OGEF,2026-07-03,US7945940377,72273.0
OGEF,2026-07-03,US0070927971,21188.0
OGEF,2026-07-03,US0520962626,55966.0
OGEF,2026-07-03,US0604849957,59156.0
OGEF,2026-07-03,US6024340870,73955.0
OGEF,2026-07-03,US4228635945,258786.0
OGEF,2026-07-03,US8567177308,245815.0
OGEF,2026-07-03,US4303577046,989826.0
OGEF,2026-07-03,HK3628084815,1143826.0
OGEF,2026-07-03,HK6338245649,4680232.0
OGEF,2026-07-03,HK4834475453,1601630.0
OGEF,2026-07-03,IE8257095800,51500.0
OGEF,2026-07-06,GB2368667185,384063.0
OGEF,2026-07-06,GB0160212448,324842.0
OGEF,2026-07-06,GB6447248705,3188670.0
OGEF,2026-07-06,GB2501868976,146966.0
OGEF,2026-07-06,GB6133195451,603699.0
OGEF,2026-07-06,GB7302891883,320871.0
OGEF,2026-07-06,DE4552803383,385573.0
OGEF,2026-07-06,DE7056432905,239545.0
OGEF,2026-07-06,DE7480626124,34098.0
OGEF,2026-07-06,NL8794770442,148940.0
OGEF,2026-07-06,NL4852030145,181908.0
OGEF,2026-07-06,NL6300628747,288968.0
OGEF,2026-07-06,US6712394756,37907.0
OGEF,2026-07-06,US4191048029,13278.0
OGEF,2026-07-06,US4971148942,124129.0
OGEF,2026-07-06,US7945940377,72273.0
OGEF,2026-07-06,US0070927971,21188.0
OGEF,2026-07-06,US0520962626,55966.0
OGEF,2026-07-06,US0604849957,59156.0
OGEF,2026-07-06,US6024340870,73955.0
OGEF,2026-07-06,US4228635945,258786.0
OGEF,2026-07-06,US8567177308,245815.0
OGEF,2026-07-06,US4303577046,989826.0
OGEF,2026-07-06,HK3628084815,1143826.0
OGEF,2026-07-06,HK6338245649,4680232.0
OGEF,2026-07-06,HK4834475453,1601630.0
OGEF,2026-07-06,IE8257095800,51500.0
OGEF,2026-07-07,GB2368667185,384063.0
OGEF,2026-07-07,GB0160212448,324842.0
OGEF,2026-07-07,GB6447248705,3188670.0
OGEF,2026-07-07,GB2501868976,146966.0
OGEF,2026-07-07,GB6133195451,603699.0
OGEF,2026-07-07,GB7302891883,320871.0
OGEF,2026-07-07,DE4552803383,385573.0
OGEF,2026-07-07,DE7056432905,239545.0
OGEF,2026-07-07,DE7480626124,34098.0
OGEF,2026-07-07,NL8794770442,148940.0
OGEF,2026-07-07,NL4852030145,181908.0
OGEF,2026-07-07,NL6300628747,288968.0
OGEF,2026-07-07,US6712394756,37907.0
OGEF,2026-07-07,US4191048029,13278.0
OGEF,2026-07-07,US4971148942,124129.0
OGEF,2026-07-07,US7945940377,72273.0
OGEF,2026-07-07,US0070927971,21188.0
OGEF,2026-07-07,US0520962626,55966.0
OGEF,2026-07-07,US0604849957,59156.0
OGEF,2026-07-07,US6024340870,73955.0
OGEF,2026-07-07,US4228635945,258786.0
OGEF,2026-07-07,US8567177308,245815.0
OGEF,2026-07-07,US4303577046,989826.0
OGEF,2026-07-07,HK3628084815,1143826.0
OGEF,2026-07-07,HK6338245649,4680232.0
OGEF,2026-07-07,HK4834475453,1601630.0
OGEF,2026-07-07,IE8257095800,51500.0
OGEF,2026-07-08,GB2368667185,384063.0
OGEF,2026-07-08,GB0160212448,324842.0
OGEF,2026-07-08,GB6447248705,3188670.0
OGEF,2026-07-08,GB2501868976,146966.0
OGEF,2026-07-08,GB6133195451,603699.0
OGEF,2026-07-08,GB7302891883,320871.0
OGEF,2026-07-08,DE4552803383,385573.0
OGEF,2026-07-08,DE7056432905,239545.0
OGEF,2026-07-08,DE7480626124,34098.0
OGEF,2026-07-08,NL8794770442,148940.0
OGEF,2026-07-08,NL4852030145,181908.0
OGEF,2026-07-08,NL6300628747,288968.0
OGEF,2026-07-08,US6712394756,37907.0
OGEF,2026-07-08,US4191048029,13278.0
OGEF,2026-07-08,US4971148942,124129.0
OGEF,2026-07-08,US7945940377,72273.0
OGEF,2026-07-08,US0070927971,21188.0
OGEF,2026-07-08,US0520962626,55966.0
OGEF,2026-07-08,US0604849957,59156.0
OGEF,2026-07-08,US6024340870,73955.0
OGEF,2026-07-08,US4228635945,258786.0
OGEF,2026-07-08,US8567177308,245815.0
OGEF,2026-07-08,US4303577046,989826.0
OGEF,2026-07-08,HK3628084815,1143826.0
OGEF,2026-07-08,HK6338245649,4680232.0
OGEF,2026-07-08,HK4834475453,1601630.0
OGEF,2026-07-08,IE8257095800,51500.0
OGEF,2026-07-09,GB2368667185,384063.0
OGEF,2026-07-09,GB0160212448,324842.0
OGEF,2026-07-09,GB6447248705,3188670.0
OGEF,2026-07-09,GB2501868976,146966.0
OGEF,2026-07-09,GB6133195451,603699.0
OGEF,2026-07-09,GB7302891883,320871.0
OGEF,2026-07-09,DE4552803383,385573.0
OGEF,2026-07-09,DE7056432905,239545.0
OGEF,2026-07-09,DE7480626124,34098.0
OGEF,2026-07-09,NL8794770442,148940.0
OGEF,2026-07-09,NL4852030145,181908.0
OGEF,2026-07-09,NL6300628747,288968.0
OGEF,2026-07-09,US6712394756,37907.0
OGEF,2026-07-09,US4191048029,13278.0
OGEF,2026-07-09,US4971148942,124129.0
OGEF,2026-07-09,US7945940377,72273.0
OGEF,2026-07-09,US0070927971,21188.0
OGEF,2026-07-09,US0520962626,55966.0
OGEF,2026-07-09,US0604849957,59156.0
OGEF,2026-07-09,US6024340870,73955.0
OGEF,2026-07-09,US4228635945,258786.0
OGEF,2026-07-09,US8567177308,245815.0
OGEF,2026-07-09,US4303577046,989826.0
OGEF,2026-07-09,HK3628084815,1143826.0
OGEF,2026-07-09,HK6338245649,4680232.0
OGEF,2026-07-09,HK4834475453,1601630.0
OGEF,2026-07-09,IE8257095800,51500.0
OGEF,2026-07-10,GB2368667185,384063.0
OGEF,2026-07-10,GB0160212448,324842.0
OGEF,2026-07-10,GB6447248705,3188670.0
OGEF,2026-07-10,GB2501868976,146966.0
OGEF,2026-07-10,GB6133195451,603699.0
OGEF,2026-07-10,GB7302891883,320871.0
OGEF,2026-07-10,DE4552803383,385573.0
OGEF,2026-07-10,DE7056432905,239545.0
OGEF,2026-07-10,DE7480626124,34098.0
OGEF,2026-07-10,NL8794770442,148940.0
OGEF,2026-07-10,NL4852030145,181908.0
OGEF,2026-07-10,NL6300628747,288968.0
OGEF,2026-07-10,US6712394756,37907.0
OGEF,2026-07-10,US4191048029,13278.0
OGEF,2026-07-10,US4971148942,124129.0
OGEF,2026-07-10,US7945940377,72273.0
OGEF,2026-07-10,US0070927971,21188.0
OGEF,2026-07-10,US0520962626,55966.0
OGEF,2026-07-10,US0604849957,59156.0
OGEF,2026-07-10,US6024340870,73955.0
OGEF,2026-07-10,US4228635945,258786.0
OGEF,2026-07-10,US8567177308,245815.0
OGEF,2026-07-10,US4303577046,989826.0
OGEF,2026-07-10,HK3628084815,1143826.0
OGEF,2026-07-10,HK6338245649,4680232.0
OGEF,2026-07-10,HK4834475453,1601630.0
OGEF,2026-07-10,IE8257095800,51500.0
OGEF,2026-07-13,GB2368667185,384063.0
OGEF,2026-07-13,GB0160212448,324842.0
OGEF,2026-07-13,GB6447248705,3188670.0
OGEF,2026-07-13,GB2501868976,146966.0
OGEF,2026-07-13,GB6133195451,603699.0
OGEF,2026-07-13,GB7302891883,320871.0
OGEF,2026-07-13,DE4552803383,385573.0
OGEF,2026-07-13,DE7056432905,239545.0
OGEF,2026-07-13,DE7480626124,34098.0
OGEF,2026-07-13,NL8794770442,148940.0
OGEF,2026-07-13,NL4852030145,181908.0
OGEF,2026-07-13,NL6300628747,288968.0
OGEF,2026-07-13,US6712394756,37907.0
OGEF,2026-07-13,US4191048029,13278.0
OGEF,2026-07-13,US4971148942,124129.0
OGEF,2026-07-13,US7945940377,72273.0
OGEF,2026-07-13,US0070927971,21188.0
OGEF,2026-07-13,US0520962626,55966.0
OGEF,2026-07-13,US0604849957,59156.0
OGEF,2026-07-13,US6024340870,73955.0
OGEF,2026-07-13,US4228635945,258786.0
OGEF,2026-07-13,US8567177308,245815.0
OGEF,2026-07-13,US4303577046,989826.0
OGEF,2026-07-13,HK3628084815,1143826.0
OGEF,2026-07-13,HK6338245649,4680232.0
OGEF,2026-07-13,HK4834475453,1601630.0
OGEF,2026-07-13,IE8257095800,51500.0
OGEF,2026-07-14,GB2368667185,384063.0
OGEF,2026-07-14,GB0160212448,324842.0
OGEF,2026-07-14,GB6447248705,3188670.0
OGEF,2026-07-14,GB2501868976,146966.0
OGEF,2026-07-14,GB6133195451,603699.0
OGEF,2026-07-14,GB7302891883,320871.0
OGEF,2026-07-14,DE4552803383,385573.0
OGEF,2026-07-14,DE7056432905,239545.0
OGEF,2026-07-14,DE7480626124,34098.0
OGEF,2026-07-14,NL8794770442,148940.0
OGEF,2026-07-14,NL4852030145,181908.0
OGEF,2026-07-14,NL6300628747,288968.0
OGEF,2026-07-14,US6712394756,37907.0
OGEF,2026-07-14,US4191048029,13278.0
OGEF,2026-07-14,US4971148942,124129.0
OGEF,2026-07-14,US7945940377,72273.0
OGEF,2026-07-14,US0070927971,21188.0
OGEF,2026-07-14,US0520962626,55966.0
OGEF,2026-07-14,US0604849957,59156.0
OGEF,2026-07-14,US6024340870,73955.0
OGEF,2026-07-14,US4228635945,258786.0
OGEF,2026-07-14,US8567177308,245815.0
OGEF,2026-07-14,US4303577046,989826.0
OGEF,2026-07-14,HK3628084815,1143826.0
OGEF,2026-07-14,HK6338245649,4680232.0
OGEF,2026-07-14,HK4834475453,1601630.0
OGEF,2026-07-14,IE8257095800,51500.0
OGEF,2026-07-15,GB2368667185,384063.0
OGEF,2026-07-15,GB0160212448,324842.0
OGEF,2026-07-15,GB6447248705,3188670.0
OGEF,2026-07-15,GB2501868976,146966.0
OGEF,2026-07-15,GB6133195451,603699.0
OGEF,2026-07-15,GB7302891883,320871.0
OGEF,2026-07-15,DE4552803383,385573.0
OGEF,2026-07-15,DE7056432905,239545.0
OGEF,2026-07-15,DE7480626124,34098.0
OGEF,2026-07-15,NL8794770442,148940.0
OGEF,2026-07-15,NL4852030145,181908.0
OGEF,2026-07-15,NL6300628747,288968.0
OGEF,2026-07-15,US6712394756,37907.0
OGEF,2026-07-15,US4191048029,13278.0
OGEF,2026-07-15,US4971148942,124129.0
OGEF,2026-07-15,US7945940377,72273.0
OGEF,2026-07-15,US0070927971,21188.0
OGEF,2026-07-15,US0520962626,55966.0
OGEF,2026-07-15,US0604849957,59156.0
OGEF,2026-07-15,US6024340870,73955.0
OGEF,2026-07-15,US4228635945,258786.0
OGEF,2026-07-15,US8567177308,245815.0
OGEF,2026-07-15,US4303577046,989826.0
OGEF,2026-07-15,HK3628084815,1143826.0
OGEF,2026-07-15,HK6338245649,4680232.0
OGEF,2026-07-15,HK4834475453,1601630.0
OGEF,2026-07-15,IE8257095800,51500.0
OGEF,2026-07-16,GB2368667185,384063.0
OGEF,2026-07-16,GB0160212448,324842.0
OGEF,2026-07-16,GB6447248705,3188670.0
OGEF,2026-07-16,GB2501868976,146966.0
OGEF,2026-07-16,GB6133195451,603699.0
OGEF,2026-07-16,GB7302891883,320871.0
OGEF,2026-07-16,DE4552803383,385573.0
OGEF,2026-07-16,DE7056432905,239545.0
OGEF,2026-07-16,DE7480626124,34098.0
OGEF,2026-07-16,NL8794770442,148940.0
OGEF,2026-07-16,NL4852030145,181908.0
OGEF,2026-07-16,NL6300628747,288968.0
OGEF,2026-07-16,US6712394756,37907.0
OGEF,2026-07-16,US4191048029,13278.0
OGEF,2026-07-16,US4971148942,124129.0
OGEF,2026-07-16,US7945940377,72273.0
OGEF,2026-07-16,US0070927971,21188.0
OGEF,2026-07-16,US0520962626,55966.0
OGEF,2026-07-16,US0604849957,59156.0
OGEF,2026-07-16,US6024340870,73955.0
OGEF,2026-07-16,US4228635945,258786.0
OGEF,2026-07-16,US8567177308,245815.0
OGEF,2026-07-16,US4303577046,989826.0
OGEF,2026-07-16,HK3628084815,1143826.0
OGEF,2026-07-16,HK6338245649,4680232.0
OGEF,2026-07-16,HK4834475453,1601630.0
OGEF,2026-07-16,IE8257095800,51500.0
OGEF,2026-07-17,GB2368667185,384063.0
OGEF,2026-07-17,GB0160212448,324842.0
OGEF,2026-07-17,GB6447248705,3188670.0
OGEF,2026-07-17,GB2501868976,146966.0
OGEF,2026-07-17,GB6133195451,603699.0
OGEF,2026-07-17,GB7302891883,320871.0
OGEF,2026-07-17,DE4552803383,385573.0
OGEF,2026-07-17,DE7056432905,239545.0
OGEF,2026-07-17,DE7480626124,34098.0
OGEF,2026-07-17,NL8794770442,148940.0
OGEF,2026-07-17,NL4852030145,181908.0
OGEF,2026-07-17,NL6300628747,288968.0
OGEF,2026-07-17,US6712394756,37907.0
OGEF,2026-07-17,US4191048029,13278.0
OGEF,2026-07-17,US4971148942,124129.0
OGEF,2026-07-17,US7945940377,72273.0
OGEF,2026-07-17,US0070927971,21188.0
OGEF,2026-07-17,US0520962626,55966.0
OGEF,2026-07-17,US0604849957,59156.0
OGEF,2026-07-17,US6024340870,73955.0
OGEF,2026-07-17,US4228635945,258786.0
OGEF,2026-07-17,US8567177308,245815.0
OGEF,2026-07-17,US4303577046,989826.0
OGEF,2026-07-17,HK3628084815,1143826.0
OGEF,2026-07-17,HK6338245649,4680232.0
OGEF,2026-07-17,HK4834475453,1601630.0
OGEF,2026-07-17,IE8257095800,51500.0
OGEF,2026-07-20,GB2368667185,384063.0
OGEF,2026-07-20,GB0160212448,324842.0
OGEF,2026-07-20,GB6447248705,3188670.0
OGEF,2026-07-20,GB2501868976,146966.0
OGEF,2026-07-20,GB6133195451,603699.0
OGEF,2026-07-20,GB7302891883,320871.0
OGEF,2026-07-20,DE4552803383,385573.0
OGEF,2026-07-20,DE7056432905,239545.0
OGEF,2026-07-20,DE7480626124,34098.0
OGEF,2026-07-20,NL8794770442,148940.0
OGEF,2026-07-20,NL4852030145,181908.0
OGEF,2026-07-20,NL6300628747,288968.0
OGEF,2026-07-20,US6712394756,37907.0
OGEF,2026-07-20,US4191048029,13278.0
OGEF,2026-07-20,US4971148942,124129.0
OGEF,2026-07-20,US7945940377,72273.0
OGEF,2026-07-20,US0070927971,21188.0
OGEF,2026-07-20,US0520962626,55966.0
OGEF,2026-07-20,US0604849957,59156.0
OGEF,2026-07-20,US6024340870,73955.0
OGEF,2026-07-20,US4228635945,258786.0
OGEF,2026-07-20,US8567177308,245815.0
OGEF,2026-07-20,US4303577046,989826.0
OGEF,2026-07-20,HK3628084815,1143826.0
OGEF,2026-07-20,HK6338245649,4680232.0
OGEF,2026-07-20,HK4834475453,1601630.0
OGEF,2026-07-20,IE8257095800,51500.0
OGEF,2026-07-21,GB2368667185,384063.0
OGEF,2026-07-21,GB0160212448,324842.0
OGEF,2026-07-21,GB6447248705,3188670.0
OGEF,2026-07-21,GB2501868976,146966.0
OGEF,2026-07-21,GB6133195451,603699.0
OGEF,2026-07-21,GB7302891883,320871.0
OGEF,2026-07-21,DE4552803383,385573.0
OGEF,2026-07-21,DE7056432905,239545.0
OGEF,2026-07-21,DE7480626124,34098.0
OGEF,2026-07-21,NL8794770442,148940.0
OGEF,2026-07-21,NL4852030145,181908.0
OGEF,2026-07-21,NL6300628747,288968.0
OGEF,2026-07-21,US6712394756,37907.0
OGEF,2026-07-21,US4191048029,13278.0
OGEF,2026-07-21,US4971148942,124129.0
OGEF,2026-07-21,US7945940377,72273.0
OGEF,2026-07-21,US0070927971,21188.0
OGEF,2026-07-21,US0520962626,55966.0
OGEF,2026-07-21,US0604849957,59156.0
OGEF,2026-07-21,US6024340870,73955.0
OGEF,2026-07-21,US4228635945,258786.0
OGEF,2026-07-21,US8567177308,245815.0
OGEF,2026-07-21,US4303577046,989826.0
OGEF,2026-07-21,HK3628084815,1143826.0
OGEF,2026-07-21,HK6338245649,4680232.0
OGEF,2026-07-21,HK4834475453,1601630.0
OGEF,2026-07-21,IE8257095800,51500.0
OGEF,2026-07-22,GB2368667185,384063.0
OGEF,2026-07-22,GB0160212448,324842.0
OGEF,2026-07-22,GB6447248705,3188670.0
OGEF,2026-07-22,GB2501868976,146966.0
OGEF,2026-07-22,GB6133195451,603699.0
OGEF,2026-07-22,GB7302891883,320871.0
OGEF,2026-07-22,DE4552803383,385573.0
OGEF,2026-07-22,DE7056432905,239545.0
OGEF,2026-07-22,DE7480626124,34098.0
OGEF,2026-07-22,NL8794770442,148940.0
OGEF,2026-07-22,NL4852030145,181908.0
OGEF,2026-07-22,NL6300628747,288968.0
OGEF,2026-07-22,US6712394756,37907.0
OGEF,2026-07-22,US4191048029,13278.0
OGEF,2026-07-22,US4971148942,124129.0
OGEF,2026-07-22,US7945940377,72273.0
OGEF,2026-07-22,US0070927971,21188.0
OGEF,2026-07-22,US0520962626,55966.0
OGEF,2026-07-22,US0604849957,59156.0
OGEF,2026-07-22,US6024340870,73955.0
OGEF,2026-07-22,US4228635945,258786.0
OGEF,2026-07-22,US8567177308,245815.0
OGEF,2026-07-22,US4303577046,989826.0
OGEF,2026-07-22,HK3628084815,1143826.0
OGEF,2026-07-22,HK6338245649,4680232.0
OGEF,2026-07-22,HK4834475453,1601630.0
OGEF,2026-07-22,IE8257095800,51500.0
OGEF,2026-07-23,GB2368667185,384063.0
OGEF,2026-07-23,GB0160212448,324842.0
OGEF,2026-07-23,GB6447248705,3188670.0
OGEF,2026-07-23,GB2501868976,146966.0
OGEF,2026-07-23,GB6133195451,603699.0
OGEF,2026-07-23,GB7302891883,320871.0
OGEF,2026-07-23,DE4552803383,385573.0
OGEF,2026-07-23,DE7056432905,239545.0
OGEF,2026-07-23,DE7480626124,34098.0
OGEF,2026-07-23,NL8794770442,148940.0
OGEF,2026-07-23,NL4852030145,181908.0
OGEF,2026-07-23,NL6300628747,288968.0
OGEF,2026-07-23,US6712394756,37907.0
OGEF,2026-07-23,US4191048029,13278.0
OGEF,2026-07-23,US4971148942,124129.0
OGEF,2026-07-23,US7945940377,72273.0
OGEF,2026-07-23,US0070927971,21188.0
OGEF,2026-07-23,US0520962626,55966.0
OGEF,2026-07-23,US0604849957,59156.0
OGEF,2026-07-23,US6024340870,73955.0
OGEF,2026-07-23,US4228635945,258786.0
OGEF,2026-07-23,US8567177308,245815.0
OGEF,2026-07-23,US4303577046,989826.0
OGEF,2026-07-23,HK3628084815,1143826.0
OGEF,2026-07-23,HK6338245649,4680232.0
OGEF,2026-07-23,HK4834475453,1601630.0
OGEF,2026-07-23,IE8257095800,51500.0
OGEF,2026-07-24,GB2368667185,384063.0
OGEF,2026-07-24,GB0160212448,324842.0
OGEF,2026-07-24,GB6447248705,3188670.0
OGEF,2026-07-24,GB2501868976,146966.0
OGEF,2026-07-24,GB6133195451,603699.0
OGEF,2026-07-24,GB7302891883,320871.0
OGEF,2026-07-24,DE4552803383,385573.0
OGEF,2026-07-24,DE7056432905,239545.0
OGEF,2026-07-24,DE7480626124,34098.0
OGEF,2026-07-24,NL8794770442,148940.0
OGEF,2026-07-24,NL4852030145,181908.0
OGEF,2026-07-24,NL6300628747,288968.0
OGEF,2026-07-24,US6712394756,37907.0
OGEF,2026-07-24,US4191048029,13278.0
OGEF,2026-07-24,US4971148942,124129.0
OGEF,2026-07-24,US7945940377,72273.0
OGEF,2026-07-24,US0070927971,21188.0
OGEF,2026-07-24,US0520962626,55966.0
OGEF,2026-07-24,US0604849957,59156.0
OGEF,2026-07-24,US6024340870,73955.0
OGEF,2026-07-24,US4228635945,258786.0
OGEF,2026-07-24,US8567177308,245815.0
OGEF,2026-07-24,US4303577046,989826.0
OGEF,2026-07-24,HK3628084815,1143826.0
OGEF,2026-07-24,HK6338245649,4680232.0
OGEF,2026-07-24,HK4834475453,1601630.0
OGEF,2026-07-24,IE8257095800,51500.0
OGEF,2026-07-27,GB2368667185,384063.0
OGEF,2026-07-27,GB0160212448,324842.0
OGEF,2026-07-27,GB6447248705,3188670.0
OGEF,2026-07-27,GB2501868976,146966.0
OGEF,2026-07-27,GB6133195451,603699.0
OGEF,2026-07-27,GB7302891883,320871.0
OGEF,2026-07-27,DE4552803383,385573.0
OGEF,2026-07-27,DE7056432905,239545.0
OGEF,2026-07-27,DE7480626124,34098.0
OGEF,2026-07-27,NL8794770442,148940.0
OGEF,2026-07-27,NL4852030145,181908.0
OGEF,2026-07-27,NL6300628747,288968.0
OGEF,2026-07-27,US6712394756,37907.0
OGEF,2026-07-27,US4191048029,13278.0
OGEF,2026-07-27,US4971148942,124129.0
OGEF,2026-07-27,US7945940377,72273.0
OGEF,2026-07-27,US0070927971,21188.0
OGEF,2026-07-27,US0520962626,55966.0
OGEF,2026-07-27,US0604849957,59156.0
OGEF,2026-07-27,US6024340870,73955.0
OGEF,2026-07-27,US4228635945,258786.0
OGEF,2026-07-27,US8567177308,245815.0
OGEF,2026-07-27,US4303577046,989826.0
OGEF,2026-07-27,HK3628084815,1143826.0
OGEF,2026-07-27,HK6338245649,4680232.0
OGEF,2026-07-27,HK4834475453,1601630.0
OGEF,2026-07-27,IE8257095800,51500.0
OGEF,2026-07-28,GB2368667185,384063.0
OGEF,2026-07-28,GB0160212448,324842.0
OGEF,2026-07-28,GB6447248705,3188670.0
OGEF,2026-07-28,GB2501868976,146966.0
OGEF,2026-07-28,GB6133195451,603699.0
OGEF,2026-07-28,GB7302891883,320871.0
OGEF,2026-07-28,DE4552803383,385573.0
OGEF,2026-07-28,DE7056432905,239545.0
OGEF,2026-07-28,DE7480626124,34098.0
OGEF,2026-07-28,NL8794770442,148940.0
OGEF,2026-07-28,NL4852030145,181908.0
OGEF,2026-07-28,NL6300628747,288968.0
OGEF,2026-07-28,US6712394756,37907.0
OGEF,2026-07-28,US4191048029,13278.0
OGEF,2026-07-28,US4971148942,124129.0
OGEF,2026-07-28,US7945940377,72273.0
OGEF,2026-07-28,US0070927971,21188.0
OGEF,2026-07-28,US0520962626,55966.0
OGEF,2026-07-28,US0604849957,59156.0
OGEF,2026-07-28,US6024340870,73955.0
OGEF,2026-07-28,US4228635945,258786.0
OGEF,2026-07-28,US8567177308,245815.0
OGEF,2026-07-28,US4303577046,989826.0
OGEF,2026-07-28,HK3628084815,1143826.0
OGEF,2026-07-28,HK6338245649,4680232.0
OGEF,2026-07-28,HK4834475453,1601630.0
OGEF,2026-07-28,IE8257095800,51500.0
OGEF,2026-07-29,GB2368667185,384063.0
OGEF,2026-07-29,GB0160212448,324842.0
OGEF,2026-07-29,GB6447248705,3188670.0
OGEF,2026-07-29,GB2501868976,146966.0
OGEF,2026-07-29,GB6133195451,603699.0
OGEF,2026-07-29,GB7302891883,320871.0
OGEF,2026-07-29,DE4552803383,385573.0
OGEF,2026-07-29,DE7056432905,239545.0
OGEF,2026-07-29,DE7480626124,34098.0
OGEF,2026-07-29,NL8794770442,148940.0
OGEF,2026-07-29,NL4852030145,181908.0
OGEF,2026-07-29,NL6300628747,288968.0
OGEF,2026-07-29,US6712394756,37907.0
OGEF,2026-07-29,US4191048029,13278.0
OGEF,2026-07-29,US4971148942,124129.0
OGEF,2026-07-29,US7945940377,72273.0
OGEF,2026-07-29,US0070927971,21188.0
OGEF,2026-07-29,US0520962626,55966.0
OGEF,2026-07-29,US0604849957,59156.0
OGEF,2026-07-29,US6024340870,73955.0
OGEF,2026-07-29,US4228635945,258786.0
OGEF,2026-07-29,US8567177308,245815.0
OGEF,2026-07-29,US4303577046,989826.0
OGEF,2026-07-29,HK3628084815,1143826.0
OGEF,2026-07-29,HK6338245649,4680232.0
OGEF,2026-07-29,HK4834475453,1601630.0
OGEF,2026-07-29,IE8257095800,51500.0
OGEF,2026-07-30,GB2368667185,384063.0
OGEF,2026-07-30,GB0160212448,324842.0
OGEF,2026-07-30,GB6447248705,3188670.0
OGEF,2026-07-30,GB2501868976,146966.0
OGEF,2026-07-30,GB6133195451,603699.0
OGEF,2026-07-30,GB7302891883,320871.0
OGEF,2026-07-30,DE4552803383,385573.0
OGEF,2026-07-30,DE7056432905,239545.0
OGEF,2026-07-30,DE7480626124,31921.0
OGEF,2026-07-30,NL8794770442,148940.0
OGEF,2026-07-30,NL4852030145,181908.0
OGEF,2026-07-30,NL6300628747,288968.0
OGEF,2026-07-30,US6712394756,37907.0
OGEF,2026-07-30,US4191048029,13278.0
OGEF,2026-07-30,US4971148942,124129.0
OGEF,2026-07-30,US7945940377,72273.0
OGEF,2026-07-30,US0070927971,21188.0
OGEF,2026-07-30,US0520962626,55966.0
OGEF,2026-07-30,US0604849957,60862.0
OGEF,2026-07-30,US6024340870,73955.0
OGEF,2026-07-30,US4228635945,258786.0
OGEF,2026-07-30,US8567177308,245815.0
OGEF,2026-07-30,US4303577046,989826.0
OGEF,2026-07-30,HK3628084815,1074674.0
OGEF,2026-07-30,HK6338245649,4680232.0
OGEF,2026-07-30,HK4834475453,1601630.0
OGEF,2026-07-30,IE8257095800,51500.0
OGEF,2026-07-31,GB2368667185,384063.0
OGEF,2026-07-31,GB0160212448,324842.0
OGEF,2026-07-31,GB6447248705,3188670.0
OGEF,2026-07-31,GB2501868976,146966.0
OGEF,2026-07-31,GB6133195451,603699.0
OGEF,2026-07-31,GB7302891883,320871.0
OGEF,2026-07-31,DE4552803383,385573.0
OGEF,2026-07-31,DE7056432905,239545.0
OGEF,2026-07-31,DE7480626124,31921.0
OGEF,2026-07-31,NL8794770442,148940.0
OGEF,2026-07-31,NL4852030145,181908.0
OGEF,2026-07-31,NL6300628747,288968.0
OGEF,2026-07-31,US6712394756,37907.0
OGEF,2026-07-31,US4191048029,13278.0
OGEF,2026-07-31,US4971148942,124129.0
OGEF,2026-07-31,US7945940377,72273.0
OGEF,2026-07-31,US0070927971,21188.0
OGEF,2026-07-31,US0520962626,55966.0
OGEF,2026-07-31,US0604849957,60862.0
OGEF,2026-07-31,US6024340870,73955.0
OGEF,2026-07-31,US4228635945,258786.0
OGEF,2026-07-31,US8567177308,245815.0
OGEF,2026-07-31,US4303577046,989826.0
OGEF,2026-07-31,HK3628084815,1074674.0
OGEF,2026-07-31,HK6338245649,4680232.0
OGEF,2026-07-31,HK4834475453,1601630.0
OGEF,2026-07-31,IE8257095800,51500.0
OGEF,2026-08-03,GB2368667185,384063.0
OGEF,2026-08-03,GB0160212448,324842.0
OGEF,2026-08-03,GB6447248705,3188670.0
OGEF,2026-08-03,GB2501868976,146966.0
OGEF,2026-08-03,GB6133195451,603699.0
OGEF,2026-08-03,GB7302891883,320871.0
OGEF,2026-08-03,DE4552803383,385573.0
OGEF,2026-08-03,DE7056432905,239545.0
OGEF,2026-08-03,DE7480626124,31921.0
OGEF,2026-08-03,NL8794770442,148940.0
OGEF,2026-08-03,NL4852030145,181908.0
OGEF,2026-08-03,NL6300628747,288968.0
OGEF,2026-08-03,US6712394756,37907.0
OGEF,2026-08-03,US4191048029,13278.0
OGEF,2026-08-03,US4971148942,124129.0
OGEF,2026-08-03,US7945940377,72273.0
OGEF,2026-08-03,US0070927971,21188.0
OGEF,2026-08-03,US0520962626,55966.0
OGEF,2026-08-03,US0604849957,60862.0
OGEF,2026-08-03,US6024340870,73955.0
OGEF,2026-08-03,US4228635945,258786.0
OGEF,2026-08-03,US8567177308,245815.0
OGEF,2026-08-03,US4303577046,989826.0
OGEF,2026-08-03,HK3628084815,1074674.0
OGEF,2026-08-03,HK6338245649,4680232.0
OGEF,2026-08-03,HK4834475453,1601630.0
OGEF,2026-08-03,IE8257095800,51500.0
OGEF,2026-08-04,GB2368667185,384063.0
OGEF,2026-08-04,GB0160212448,324842.0
OGEF,2026-08-04,GB6447248705,3188670.0
OGEF,2026-08-04,GB2501868976,146966.0
OGEF,2026-08-04,GB6133195451,603699.0
OGEF,2026-08-04,GB7302891883,320871.0
OGEF,2026-08-04,DE4552803383,385573.0
OGEF,2026-08-04,DE7056432905,239545.0
OGEF,2026-08-04,DE7480626124,31921.0
OGEF,2026-08-04,NL8794770442,148940.0
OGEF,2026-08-04,NL4852030145,181908.0
OGEF,2026-08-04,NL6300628747,288968.0
OGEF,2026-08-04,US6712394756,37907.0
OGEF,2026-08-04,US4191048029,13278.0
OGEF,2026-08-04,US4971148942,124129.0
OGEF,2026-08-04,US7945940377,72273.0
OGEF,2026-08-04,US0070927971,21188.0
OGEF,2026-08-04,US0520962626,55966.0
OGEF,2026-08-04,US0604849957,60862.0
OGEF,2026-08-04,US6024340870,73955.0
OGEF,2026-08-04,US4228635945,258786.0
OGEF,2026-08-04,US8567177308,245815.0
OGEF,2026-08-04,US4303577046,989826.0
OGEF,2026-08-04,HK3628084815,1074674.0
OGEF,2026-08-04,HK6338245649,4680232.0
OGEF,2026-08-04,HK4834475453,1601630.0
OGEF,2026-08-04,IE8257095800,51500.0
OGEF,2026-08-05,GB2368667185,384063.0
OGEF,2026-08-05,GB0160212448,324842.0
OGEF,2026-08-05,GB6447248705,3188670.0
OGEF,2026-08-05,GB2501868976,146966.0
OGEF,2026-08-05,GB6133195451,603699.0
OGEF,2026-08-05,GB7302891883,320871.0
OGEF,2026-08-05,DE4552803383,385573.0
OGEF,2026-08-05,DE7056432905,239545.0
OGEF,2026-08-05,DE7480626124,31921.0
OGEF,2026-08-05,NL8794770442,148940.0
OGEF,2026-08-05,NL4852030145,181908.0
OGEF,2026-08-05,NL6300628747,288968.0
OGEF,2026-08-05,US6712394756,37907.0
OGEF,2026-08-05,US4191048029,13278.0
OGEF,2026-08-05,US4971148942,124129.0
OGEF,2026-08-05,US7945940377,72273.0
OGEF,2026-08-05,US0070927971,21188.0
OGEF,2026-08-05,US0520962626,55966.0
OGEF,2026-08-05,US0604849957,60862.0
OGEF,2026-08-05,US6024340870,73955.0
OGEF,2026-08-05,US4228635945,258786.0
OGEF,2026-08-05,US8567177308,245815.0
OGEF,2026-08-05,US4303577046,989826.0
OGEF,2026-08-05,HK3628084815,1074674.0
OGEF,2026-08-05,HK6338245649,4680232.0
OGEF,2026-08-05,HK4834475453,1601630.0
OGEF,2026-08-05,IE8257095800,51500.0
OGEF,2026-08-06,GB2368667185,384063.0
OGEF,2026-08-06,GB0160212448,324842.0
OGEF,2026-08-06,GB6447248705,3188670.0
OGEF,2026-08-06,GB2501868976,146966.0
OGEF,2026-08-06,GB6133195451,603699.0
OGEF,2026-08-06,GB7302891883,320871.0
OGEF,2026-08-06,DE4552803383,385573.0
OGEF,2026-08-06,DE7056432905,239545.0
OGEF,2026-08-06,DE7480626124,31921.0
OGEF,2026-08-06,NL8794770442,148940.0
OGEF,2026-08-06,NL4852030145,181908.0
OGEF,2026-08-06,NL6300628747,288968.0
OGEF,2026-08-06,US6712394756,37907.0
OGEF,2026-08-06,US4191048029,13278.0
OGEF,2026-08-06,US4971148942,124129.0
OGEF,2026-08-06,US7945940377,72273.0
OGEF,2026-08-06,US0070927971,21188.0
OGEF,2026-08-06,US0520962626,55966.0
OGEF,2026-08-06,US0604849957,60862.0
OGEF,2026-08-06,US6024340870,73955.0
OGEF,2026-08-06,US4228635945,258786.0
OGEF,2026-08-06,US8567177308,245815.0
OGEF,2026-08-06,US4303577046,989826.0
OGEF,2026-08-06,HK3628084815,1074674.0
OGEF,2026-08-06,HK6338245649,4680232.0
OGEF,2026-08-06,HK4834475453,1601630.0
OGEF,2026-08-06,IE8257095800,51500.0
OGEF,2026-08-07,GB2368667185,384063.0
OGEF,2026-08-07,GB0160212448,324842.0
OGEF,2026-08-07,GB6447248705,3188670.0
OGEF,2026-08-07,GB2501868976,146966.0
OGEF,2026-08-07,GB6133195451,603699.0
OGEF,2026-08-07,GB7302891883,320871.0
OGEF,2026-08-07,DE4552803383,385573.0
OGEF,2026-08-07,DE7056432905,239545.0
OGEF,2026-08-07,DE7480626124,31921.0
OGEF,2026-08-07,NL8794770442,148940.0
OGEF,2026-08-07,NL4852030145,181908.0
OGEF,2026-08-07,NL6300628747,288968.0
OGEF,2026-08-07,US6712394756,37907.0
OGEF,2026-08-07,US4191048029,13278.0
OGEF,2026-08-07,US4971148942,124129.0
OGEF,2026-08-07,US7945940377,72273.0
OGEF,2026-08-07,US0070927971,21188.0
OGEF,2026-08-07,US0520962626,55966.0
OGEF,2026-08-07,US0604849957,60862.0
OGEF,2026-08-07,US6024340870,73955.0
OGEF,2026-08-07,US4228635945,258786.0
OGEF,2026-08-07,US8567177308,245815.0
OGEF,2026-08-07,US4303577046,989826.0
OGEF,2026-08-07,HK3628084815,1074674.0
OGEF,2026-08-07,HK6338245649,4680232.0
OGEF,2026-08-07,HK4834475453,1601630.0
OGEF,2026-08-07,IE8257095800,51500.0
OGEF,2026-08-10,GB2368667185,384063.0
OGEF,2026-08-10,GB0160212448,324842.0
OGEF,2026-08-10,GB6447248705,3188670.0
OGEF,2026-08-10,GB2501868976,146966.0
OGEF,2026-08-10,GB6133195451,603699.0
OGEF,2026-08-10,GB7302891883,320871.0
OGEF,2026-08-10,DE4552803383,385573.0
OGEF,2026-08-10,DE7056432905,239545.0
OGEF,2026-08-10,DE7480626124,31921.0
OGEF,2026-08-10,NL8794770442,148940.0
OGEF,2026-08-10,NL4852030145,181908.0
OGEF,2026-08-10,NL6300628747,288968.0
OGEF,2026-08-10,US6712394756,37907.0
OGEF,2026-08-10,US4191048029,13278.0
OGEF,2026-08-10,US4971148942,124129.0
OGEF,2026-08-10,US7945940377,72273.0
OGEF,2026-08-10,US0070927971,21188.0
OGEF,2026-08-10,US0520962626,55966.0
OGEF,2026-08-10,US0604849957,60862.0
OGEF,2026-08-10,US6024340870,73955.0
OGEF,2026-08-10,US4228635945,258786.0
OGEF,2026-08-10,US8567177308,245815.0
OGEF,2026-08-10,US4303577046,989826.0
OGEF,2026-08-10,HK3628084815,1074674.0
OGEF,2026-08-10,HK6338245649,4680232.0
OGEF,2026-08-10,HK4834475453,1601630.0
OGEF,2026-08-10,IE8257095800,51500.0
OGEF,2026-08-11,GB2368667185,384063.0
OGEF,2026-08-11,GB0160212448,324842.0
OGEF,2026-08-11,GB6447248705,3188670.0
OGEF,2026-08-11,GB2501868976,146966.0
OGEF,2026-08-11,GB6133195451,603699.0
OGEF,2026-08-11,GB7302891883,320871.0
OGEF,2026-08-11,DE4552803383,385573.0
OGEF,2026-08-11,DE7056432905,239545.0
OGEF,2026-08-11,DE7480626124,31921.0
OGEF,2026-08-11,NL8794770442,148940.0
OGEF,2026-08-11,NL4852030145,181908.0
OGEF,2026-08-11,NL6300628747,288968.0
OGEF,2026-08-11,US6712394756,37907.0
OGEF,2026-08-11,US4191048029,13278.0
OGEF,2026-08-11,US4971148942,124129.0
OGEF,2026-08-11,US7945940377,72273.0
OGEF,2026-08-11,US0070927971,21188.0
OGEF,2026-08-11,US0520962626,55966.0
OGEF,2026-08-11,US0604849957,60862.0
OGEF,2026-08-11,US6024340870,73955.0
OGEF,2026-08-11,US4228635945,258786.0
OGEF,2026-08-11,US8567177308,245815.0
OGEF,2026-08-11,US4303577046,989826.0
OGEF,2026-08-11,HK3628084815,1074674.0
OGEF,2026-08-11,HK6338245649,4680232.0
OGEF,2026-08-11,HK4834475453,1601630.0
OGEF,2026-08-11,IE8257095800,51500.0
OGEF,2026-08-12,GB2368667185,384063.0
OGEF,2026-08-12,GB0160212448,324842.0
OGEF,2026-08-12,GB6447248705,3188670.0
OGEF,2026-08-12,GB2501868976,146966.0
OGEF,2026-08-12,GB6133195451,603699.0
OGEF,2026-08-12,GB7302891883,320871.0
OGEF,2026-08-12,DE4552803383,385573.0
OGEF,2026-08-12,DE7056432905,239545.0
OGEF,2026-08-12,DE7480626124,31921.0
OGEF,2026-08-12,NL8794770442,148940.0
OGEF,2026-08-12,NL4852030145,181908.0
OGEF,2026-08-12,NL6300628747,288968.0
OGEF,2026-08-12,US6712394756,37907.0
OGEF,2026-08-12,US4191048029,13278.0
OGEF,2026-08-12,US4971148942,124129.0
OGEF,2026-08-12,US7945940377,72273.0
OGEF,2026-08-12,US0070927971,21188.0
OGEF,2026-08-12,US0520962626,55966.0
OGEF,2026-08-12,US0604849957,60862.0
OGEF,2026-08-12,US6024340870,73955.0
OGEF,2026-08-12,US4228635945,258786.0
OGEF,2026-08-12,US8567177308,245815.0
OGEF,2026-08-12,US4303577046,989826.0
OGEF,2026-08-12,HK3628084815,1074674.0
OGEF,2026-08-12,HK6338245649,4680232.0
OGEF,2026-08-12,HK4834475453,1601630.0
OGEF,2026-08-12,IE8257095800,51500.0
OGEF,2026-08-13,GB2368667185,384063.0
OGEF,2026-08-13,GB0160212448,324842.0
OGEF,2026-08-13,GB6447248705,3188670.0
OGEF,2026-08-13,GB2501868976,146966.0
OGEF,2026-08-13,GB6133195451,603699.0
OGEF,2026-08-13,GB7302891883,320871.0
OGEF,2026-08-13,DE4552803383,385573.0
OGEF,2026-08-13,DE7056432905,239545.0
OGEF,2026-08-13,DE7480626124,31921.0
OGEF,2026-08-13,NL8794770442,148940.0
OGEF,2026-08-13,NL4852030145,181908.0
OGEF,2026-08-13,NL6300628747,288968.0
OGEF,2026-08-13,US6712394756,37907.0
OGEF,2026-08-13,US4191048029,13278.0
OGEF,2026-08-13,US4971148942,124129.0
OGEF,2026-08-13,US7945940377,72273.0
OGEF,2026-08-13,US0070927971,21188.0
OGEF,2026-08-13,US0520962626,55966.0
OGEF,2026-08-13,US0604849957,60862.0
OGEF,2026-08-13,US6024340870,73955.0
OGEF,2026-08-13,US4228635945,258786.0
OGEF,2026-08-13,US8567177308,245815.0
OGEF,2026-08-13,US4303577046,989826.0
OGEF,2026-08-13,HK3628084815,1074674.0
OGEF,2026-08-13,HK6338245649,4680232.0
OGEF,2026-08-13,HK4834475453,1601630.0
OGEF,2026-08-13,IE8257095800,51500.0
OGEF,2026-08-14,GB2368667185,384063.0
OGEF,2026-08-14,GB0160212448,324842.0
OGEF,2026-08-14,GB6447248705,3188670.0
OGEF,2026-08-14,GB2501868976,146966.0
OGEF,2026-08-14,GB6133195451,603699.0
OGEF,2026-08-14,GB7302891883,320871.0
OGEF,2026-08-14,DE4552803383,385573.0
OGEF,2026-08-14,DE7056432905,239545.0
OGEF,2026-08-14,DE7480626124,31921.0
OGEF,2026-08-14,NL8794770442,148940.0
OGEF,2026-08-14,NL4852030145,181908.0
OGEF,2026-08-14,NL6300628747,288968.0
OGEF,2026-08-14,US6712394756,37907.0
OGEF,2026-08-14,US4191048029,13278.0
OGEF,2026-08-14,US4971148942,124129.0
OGEF,2026-08-14,US7945940377,72273.0
OGEF,2026-08-14,US0070927971,21188.0
OGEF,2026-08-14,US0520962626,55966.0
OGEF,2026-08-14,US0604849957,60862.0
OGEF,2026-08-14,US6024340870,73955.0
OGEF,2026-08-14,US4228635945,258786.0
OGEF,2026-08-14,US8567177308,245815.0
OGEF,2026-08-14,US4303577046,989826.0
OGEF,2026-08-14,HK3628084815,1074674.0
OGEF,2026-08-14,HK6338245649,4680232.0
OGEF,2026-08-14,HK4834475453,1601630.0
OGEF,2026-08-14,IE8257095800,51500.0
OGEF,2026-08-17,GB2368667185,384063.0
OGEF,2026-08-17,GB0160212448,324842.0
OGEF,2026-08-17,GB6447248705,3188670.0
OGEF,2026-08-17,GB2501868976,146966.0
OGEF,2026-08-17,GB6133195451,603699.0
OGEF,2026-08-17,GB7302891883,320871.0
OGEF,2026-08-17,DE4552803383,385573.0
OGEF,2026-08-17,DE7056432905,239545.0
OGEF,2026-08-17,DE7480626124,31921.0
OGEF,2026-08-17,NL8794770442,148940.0
OGEF,2026-08-17,NL4852030145,181908.0
OGEF,2026-08-17,NL6300628747,288968.0
OGEF,2026-08-17,US6712394756,37907.0
OGEF,2026-08-17,US4191048029,13278.0
OGEF,2026-08-17,US4971148942,124129.0
OGEF,2026-08-17,US7945940377,72273.0
OGEF,2026-08-17,US0070927971,21188.0
OGEF,2026-08-17,US0520962626,55966.0
OGEF,2026-08-17,US0604849957,60862.0
OGEF,2026-08-17,US6024340870,73955.0
OGEF,2026-08-17,US4228635945,258786.0
OGEF,2026-08-17,US8567177308,245815.0
OGEF,2026-08-17,US4303577046,989826.0
OGEF,2026-08-17,HK3628084815,1074674.0
OGEF,2026-08-17,HK6338245649,4680232.0
OGEF,2026-08-17,HK4834475453,1601630.0
OGEF,2026-08-17,IE8257095800,51500.0
OGEF,2026-08-18,GB2368667185,384063.0
OGEF,2026-08-18,GB0160212448,324842.0
OGEF,2026-08-18,GB6447248705,3188670.0
OGEF,2026-08-18,GB2501868976,146966.0
OGEF,2026-08-18,GB6133195451,603699.0
OGEF,2026-08-18,GB7302891883,320871.0
OGEF,2026-08-18,DE4552803383,385573.0
OGEF,2026-08-18,DE7056432905,239545.0
OGEF,2026-08-18,DE7480626124,31921.0
OGEF,2026-08-18,NL8794770442,148940.0
OGEF,2026-08-18,NL4852030145,181908.0
OGEF,2026-08-18,NL6300628747,288968.0
OGEF,2026-08-18,US6712394756,37907.0
OGEF,2026-08-18,US4191048029,13278.0
OGEF,2026-08-18,US4971148942,124129.0
OGEF,2026-08-18,US7945940377,72273.0
OGEF,2026-08-18,US0070927971,21188.0
OGEF,2026-08-18,US0520962626,55966.0
OGEF,2026-08-18,US0604849957,60862.0
OGEF,2026-08-18,US6024340870,73955.0
OGEF,2026-08-18,US4228635945,258786.0
OGEF,2026-08-18,US8567177308,245815.0
OGEF,2026-08-18,US4303577046,989826.0
OGEF,2026-08-18,HK3628084815,1074674.0
OGEF,2026-08-18,HK6338245649,4680232.0
OGEF,2026-08-18,HK4834475453,1601630.0
OGEF,2026-08-18,IE8257095800,51500.0
OGEF,2026-08-19,GB2368667185,384063.0
OGEF,2026-08-19,GB0160212448,324842.0
OGEF,2026-08-19,GB6447248705,3188670.0
OGEF,2026-08-19,GB2501868976,146966.0
OGEF,2026-08-19,GB6133195451,603699.0
OGEF,2026-08-19,GB7302891883,320871.0
OGEF,2026-08-19,DE4552803383,385573.0
OGEF,2026-08-19,DE7056432905,239545.0
OGEF,2026-08-19,DE7480626124,31921.0
OGEF,2026-08-19,NL8794770442,148940.0
OGEF,2026-08-19,NL4852030145,181908.0
OGEF,2026-08-19,NL6300628747,288968.0
OGEF,2026-08-19,US6712394756,37907.0
OGEF,2026-08-19,US4191048029,13278.0
OGEF,2026-08-19,US4971148942,124129.0
OGEF,2026-08-19,US7945940377,72273.0
OGEF,2026-08-19,US0070927971,21188.0
OGEF,2026-08-19,US0520962626,55966.0
OGEF,2026-08-19,US0604849957,60862.0
OGEF,2026-08-19,US6024340870,73955.0
OGEF,2026-08-19,US4228635945,258786.0
OGEF,2026-08-19,US8567177308,245815.0
OGEF,2026-08-19,US4303577046,989826.0
OGEF,2026-08-19,HK3628084815,1074674.0
OGEF,2026-08-19,HK6338245649,4680232.0
OGEF,2026-08-19,HK4834475453,1601630.0
OGEF,2026-08-19,IE8257095800,51500.0
OGEF,2026-08-20,GB2368667185,384063.0
OGEF,2026-08-20,GB0160212448,324842.0
OGEF,2026-08-20,GB6447248705,3188670.0
OGEF,2026-08-20,GB2501868976,146966.0
OGEF,2026-08-20,GB6133195451,603699.0
OGEF,2026-08-20,GB7302891883,320871.0
OGEF,2026-08-20,DE4552803383,385573.0
OGEF,2026-08-20,DE7056432905,239545.0
OGEF,2026-08-20,DE7480626124,31921.0
OGEF,2026-08-20,NL8794770442,148940.0
OGEF,2026-08-20,NL4852030145,181908.0
OGEF,2026-08-20,NL6300628747,288968.0
OGEF,2026-08-20,US6712394756,37907.0
OGEF,2026-08-20,US4191048029,13278.0
OGEF,2026-08-20,US4971148942,124129.0
OGEF,2026-08-20,US7945940377,72273.0
OGEF,2026-08-20,US0070927971,21188.0
OGEF,2026-08-20,US0520962626,55966.0
OGEF,2026-08-20,US0604849957,60862.0
OGEF,2026-08-20,US6024340870,73955.0
OGEF,2026-08-20,US4228635945,258786.0
OGEF,2026-08-20,US8567177308,245815.0
OGEF,2026-08-20,US4303577046,989826.0
OGEF,2026-08-20,HK3628084815,1074674.0
OGEF,2026-08-20,HK6338245649,4680232.0
OGEF,2026-08-20,HK4834475453,1601630.0
OGEF,2026-08-20,IE8257095800,51500.0
OGEF,2026-08-21,GB2368667185,384063.0
OGEF,2026-08-21,GB0160212448,324842.0
OGEF,2026-08-21,GB6447248705,3188670.0
OGEF,2026-08-21,GB2501868976,146966.0
OGEF,2026-08-21,GB6133195451,603699.0
OGEF,2026-08-21,GB7302891883,320871.0
OGEF,2026-08-21,DE4552803383,385573.0
OGEF,2026-08-21,DE7056432905,239545.0
OGEF,2026-08-21,DE7480626124,31921.0
OGEF,2026-08-21,NL8794770442,148940.0
OGEF,2026-08-21,NL4852030145,181908.0
OGEF,2026-08-21,NL6300628747,288968.0
OGEF,2026-08-21,US6712394756,37907.0
OGEF,2026-08-21,US4191048029,13278.0
OGEF,2026-08-21,US4971148942,124129.0
OGEF,2026-08-21,US7945940377,72273.0
OGEF,2026-08-21,US0070927971,21188.0
OGEF,2026-08-21,US0520962626,55966.0
OGEF,2026-08-21,US0604849957,60862.0
OGEF,2026-08-21,US6024340870,73955.0
OGEF,2026-08-21,US4228635945,258786.0
OGEF,2026-08-21,US8567177308,245815.0
OGEF,2026-08-21,US4303577046,989826.0
OGEF,2026-08-21,HK3628084815,1074674.0
OGEF,2026-08-21,HK6338245649,4680232.0
OGEF,2026-08-21,HK4834475453,1601630.0
OGEF,2026-08-21,IE8257095800,51500.0
OGEF,2026-08-24,GB2368667185,384063.0
OGEF,2026-08-24,GB0160212448,324842.0
OGEF,2026-08-24,GB6447248705,3188670.0
OGEF,2026-08-24,GB2501868976,146966.0
OGEF,2026-08-24,GB6133195451,603699.0
OGEF,2026-08-24,GB7302891883,320871.0
OGEF,2026-08-24,DE4552803383,385573.0
OGEF,2026-08-24,DE7056432905,239545.0
OGEF,2026-08-24,DE7480626124,31921.0
OGEF,2026-08-24,NL8794770442,148940.0
OGEF,2026-08-24,NL4852030145,181908.0
OGEF,2026-08-24,NL6300628747,288968.0
OGEF,2026-08-24,US6712394756,37907.0
OGEF,2026-08-24,US4191048029,13278.0
OGEF,2026-08-24,US4971148942,124129.0
OGEF,2026-08-24,US7945940377,72273.0
OGEF,2026-08-24,US0070927971,21188.0
OGEF,2026-08-24,US0520962626,55966.0
OGEF,2026-08-24,US0604849957,60862.0
OGEF,2026-08-24,US6024340870,73955.0
OGEF,2026-08-24,US4228635945,258786.0
OGEF,2026-08-24,US8567177308,245815.0
OGEF,2026-08-24,US4303577046,989826.0
OGEF,2026-08-24,HK3628084815,1074674.0
OGEF,2026-08-24,HK6338245649,4680232.0
OGEF,2026-08-24,HK4834475453,1601630.0
OGEF,2026-08-24,IE8257095800,51500.0
OGEF,2026-08-25,GB2368667185,384063.0
OGEF,2026-08-25,GB0160212448,324842.0
OGEF,2026-08-25,GB6447248705,3188670.0
OGEF,2026-08-25,GB2501868976,146966.0
OGEF,2026-08-25,GB6133195451,603699.0
OGEF,2026-08-25,GB7302891883,320871.0
OGEF,2026-08-25,DE4552803383,385573.0
OGEF,2026-08-25,DE7056432905,239545.0
OGEF,2026-08-25,DE7480626124,31921.0
OGEF,2026-08-25,NL8794770442,148940.0
OGEF,2026-08-25,NL4852030145,181908.0
OGEF,2026-08-25,NL6300628747,288968.0
OGEF,2026-08-25,US6712394756,37907.0
OGEF,2026-08-25,US4191048029,13278.0
OGEF,2026-08-25,US4971148942,124129.0
OGEF,2026-08-25,US7945940377,72273.0
OGEF,2026-08-25,US0070927971,21188.0
OGEF,2026-08-25,US0520962626,55966.0
OGEF,2026-08-25,US0604849957,60862.0
OGEF,2026-08-25,US6024340870,73955.0
OGEF,2026-08-25,US4228635945,258786.0
OGEF,2026-08-25,US8567177308,245815.0
OGEF,2026-08-25,US4303577046,989826.0
OGEF,2026-08-25,HK3628084815,1074674.0
OGEF,2026-08-25,HK6338245649,4680232.0
OGEF,2026-08-25,HK4834475453,1601630.0
OGEF,2026-08-25,IE8257095800,51500.0
OGEF,2026-08-26,GB2368667185,384063.0
OGEF,2026-08-26,GB0160212448,324842.0
OGEF,2026-08-26,GB6447248705,3188670.0
OGEF,2026-08-26,GB2501868976,146966.0
OGEF,2026-08-26,GB6133195451,603699.0
OGEF,2026-08-26,GB7302891883,320871.0
OGEF,2026-08-26,DE4552803383,385573.0
OGEF,2026-08-26,DE7056432905,239545.0
OGEF,2026-08-26,DE7480626124,31921.0
OGEF,2026-08-26,NL8794770442,148940.0
OGEF,2026-08-26,NL4852030145,181908.0
OGEF,2026-08-26,NL6300628747,288968.0
OGEF,2026-08-26,US6712394756,37907.0
OGEF,2026-08-26,US4191048029,13278.0
OGEF,2026-08-26,US4971148942,124129.0
OGEF,2026-08-26,US7945940377,72273.0
OGEF,2026-08-26,US0070927971,21188.0
OGEF,2026-08-26,US0520962626,55966.0
OGEF,2026-08-26,US0604849957,60862.0
OGEF,2026-08-26,US6024340870,73955.0
OGEF,2026-08-26,US4228635945,258786.0
OGEF,2026-08-26,US8567177308,245815.0
OGEF,2026-08-26,US4303577046,989826.0
OGEF,2026-08-26,HK3628084815,1074674.0
OGEF,2026-08-26,HK6338245649,4680232.0
OGEF,2026-08-26,HK4834475453,1601630.0
OGEF,2026-08-26,IE8257095800,51500.0
OGEF,2026-08-27,GB2368667185,384063.0
OGEF,2026-08-27,GB0160212448,324842.0
OGEF,2026-08-27,GB6447248705,3188670.0
OGEF,2026-08-27,GB2501868976,146966.0
OGEF,2026-08-27,GB6133195451,603699.0
OGEF,2026-08-27,GB7302891883,320871.0
OGEF,2026-08-27,DE4552803383,385573.0
OGEF,2026-08-27,DE7056432905,239545.0
OGEF,2026-08-27,DE7480626124,31921.0
OGEF,2026-08-27,NL8794770442,148940.0
OGEF,2026-08-27,NL4852030145,181908.0
OGEF,2026-08-27,NL6300628747,288968.0
OGEF,2026-08-27,US6712394756,37907.0
OGEF,2026-08-27,US4191048029,13278.0
OGEF,2026-08-27,US4971148942,124129.0
OGEF,2026-08-27,US7945940377,72273.0
OGEF,2026-08-27,US0070927971,21188.0
OGEF,2026-08-27,US0520962626,55966.0
OGEF,2026-08-27,US0604849957,60862.0
OGEF,2026-08-27,US6024340870,73955.0
OGEF,2026-08-27,US4228635945,258786.0
OGEF,2026-08-27,US8567177308,245815.0
OGEF,2026-08-27,US4303577046,989826.0
OGEF,2026-08-27,HK3628084815,1074674.0
OGEF,2026-08-27,HK6338245649,4680232.0
OGEF,2026-08-27,HK4834475453,1601630.0
OGEF,2026-08-27,IE8257095800,51500.0
OGEF,2026-08-28,GB2368667185,398134.0
OGEF,2026-08-28,GB0160212448,324842.0
OGEF,2026-08-28,GB6447248705,3188670.0
OGEF,2026-08-28,GB2501868976,146966.0
OGEF,2026-08-28,GB6133195451,603699.0
OGEF,2026-08-28,GB7302891883,320871.0
OGEF,2026-08-28,DE4552803383,385573.0
OGEF,2026-08-28,DE7056432905,239545.0
OGEF,2026-08-28,DE7480626124,31921.0
OGEF,2026-08-28,NL8794770442,141598.0
OGEF,2026-08-28,NL4852030145,181908.0
OGEF,2026-08-28,NL6300628747,288968.0
OGEF,2026-08-28,US6712394756,37174.0
OGEF,2026-08-28,US4191048029,13278.0
OGEF,2026-08-28,US4971148942,124129.0
OGEF,2026-08-28,US7945940377,72273.0
OGEF,2026-08-28,US0070927971,21188.0
OGEF,2026-08-28,US0520962626,55966.0
OGEF,2026-08-28,US0604849957,60862.0
OGEF,2026-08-28,US6024340870,73955.0
OGEF,2026-08-28,US4228635945,258786.0
OGEF,2026-08-28,US8567177308,245815.0
OGEF,2026-08-28,US4303577046,989826.0
OGEF,2026-08-28,HK3628084815,1074674.0
OGEF,2026-08-28,HK6338245649,4680232.0
OGEF,2026-08-28,HK4834475453,1601630.0
OGEF,2026-08-28,IE8257095800,51500.0
OGEF,2026-08-31,GB2368667185,398134.0
OGEF,2026-08-31,GB0160212448,324842.0
OGEF,2026-08-31,GB6447248705,3188670.0
OGEF,2026-08-31,GB2501868976,146966.0
OGEF,2026-08-31,GB6133195451,603699.0
OGEF,2026-08-31,GB7302891883,320871.0
OGEF,2026-08-31,DE4552803383,385573.0
OGEF,2026-08-31,DE7056432905,239545.0
OGEF,2026-08-31,DE7480626124,31921.0
OGEF,2026-08-31,NL8794770442,141598.0
OGEF,2026-08-31,NL4852030145,181908.0
OGEF,2026-08-31,NL6300628747,288968.0
OGEF,2026-08-31,US6712394756,37174.0
OGEF,2026-08-31,US4191048029,13278.0
OGEF,2026-08-31,US4971148942,124129.0
OGEF,2026-08-31,US7945940377,72273.0
OGEF,2026-08-31,US0070927971,21188.0
OGEF,2026-08-31,US0520962626,55966.0
OGEF,2026-08-31,US0604849957,60862.0
OGEF,2026-08-31,US6024340870,73955.0
OGEF,2026-08-31,US4228635945,258786.0
OGEF,2026-08-31,US8567177308,245815.0
OGEF,2026-08-31,US4303577046,989826.0
OGEF,2026-08-31,HK3628084815,1074674.0
OGEF,2026-08-31,HK6338245649,4680232.0
OGEF,2026-08-31,HK4834475453,1601630.0
OGEF,2026-08-31,IE8257095800,51500.0
OGEF,2026-09-01,GB2368667185,398134.0
OGEF,2026-09-01,GB0160212448,324842.0
OGEF,2026-09-01,GB6447248705,3188670.0
OGEF,2026-09-01,GB2501868976,146966.0
OGEF,2026-09-01,GB6133195451,603699.0
OGEF,2026-09-01,GB7302891883,320871.0
OGEF,2026-09-01,DE4552803383,385573.0
OGEF,2026-09-01,DE7056432905,239545.0
OGEF,2026-09-01,DE7480626124,31921.0
OGEF,2026-09-01,NL8794770442,141598.0
OGEF,2026-09-01,NL4852030145,181908.0
OGEF,2026-09-01,NL6300628747,288968.0
OGEF,2026-09-01,US6712394756,37174.0
OGEF,2026-09-01,US4191048029,13278.0
OGEF,2026-09-01,US4971148942,124129.0
OGEF,2026-09-01,US7945940377,72273.0
OGEF,2026-09-01,US0070927971,21188.0
OGEF,2026-09-01,US0520962626,55966.0
OGEF,2026-09-01,US0604849957,60862.0
OGEF,2026-09-01,US6024340870,73955.0
OGEF,2026-09-01,US4228635945,258786.0
OGEF,2026-09-01,US8567177308,245815.0
OGEF,2026-09-01,US4303577046,989826.0
OGEF,2026-09-01,HK3628084815,1074674.0
OGEF,2026-09-01,HK6338245649,4680232.0
OGEF,2026-09-01,HK4834475453,1601630.0
OGEF,2026-09-01,IE8257095800,51500.0
OGEF,2026-09-02,GB2368667185,398134.0
OGEF,2026-09-02,GB0160212448,324842.0
OGEF,2026-09-02,GB6447248705,3188670.0
OGEF,2026-09-02,GB2501868976,146966.0
OGEF,2026-09-02,GB6133195451,603699.0
OGEF,2026-09-02,GB7302891883,320871.0
OGEF,2026-09-02,DE4552803383,385573.0
OGEF,2026-09-02,DE7056432905,239545.0
OGEF,2026-09-02,DE7480626124,31921.0
OGEF,2026-09-02,NL8794770442,141598.0
OGEF,2026-09-02,NL4852030145,181908.0
OGEF,2026-09-02,NL6300628747,288968.0
OGEF,2026-09-02,US6712394756,37174.0
OGEF,2026-09-02,US4191048029,13278.0
OGEF,2026-09-02,US4971148942,124129.0
OGEF,2026-09-02,US7945940377,72273.0
OGEF,2026-09-02,US0070927971,21188.0
OGEF,2026-09-02,US0520962626,55966.0
OGEF,2026-09-02,US0604849957,60862.0
OGEF,2026-09-02,US6024340870,73955.0
OGEF,2026-09-02,US4228635945,258786.0
OGEF,2026-09-02,US8567177308,245815.0
OGEF,2026-09-02,US4303577046,989826.0
OGEF,2026-09-02,HK3628084815,1074674.0
OGEF,2026-09-02,HK6338245649,4680232.0
OGEF,2026-09-02,HK4834475453,1601630.0
OGEF,2026-09-02,IE8257095800,51500.0
OGEF,2026-09-03,GB2368667185,398134.0
OGEF,2026-09-03,GB0160212448,324842.0
OGEF,2026-09-03,GB6447248705,3188670.0
OGEF,2026-09-03,GB2501868976,146966.0
OGEF,2026-09-03,GB6133195451,603699.0
OGEF,2026-09-03,GB7302891883,320871.0
OGEF,2026-09-03,DE4552803383,385573.0
OGEF,2026-09-03,DE7056432905,239545.0
OGEF,2026-09-03,DE7480626124,31921.0
OGEF,2026-09-03,NL8794770442,141598.0
OGEF,2026-09-03,NL4852030145,181908.0
OGEF,2026-09-03,NL6300628747,288968.0
OGEF,2026-09-03,US6712394756,37174.0
OGEF,2026-09-03,US4191048029,13278.0
OGEF,2026-09-03,US4971148942,124129.0
OGEF,2026-09-03,US7945940377,72273.0
OGEF,2026-09-03,US0070927971,21188.0
OGEF,2026-09-03,US0520962626,55966.0
OGEF,2026-09-03,US0604849957,60862.0
OGEF,2026-09-03,US6024340870,73955.0
OGEF,2026-09-03,US4228635945,258786.0
OGEF,2026-09-03,US8567177308,245815.0
OGEF,2026-09-03,US4303577046,989826.0
OGEF,2026-09-03,HK3628084815,1074674.0
OGEF,2026-09-03,HK6338245649,4680232.0
OGEF,2026-09-03,HK4834475453,1601630.0
OGEF,2026-09-03,IE8257095800,51500.0
OGEF,2026-09-04,GB2368667185,398134.0
OGEF,2026-09-04,GB0160212448,324842.0
OGEF,2026-09-04,GB6447248705,3188670.0
OGEF,2026-09-04,GB2501868976,146966.0
OGEF,2026-09-04,GB6133195451,603699.0
OGEF,2026-09-04,GB7302891883,320871.0
OGEF,2026-09-04,DE4552803383,385573.0
OGEF,2026-09-04,DE7056432905,239545.0
OGEF,2026-09-04,DE7480626124,31921.0
OGEF,2026-09-04,NL8794770442,141598.0
OGEF,2026-09-04,NL4852030145,181908.0
OGEF,2026-09-04,NL6300628747,288968.0
OGEF,2026-09-04,US6712394756,37174.0
OGEF,2026-09-04,US4191048029,13278.0
OGEF,2026-09-04,US4971148942,124129.0
OGEF,2026-09-04,US7945940377,72273.0
OGEF,2026-09-04,US0070927971,21188.0
OGEF,2026-09-04,US0520962626,55966.0
OGEF,2026-09-04,US0604849957,60862.0
OGEF,2026-09-04,US6024340870,73955.0
OGEF,2026-09-04,US4228635945,258786.0
OGEF,2026-09-04,US8567177308,245815.0
OGEF,2026-09-04,US4303577046,989826.0
OGEF,2026-09-04,HK3628084815,1074674.0
OGEF,2026-09-04,HK6338245649,4680232.0
OGEF,2026-09-04,HK4834475453,1601630.0
OGEF,2026-09-04,IE8257095800,51500.0
OGEF,2026-09-07,GB2368667185,398134.0
OGEF,2026-09-07,GB0160212448,324842.0
OGEF,2026-09-07,GB6447248705,3188670.0
OGEF,2026-09-07,GB2501868976,146966.0
OGEF,2026-09-07,GB6133195451,603699.0
OGEF,2026-09-07,GB7302891883,320871.0
OGEF,2026-09-07,DE4552803383,385573.0
OGEF,2026-09-07,DE7056432905,239545.0
OGEF,2026-09-07,DE7480626124,31921.0
OGEF,2026-09-07,NL8794770442,141598.0
OGEF,2026-09-07,NL4852030145,181908.0
OGEF,2026-09-07,NL6300628747,288968.0
OGEF,2026-09-07,US6712394756,37174.0
OGEF,2026-09-07,US4191048029,13278.0
OGEF,2026-09-07,US4971148942,124129.0
OGEF,2026-09-07,US7945940377,72273.0
OGEF,2026-09-07,US0070927971,21188.0
OGEF,2026-09-07,US0520962626,55966.0
OGEF,2026-09-07,US0604849957,60862.0
OGEF,2026-09-07,US6024340870,73955.0
OGEF,2026-09-07,US4228635945,258786.0
OGEF,2026-09-07,US8567177308,245815.0
OGEF,2026-09-07,US4303577046,989826.0
OGEF,2026-09-07,HK3628084815,1074674.0
OGEF,2026-09-07,HK6338245649,4680232.0
OGEF,2026-09-07,HK4834475453,1601630.0
OGEF,2026-09-07,IE8257095800,51500.0
OGEF,2026-09-08,GB2368667185,398134.0
OGEF,2026-09-08,GB0160212448,324842.0
OGEF,2026-09-08,GB6447248705,3188670.0
OGEF,2026-09-08,GB2501868976,146966.0
OGEF,2026-09-08,GB6133195451,603699.0
OGEF,2026-09-08,GB7302891883,320871.0
OGEF,2026-09-08,DE4552803383,385573.0
OGEF,2026-09-08,DE7056432905,239545.0
OGEF,2026-09-08,DE7480626124,31921.0
OGEF,2026-09-08,NL8794770442,141598.0
OGEF,2026-09-08,NL4852030145,181908.0
OGEF,2026-09-08,NL6300628747,288968.0
OGEF,2026-09-08,US6712394756,37174.0
OGEF,2026-09-08,US4191048029,13278.0
OGEF,2026-09-08,US4971148942,124129.0
OGEF,2026-09-08,US7945940377,72273.0
OGEF,2026-09-08,US0070927971,21188.0
OGEF,2026-09-08,US0520962626,55966.0
OGEF,2026-09-08,US0604849957,60862.0
OGEF,2026-09-08,US6024340870,73955.0
OGEF,2026-09-08,US4228635945,258786.0
OGEF,2026-09-08,US8567177308,245815.0
OGEF,2026-09-08,US4303577046,989826.0
OGEF,2026-09-08,HK3628084815,1074674.0
OGEF,2026-09-08,HK6338245649,4680232.0
OGEF,2026-09-08,HK4834475453,1601630.0
OGEF,2026-09-08,IE8257095800,51500.0
OGEF,2026-09-09,GB2368667185,398134.0
OGEF,2026-09-09,GB0160212448,324842.0
OGEF,2026-09-09,GB6447248705,3188670.0
OGEF,2026-09-09,GB2501868976,146966.0
OGEF,2026-09-09,GB6133195451,603699.0
OGEF,2026-09-09,GB7302891883,320871.0
OGEF,2026-09-09,DE4552803383,385573.0
OGEF,2026-09-09,DE7056432905,239545.0
OGEF,2026-09-09,DE7480626124,31921.0
OGEF,2026-09-09,NL8794770442,141598.0
OGEF,2026-09-09,NL4852030145,181908.0
OGEF,2026-09-09,NL6300628747,288968.0
OGEF,2026-09-09,US6712394756,37174.0
OGEF,2026-09-09,US4191048029,13278.0
OGEF,2026-09-09,US4971148942,124129.0
OGEF,2026-09-09,US7945940377,72273.0
OGEF,2026-09-09,US0070927971,21188.0
OGEF,2026-09-09,US0520962626,55966.0
OGEF,2026-09-09,US0604849957,60862.0
OGEF,2026-09-09,US6024340870,73955.0
OGEF,2026-09-09,US4228635945,258786.0
OGEF,2026-09-09,US8567177308,245815.0
OGEF,2026-09-09,US4303577046,989826.0
OGEF,2026-09-09,HK3628084815,1074674.0
OGEF,2026-09-09,HK6338245649,4680232.0
OGEF,2026-09-09,HK4834475453,1601630.0
OGEF,2026-09-09,IE8257095800,51500.0
OGEF,2026-09-10,GB2368667185,398134.0
OGEF,2026-09-10,GB0160212448,324842.0
OGEF,2026-09-10,GB6447248705,3188670.0
OGEF,2026-09-10,GB2501868976,146966.0
OGEF,2026-09-10,GB6133195451,603699.0
OGEF,2026-09-10,GB7302891883,320871.0
OGEF,2026-09-10,DE4552803383,385573.0
OGEF,2026-09-10,DE7056432905,239545.0
OGEF,2026-09-10,DE7480626124,31921.0
OGEF,2026-09-10,NL8794770442,141598.0
OGEF,2026-09-10,NL4852030145,181908.0
OGEF,2026-09-10,NL6300628747,288968.0
OGEF,2026-09-10,US6712394756,37174.0
OGEF,2026-09-10,US4191048029,13278.0
OGEF,2026-09-10,US4971148942,124129.0
OGEF,2026-09-10,US7945940377,72273.0
OGEF,2026-09-10,US0070927971,21188.0
OGEF,2026-09-10,US0520962626,55966.0
OGEF,2026-09-10,US0604849957,60862.0
OGEF,2026-09-10,US6024340870,73955.0
OGEF,2026-09-10,US4228635945,258786.0
OGEF,2026-09-10,US8567177308,245815.0
OGEF,2026-09-10,US4303577046,989826.0
OGEF,2026-09-10,HK3628084815,1074674.0
OGEF,2026-09-10,HK6338245649,4680232.0
OGEF,2026-09-10,HK4834475453,1601630.0
OGEF,2026-09-10,IE8257095800,51500.0
OGEF,2026-09-11,GB2368667185,398134.0
OGEF,2026-09-11,GB0160212448,324842.0
OGEF,2026-09-11,GB6447248705,3188670.0
OGEF,2026-09-11,GB2501868976,146966.0
OGEF,2026-09-11,GB6133195451,603699.0
OGEF,2026-09-11,GB7302891883,320871.0
OGEF,2026-09-11,DE4552803383,385573.0
OGEF,2026-09-11,DE7056432905,239545.0
OGEF,2026-09-11,DE7480626124,31921.0
OGEF,2026-09-11,NL8794770442,141598.0
OGEF,2026-09-11,NL4852030145,181908.0
OGEF,2026-09-11,NL6300628747,288968.0
OGEF,2026-09-11,US6712394756,37174.0
OGEF,2026-09-11,US4191048029,13278.0
OGEF,2026-09-11,US4971148942,124129.0
OGEF,2026-09-11,US7945940377,72273.0
OGEF,2026-09-11,US0070927971,21188.0
OGEF,2026-09-11,US0520962626,55966.0
OGEF,2026-09-11,US0604849957,60862.0
OGEF,2026-09-11,US6024340870,73955.0
OGEF,2026-09-11,US4228635945,258786.0
OGEF,2026-09-11,US8567177308,245815.0
OGEF,2026-09-11,US4303577046,989826.0
OGEF,2026-09-11,HK3628084815,1074674.0
OGEF,2026-09-11,HK6338245649,4680232.0
OGEF,2026-09-11,HK4834475453,1601630.0
OGEF,2026-09-11,IE8257095800,51500.0
OGEF,2026-09-14,GB2368667185,398134.0
OGEF,2026-09-14,GB0160212448,324842.0
OGEF,2026-09-14,GB6447248705,3188670.0
OGEF,2026-09-14,GB2501868976,146966.0
OGEF,2026-09-14,GB6133195451,603699.0
OGEF,2026-09-14,GB7302891883,320871.0
OGEF,2026-09-14,DE4552803383,385573.0
OGEF,2026-09-14,DE7056432905,239545.0
OGEF,2026-09-14,DE7480626124,31921.0
OGEF,2026-09-14,NL8794770442,141598.0
OGEF,2026-09-14,NL4852030145,181908.0
OGEF,2026-09-14,NL6300628747,288968.0
OGEF,2026-09-14,US6712394756,37174.0
OGEF,2026-09-14,US4191048029,13278.0
OGEF,2026-09-14,US4971148942,124129.0
OGEF,2026-09-14,US7945940377,72273.0
OGEF,2026-09-14,US0070927971,21188.0
OGEF,2026-09-14,US0520962626,55966.0
OGEF,2026-09-14,US0604849957,60862.0
OGEF,2026-09-14,US6024340870,73955.0
OGEF,2026-09-14,US4228635945,258786.0
OGEF,2026-09-14,US8567177308,245815.0
OGEF,2026-09-14,US4303577046,989826.0
OGEF,2026-09-14,HK3628084815,1074674.0
OGEF,2026-09-14,HK6338245649,4680232.0
OGEF,2026-09-14,HK4834475453,1601630.0
OGEF,2026-09-14,IE8257095800,51500.0
OGEF,2026-09-15,GB2368667185,398134.0
OGEF,2026-09-15,GB0160212448,324842.0
OGEF,2026-09-15,GB6447248705,3188670.0
OGEF,2026-09-15,GB2501868976,146966.0
OGEF,2026-09-15,GB6133195451,603699.0
OGEF,2026-09-15,GB7302891883,320871.0
OGEF,2026-09-15,DE4552803383,385573.0
OGEF,2026-09-15,DE7056432905,239545.0
OGEF,2026-09-15,DE7480626124,31921.0
OGEF,2026-09-15,NL8794770442,141598.0
OGEF,2026-09-15,NL4852030145,181908.0
OGEF,2026-09-15,NL6300628747,288968.0
OGEF,2026-09-15,US6712394756,37174.0
OGEF,2026-09-15,US4191048029,13278.0
OGEF,2026-09-15,US4971148942,124129.0
OGEF,2026-09-15,US7945940377,72273.0
OGEF,2026-09-15,US0070927971,21188.0
OGEF,2026-09-15,US0520962626,55966.0
OGEF,2026-09-15,US0604849957,60862.0
OGEF,2026-09-15,US6024340870,73955.0
OGEF,2026-09-15,US4228635945,258786.0
OGEF,2026-09-15,US8567177308,245815.0
OGEF,2026-09-15,US4303577046,989826.0
OGEF,2026-09-15,HK3628084815,1074674.0
OGEF,2026-09-15,HK6338245649,4680232.0
OGEF,2026-09-15,HK4834475453,1601630.0
OGEF,2026-09-15,IE8257095800,51500.0
OGEF,2026-09-16,GB2368667185,398134.0
OGEF,2026-09-16,GB0160212448,324842.0
OGEF,2026-09-16,GB6447248705,3188670.0
OGEF,2026-09-16,GB2501868976,146966.0
OGEF,2026-09-16,GB6133195451,603699.0
OGEF,2026-09-16,GB7302891883,320871.0
OGEF,2026-09-16,DE4552803383,385573.0
OGEF,2026-09-16,DE7056432905,239545.0
OGEF,2026-09-16,DE7480626124,31921.0
OGEF,2026-09-16,NL8794770442,141598.0
OGEF,2026-09-16,NL4852030145,181908.0
OGEF,2026-09-16,NL6300628747,288968.0
OGEF,2026-09-16,US6712394756,37174.0
OGEF,2026-09-16,US4191048029,13278.0
OGEF,2026-09-16,US4971148942,124129.0
OGEF,2026-09-16,US7945940377,72273.0
OGEF,2026-09-16,US0070927971,21188.0
OGEF,2026-09-16,US0520962626,55966.0
OGEF,2026-09-16,US0604849957,60862.0
OGEF,2026-09-16,US6024340870,73955.0
OGEF,2026-09-16,US4228635945,258786.0
OGEF,2026-09-16,US8567177308,245815.0
OGEF,2026-09-16,US4303577046,989826.0
OGEF,2026-09-16,HK3628084815,1074674.0
OGEF,2026-09-16,HK6338245649,4680232.0
OGEF,2026-09-16,HK4834475453,1601630.0
OGEF,2026-09-16,IE8257095800,51500.0
OGEF,2026-09-17,GB2368667185,398134.0
OGEF,2026-09-17,GB0160212448,324842.0
OGEF,2026-09-17,GB6447248705,3188670.0
OGEF,2026-09-17,GB2501868976,146966.0
OGEF,2026-09-17,GB6133195451,603699.0
OGEF,2026-09-17,GB7302891883,320871.0
OGEF,2026-09-17,DE4552803383,385573.0
OGEF,2026-09-17,DE7056432905,239545.0
OGEF,2026-09-17,DE7480626124,31921.0
OGEF,2026-09-17,NL8794770442,141598.0
OGEF,2026-09-17,NL4852030145,181908.0
OGEF,2026-09-17,NL6300628747,288968.0
OGEF,2026-09-17,US6712394756,37174.0
OGEF,2026-09-17,US4191048029,13278.0
OGEF,2026-09-17,US4971148942,124129.0
OGEF,2026-09-17,US7945940377,72273.0
OGEF,2026-09-17,US0070927971,21188.0
OGEF,2026-09-17,US0520962626,55966.0
OGEF,2026-09-17,US0604849957,60862.0
OGEF,2026-09-17,US6024340870,73955.0
OGEF,2026-09-17,US4228635945,258786.0
OGEF,2026-09-17,US8567177308,245815.0
OGEF,2026-09-17,US4303577046,989826.0
OGEF,2026-09-17,HK3628084815,1074674.0
OGEF,2026-09-17,HK6338245649,4680232.0
OGEF,2026-09-17,HK4834475453,1601630.0
OGEF,2026-09-17,IE8257095800,51500.0
OGEF,2026-09-18,GB2368667185,398134.0
OGEF,2026-09-18,GB0160212448,324842.0
OGEF,2026-09-18,GB6447248705,3188670.0
OGEF,2026-09-18,GB2501868976,146966.0
OGEF,2026-09-18,GB6133195451,603699.0
OGEF,2026-09-18,GB7302891883,320871.0
OGEF,2026-09-18,DE4552803383,385573.0
OGEF,2026-09-18,DE7056432905,239545.0
OGEF,2026-09-18,DE7480626124,31921.0
OGEF,2026-09-18,NL8794770442,141598.0
OGEF,2026-09-18,NL4852030145,181908.0
OGEF,2026-09-18,NL6300628747,288968.0
OGEF,2026-09-18,US6712394756,37174.0
OGEF,2026-09-18,US4191048029,13278.0
OGEF,2026-09-18,US4971148942,124129.0
OGEF,2026-09-18,US7945940377,72273.0
OGEF,2026-09-18,US0070927971,21188.0
OGEF,2026-09-18,US0520962626,55966.0
OGEF,2026-09-18,US0604849957,60862.0
OGEF,2026-09-18,US6024340870,73955.0
OGEF,2026-09-18,US4228635945,258786.0
OGEF,2026-09-18,US8567177308,245815.0
OGEF,2026-09-18,US4303577046,989826.0
OGEF,2026-09-18,HK3628084815,1074674.0
OGEF,2026-09-18,HK6338245649,4680232.0
OGEF,2026-09-18,HK4834475453,1601630.0
OGEF,2026-09-18,IE8257095800,51500.0
OGEF,2026-09-21,GB2368667185,398134.0
OGEF,2026-09-21,GB0160212448,324842.0
OGEF,2026-09-21,GB6447248705,3188670.0
OGEF,2026-09-21,GB2501868976,146966.0
OGEF,2026-09-21,GB6133195451,603699.0
OGEF,2026-09-21,GB7302891883,320871.0
OGEF,2026-09-21,DE4552803383,385573.0
OGEF,2026-09-21,DE7056432905,239545.0
OGEF,2026-09-21,DE7480626124,31921.0
OGEF,2026-09-21,NL8794770442,141598.0
OGEF,2026-09-21,NL4852030145,181908.0
OGEF,2026-09-21,NL6300628747,288968.0
OGEF,2026-09-21,US6712394756,37174.0
OGEF,2026-09-21,US4191048029,13278.0
OGEF,2026-09-21,US4971148942,124129.0
OGEF,2026-09-21,US7945940377,72273.0
OGEF,2026-09-21,US0070927971,21188.0
OGEF,2026-09-21,US0520962626,55966.0
OGEF,2026-09-21,US0604849957,60862.0
OGEF,2026-09-21,US6024340870,73955.0
OGEF,2026-09-21,US4228635945,258786.0
OGEF,2026-09-21,US8567177308,245815.0
OGEF,2026-09-21,US4303577046,989826.0
OGEF,2026-09-21,HK3628084815,1074674.0
OGEF,2026-09-21,HK6338245649,4680232.0
OGEF,2026-09-21,HK4834475453,1601630.0
OGEF,2026-09-21,IE8257095800,51500.0
OGEF,2026-09-22,GB2368667185,398134.0
OGEF,2026-09-22,GB0160212448,324842.0
OGEF,2026-09-22,GB6447248705,3188670.0
OGEF,2026-09-22,GB2501868976,146966.0
OGEF,2026-09-22,GB6133195451,603699.0
OGEF,2026-09-22,GB7302891883,320871.0
OGEF,2026-09-22,DE4552803383,385573.0
OGEF,2026-09-22,DE7056432905,239545.0
OGEF,2026-09-22,DE7480626124,31921.0
OGEF,2026-09-22,NL8794770442,141598.0
OGEF,2026-09-22,NL4852030145,181908.0
OGEF,2026-09-22,NL6300628747,288968.0
OGEF,2026-09-22,US6712394756,37174.0
OGEF,2026-09-22,US4191048029,13278.0
OGEF,2026-09-22,US4971148942,124129.0
OGEF,2026-09-22,US7945940377,72273.0
OGEF,2026-09-22,US0070927971,21188.0
OGEF,2026-09-22,US0520962626,55966.0
OGEF,2026-09-22,US0604849957,60862.0
OGEF,2026-09-22,US6024340870,73955.0
OGEF,2026-09-22,US4228635945,258786.0
OGEF,2026-09-22,US8567177308,245815.0
OGEF,2026-09-22,US4303577046,989826.0
OGEF,2026-09-22,HK3628084815,1074674.0
OGEF,2026-09-22,HK6338245649,4680232.0
OGEF,2026-09-22,HK4834475453,1601630.0
OGEF,2026-09-22,IE8257095800,51500.0
OGEF,2026-09-23,GB2368667185,398134.0
OGEF,2026-09-23,GB0160212448,324842.0
OGEF,2026-09-23,GB6447248705,3188670.0
OGEF,2026-09-23,GB2501868976,146966.0
OGEF,2026-09-23,GB6133195451,603699.0
OGEF,2026-09-23,GB7302891883,320871.0
OGEF,2026-09-23,DE4552803383,385573.0
OGEF,2026-09-23,DE7056432905,239545.0
OGEF,2026-09-23,DE7480626124,31921.0
OGEF,2026-09-23,NL8794770442,141598.0
OGEF,2026-09-23,NL4852030145,181908.0
OGEF,2026-09-23,NL6300628747,288968.0
OGEF,2026-09-23,US6712394756,37174.0
OGEF,2026-09-23,US4191048029,13278.0
OGEF,2026-09-23,US4971148942,124129.0
OGEF,2026-09-23,US7945940377,72273.0
OGEF,2026-09-23,US0070927971,21188.0
OGEF,2026-09-23,US0520962626,55966.0
OGEF,2026-09-23,US0604849957,60862.0
OGEF,2026-09-23,US6024340870,73955.0
OGEF,2026-09-23,US4228635945,258786.0
OGEF,2026-09-23,US8567177308,245815.0
OGEF,2026-09-23,US4303577046,989826.0
OGEF,2026-09-23,HK3628084815,1074674.0
OGEF,2026-09-23,HK6338245649,4680232.0
OGEF,2026-09-23,HK4834475453,1601630.0
OGEF,2026-09-23,IE8257095800,51500.0
OGEF,2026-09-24,GB2368667185,398134.0
OGEF,2026-09-24,GB0160212448,324842.0
OGEF,2026-09-24,GB6447248705,3188670.0
OGEF,2026-09-24,GB2501868976,146966.0
OGEF,2026-09-24,GB6133195451,603699.0
OGEF,2026-09-24,GB7302891883,320871.0
OGEF,2026-09-24,DE4552803383,385573.0
OGEF,2026-09-24,DE7056432905,239545.0
OGEF,2026-09-24,DE7480626124,31921.0
OGEF,2026-09-24,NL8794770442,141598.0
OGEF,2026-09-24,NL4852030145,181908.0
OGEF,2026-09-24,NL6300628747,288968.0
OGEF,2026-09-24,US6712394756,37174.0
OGEF,2026-09-24,US4191048029,13278.0
OGEF,2026-09-24,US4971148942,124129.0
OGEF,2026-09-24,US7945940377,72273.0
OGEF,2026-09-24,US0070927971,21188.0
OGEF,2026-09-24,US0520962626,55966.0
OGEF,2026-09-24,US0604849957,60862.0
OGEF,2026-09-24,US6024340870,73955.0
OGEF,2026-09-24,US4228635945,258786.0
OGEF,2026-09-24,US8567177308,245815.0
OGEF,2026-09-24,US4303577046,989826.0
OGEF,2026-09-24,HK3628084815,1074674.0
OGEF,2026-09-24,HK6338245649,4680232.0
OGEF,2026-09-24,HK4834475453,1601630.0
OGEF,2026-09-24,IE8257095800,51500.0
OGEF,2026-09-25,GB2368667185,398134.0
OGEF,2026-09-25,GB0160212448,324842.0
OGEF,2026-09-25,GB6447248705,3188670.0
OGEF,2026-09-25,GB2501868976,146966.0
OGEF,2026-09-25,GB6133195451,603699.0
OGEF,2026-09-25,GB7302891883,320871.0
OGEF,2026-09-25,DE4552803383,385573.0
OGEF,2026-09-25,DE7056432905,239545.0
OGEF,2026-09-25,DE7480626124,31921.0
OGEF,2026-09-25,NL8794770442,141598.0
OGEF,2026-09-25,NL4852030145,181908.0
OGEF,2026-09-25,NL6300628747,288968.0
OGEF,2026-09-25,US6712394756,37174.0
OGEF,2026-09-25,US4191048029,13278.0
OGEF,2026-09-25,US4971148942,124129.0
OGEF,2026-09-25,US7945940377,72273.0
OGEF,2026-09-25,US0070927971,21188.0
OGEF,2026-09-25,US0520962626,55966.0
OGEF,2026-09-25,US0604849957,60862.0
OGEF,2026-09-25,US6024340870,73955.0
OGEF,2026-09-25,US4228635945,258786.0
OGEF,2026-09-25,US8567177308,245815.0
OGEF,2026-09-25,US4303577046,989826.0
OGEF,2026-09-25,HK3628084815,1074674.0
OGEF,2026-09-25,HK6338245649,4680232.0
OGEF,2026-09-25,HK4834475453,1601630.0
OGEF,2026-09-25,IE8257095800,51500.0
OGEF,2026-09-28,GB2368667185,398134.0
OGEF,2026-09-28,GB0160212448,324842.0
OGEF,2026-09-28,GB6447248705,3188670.0
OGEF,2026-09-28,GB2501868976,146966.0
OGEF,2026-09-28,GB6133195451,603699.0
OGEF,2026-09-28,GB7302891883,320871.0
OGEF,2026-09-28,DE4552803383,352513.0
OGEF,2026-09-28,DE7056432905,239545.0
OGEF,2026-09-28,DE7480626124,31921.0
OGEF,2026-09-28,NL8794770442,141598.0
OGEF,2026-09-28,NL4852030145,181908.0
OGEF,2026-09-28,NL6300628747,288968.0
OGEF,2026-09-28,US6712394756,37174.0
OGEF,2026-09-28,US4191048029,13278.0
OGEF,2026-09-28,US4971148942,115940.0
OGEF,2026-09-28,US7945940377,72273.0
OGEF,2026-09-28,US0070927971,21188.0
OGEF,2026-09-28,US0520962626,55966.0
OGEF,2026-09-28,US0604849957,60862.0
OGEF,2026-09-28,US6024340870,73955.0
OGEF,2026-09-28,US4228635945,258786.0
OGEF,2026-09-28,US8567177308,245815.0
OGEF,2026-09-28,US4303577046,1013256.0
OGEF,2026-09-28,HK3628084815,1074674.0
OGEF,2026-09-28,HK6338245649,4680232.0
OGEF,2026-09-28,HK4834475453,1601630.0
OGEF,2026-09-28,IE8257095800,51500.0
OGEF,2026-09-29,GB2368667185,398134.0
OGEF,2026-09-29,GB0160212448,324842.0
OGEF,2026-09-29,GB6447248705,3188670.0
OGEF,2026-09-29,GB2501868976,146966.0
OGEF,2026-09-29,GB6133195451,603699.0
OGEF,2026-09-29,GB7302891883,320871.0
OGEF,2026-09-29,DE4552803383,352513.0
OGEF,2026-09-29,DE7056432905,239545.0
OGEF,2026-09-29,DE7480626124,31921.0
OGEF,2026-09-29,NL8794770442,141598.0
OGEF,2026-09-29,NL4852030145,181908.0
OGEF,2026-09-29,NL6300628747,288968.0
OGEF,2026-09-29,US6712394756,37174.0
OGEF,2026-09-29,US4191048029,13278.0
OGEF,2026-09-29,US4971148942,115940.0
OGEF,2026-09-29,US7945940377,72273.0
OGEF,2026-09-29,US0070927971,21188.0
OGEF,2026-09-29,US0520962626,55966.0
OGEF,2026-09-29,US0604849957,60862.0
OGEF,2026-09-29,US6024340870,73955.0
OGEF,2026-09-29,US4228635945,258786.0
OGEF,2026-09-29,US8567177308,245815.0
OGEF,2026-09-29,US4303577046,1013256.0
OGEF,2026-09-29,HK3628084815,1074674.0
OGEF,2026-09-29,HK6338245649,4680232.0
OGEF,2026-09-29,HK4834475453,1601630.0
OGEF,2026-09-29,IE8257095800,51500.0
OGEF,2026-09-30,GB2368667185,398134.0
OGEF,2026-09-30,GB0160212448,324842.0
OGEF,2026-09-30,GB6447248705,3188670.0
OGEF,2026-09-30,GB2501868976,146966.0
OGEF,2026-09-30,GB6133195451,603699.0
OGEF,2026-09-30,GB7302891883,320871.0
OGEF,2026-09-30,DE4552803383,352513.0
OGEF,2026-09-30,DE7056432905,239545.0
OGEF,2026-09-30,DE7480626124,31921.0
OGEF,2026-09-30,NL8794770442,141598.0
OGEF,2026-09-30,NL4852030145,181908.0
OGEF,2026-09-30,NL6300628747,288968.0
OGEF,2026-09-30,US6712394756,37174.0
OGEF,2026-09-30,US4191048029,13278.0
OGEF,2026-09-30,US4971148942,115940.0
OGEF,2026-09-30,US7945940377,72273.0
OGEF,2026-09-30,US0070927971,21188.0
OGEF,2026-09-30,US0520962626,55966.0
OGEF,2026-09-30,US0604849957,60862.0
OGEF,2026-09-30,US6024340870,73955.0
OGEF,2026-09-30,US4228635945,258786.0
OGEF,2026-09-30,US8567177308,245815.0
OGEF,2026-09-30,US4303577046,1013256.0
OGEF,2026-09-30,HK3628084815,1074674.0
OGEF,2026-09-30,HK6338245649,4680232.0
OGEF,2026-09-30,HK4834475453,1601630.0
OGEF,2026-09-30,IE8257095800,51500.0
OEEF,2025-10-01,GB0630101115,555414.0
OEEF,2025-10-01,GB1244338610,1711170.0
OEEF,2025-10-01,GB5763176813,469731.0
OEEF,2025-10-01,GB8282759830,368328.0
OEEF,2025-10-01,GB8078978300,328607.0
OEEF,2025-10-01,GB6922049515,232059.0
OEEF,2025-10-01,GB4272147544,256710.0
OEEF,2025-10-01,GB4883681873,62005.0
OEEF,2025-10-01,DE2058988387,181203.0
OEEF,2025-10-01,DE2188617561,126517.0
OEEF,2025-10-01,DE8240052946,31780.0
OEEF,2025-10-01,DE2296302361,14991.0
OEEF,2025-10-01,DE3565562488,21004.0
OEEF,2025-10-01,DE4219017920,94715.0
OEEF,2025-10-01,DE3263394742,50277.0
OEEF,2025-10-01,DE0240247409,736476.0
OEEF,2025-10-01,NL0596319520,49192.0
OEEF,2025-10-01,NL3561968038,202328.0
OEEF,2025-10-01,NL7847386088,43007.0
OEEF,2025-10-01,NL6941161118,66016.0
OEEF,2025-10-01,NL5479347757,123991.0
OEEF,2025-10-01,NL0787902567,59372.0
OEEF,2025-10-01,NL4737878610,49498.0
OEEF,2025-10-01,NL4404510816,27169.0
OEEF,2025-10-01,IE8257095800,84961.0
OEEF,2025-10-02,GB0630101115,555414.0
OEEF,2025-10-02,GB1244338610,1711170.0
OEEF,2025-10-02,GB5763176813,469731.0
OEEF,2025-10-02,GB8282759830,368328.0
OEEF,2025-10-02,GB8078978300,328607.0
OEEF,2025-10-02,GB6922049515,232059.0
OEEF,2025-10-02,GB4272147544,256710.0
OEEF,2025-10-02,GB4883681873,62005.0
OEEF,2025-10-02,DE2058988387,181203.0
OEEF,2025-10-02,DE2188617561,126517.0
OEEF,2025-10-02,DE8240052946,31780.0
OEEF,2025-10-02,DE2296302361,14991.0
OEEF,2025-10-02,DE3565562488,21004.0
OEEF,2025-10-02,DE4219017920,94715.0
OEEF,2025-10-02,DE3263394742,50277.0
OEEF,2025-10-02,DE0240247409,736476.0
OEEF,2025-10-02,NL0596319520,49192.0
OEEF,2025-10-02,NL3561968038,202328.0
OEEF,2025-10-02,NL7847386088,43007.0
OEEF,2025-10-02,NL6941161118,66016.0
OEEF,2025-10-02,NL5479347757,123991.0
OEEF,2025-10-02,NL0787902567,59372.0
OEEF,2025-10-02,NL4737878610,49498.0
OEEF,2025-10-02,NL4404510816,27169.0
OEEF,2025-10-02,IE8257095800,84961.0
OEEF,2025-10-03,GB0630101115,555414.0
OEEF,2025-10-03,GB1244338610,1711170.0
OEEF,2025-10-03,GB5763176813,469731.0
OEEF,2025-10-03,GB8282759830,368328.0
OEEF,2025-10-03,GB8078978300,328607.0
OEEF,2025-10-03,GB6922049515,232059.0
OEEF,2025-10-03,GB4272147544,256710.0
OEEF,2025-10-03,GB4883681873,62005.0
OEEF,2025-10-03,DE2058988387,181203.0
OEEF,2025-10-03,DE2188617561,126517.0
OEEF,2025-10-03,DE8240052946,31780.0
OEEF,2025-10-03,DE2296302361,14991.0
OEEF,2025-10-03,DE3565562488,21004.0
OEEF,2025-10-03,DE4219017920,94715.0
OEEF,2025-10-03,DE3263394742,50277.0
OEEF,2025-10-03,DE0240247409,736476.0
OEEF,2025-10-03,NL0596319520,49192.0
OEEF,2025-10-03,NL3561968038,202328.0
OEEF,2025-10-03,NL7847386088,43007.0
OEEF,2025-10-03,NL6941161118,66016.0
OEEF,2025-10-03,NL5479347757,123991.0
OEEF,2025-10-03,NL0787902567,59372.0
OEEF,2025-10-03,NL4737878610,49498.0
OEEF,2025-10-03,NL4404510816,27169.0
OEEF,2025-10-03,IE8257095800,84961.0
OEEF,2025-10-06,GB0630101115,555414.0
OEEF,2025-10-06,GB1244338610,1711170.0
OEEF,2025-10-06,GB5763176813,469731.0
OEEF,2025-10-06,GB8282759830,368328.0
OEEF,2025-10-06,GB8078978300,328607.0
OEEF,2025-10-06,GB6922049515,232059.0
OEEF,2025-10-06,GB4272147544,256710.0
OEEF,2025-10-06,GB4883681873,62005.0
OEEF,2025-10-06,DE2058988387,181203.0
OEEF,2025-10-06,DE2188617561,126517.0
OEEF,2025-10-06,DE8240052946,31780.0
OEEF,2025-10-06,DE2296302361,14991.0
OEEF,2025-10-06,DE3565562488,21004.0
OEEF,2025-10-06,DE4219017920,94715.0
OEEF,2025-10-06,DE3263394742,50277.0
OEEF,2025-10-06,DE0240247409,736476.0
OEEF,2025-10-06,NL0596319520,49192.0
OEEF,2025-10-06,NL3561968038,202328.0
OEEF,2025-10-06,NL7847386088,43007.0
OEEF,2025-10-06,NL6941161118,66016.0
OEEF,2025-10-06,NL5479347757,123991.0
OEEF,2025-10-06,NL0787902567,59372.0
OEEF,2025-10-06,NL4737878610,49498.0
OEEF,2025-10-06,NL4404510816,27169.0
OEEF,2025-10-06,IE8257095800,84961.0
OEEF,2025-10-07,GB0630101115,555414.0
OEEF,2025-10-07,GB1244338610,1711170.0
OEEF,2025-10-07,GB5763176813,469731.0
OEEF,2025-10-07,GB8282759830,368328.0
OEEF,2025-10-07,GB8078978300,328607.0
OEEF,2025-10-07,GB6922049515,232059.0
OEEF,2025-10-07,GB4272147544,256710.0
OEEF,2025-10-07,GB4883681873,62005.0
OEEF,2025-10-07,DE2058988387,181203.0
OEEF,2025-10-07,DE2188617561,126517.0
OEEF,2025-10-07,DE8240052946,31780.0
OEEF,2025-10-07,DE2296302361,14991.0
OEEF,2025-10-07,DE3565562488,21004.0
OEEF,2025-10-07,DE4219017920,94715.0
OEEF,2025-10-07,DE3263394742,50277.0
OEEF,2025-10-07,DE0240247409,736476.0
OEEF,2025-10-07,NL0596319520,49192.0
OEEF,2025-10-07,NL3561968038,202328.0
OEEF,2025-10-07,NL7847386088,43007.0
OEEF,2025-10-07,NL6941161118,66016.0
OEEF,2025-10-07,NL5479347757,123991.0
OEEF,2025-10-07,NL0787902567,59372.0
OEEF,2025-10-07,NL4737878610,49498.0
OEEF,2025-10-07,NL4404510816,27169.0
OEEF,2025-10-07,IE8257095800,84961.0
OEEF,2025-10-08,GB0630101115,555414.0
OEEF,2025-10-08,GB1244338610,1711170.0
OEEF,2025-10-08,GB5763176813,469731.0
OEEF,2025-10-08,GB8282759830,368328.0
OEEF,2025-10-08,GB8078978300,328607.0
OEEF,2025-10-08,GB6922049515,232059.0
OEEF,2025-10-08,GB4272147544,256710.0
OEEF,2025-10-08,GB4883681873,62005.0
OEEF,2025-10-08,DE2058988387,181203.0
OEEF,2025-10-08,DE2188617561,126517.0
OEEF,2025-10-08,DE8240052946,31780.0
OEEF,2025-10-08,DE2296302361,14991.0
OEEF,2025-10-08,DE3565562488,21004.0
OEEF,2025-10-08,DE4219017920,94715.0
OEEF,2025-10-08,DE3263394742,50277.0
OEEF,2025-10-08,DE0240247409,736476.0
OEEF,2025-10-08,NL0596319520,49192.0
OEEF,2025-10-08,NL3561968038,202328.0
OEEF,2025-10-08,NL7847386088,43007.0
OEEF,2025-10-08,NL6941161118,66016.0
OEEF,2025-10-08,NL5479347757,123991.0
OEEF,2025-10-08,NL0787902567,59372.0
OEEF,2025-10-08,NL4737878610,49498.0
OEEF,2025-10-08,NL4404510816,27169.0
OEEF,2025-10-08,IE8257095800,84961.0
OEEF,2025-10-09,GB0630101115,555414.0
OEEF,2025-10-09,GB1244338610,1711170.0
OEEF,2025-10-09,GB5763176813,469731.0
OEEF,2025-10-09,GB8282759830,368328.0
OEEF,2025-10-09,GB8078978300,328607.0
OEEF,2025-10-09,GB6922049515,232059.0
OEEF,2025-10-09,GB4272147544,256710.0
OEEF,2025-10-09,GB4883681873,62005.0
OEEF,2025-10-09,DE2058988387,181203.0
OEEF,2025-10-09,DE2188617561,126517.0
OEEF,2025-10-09,DE8240052946,31780.0
OEEF,2025-10-09,DE2296302361,14991.0
OEEF,2025-10-09,DE3565562488,21004.0
OEEF,2025-10-09,DE4219017920,94715.0
OEEF,2025-10-09,DE3263394742,50277.0
OEEF,2025-10-09,DE0240247409,736476.0
OEEF,2025-10-09,NL0596319520,49192.0
OEEF,2025-10-09,NL3561968038,202328.0
OEEF,2025-10-09,NL7847386088,43007.0
OEEF,2025-10-09,NL6941161118,66016.0
OEEF,2025-10-09,NL5479347757,123991.0
OEEF,2025-10-09,NL0787902567,59372.0
OEEF,2025-10-09,NL4737878610,49498.0
OEEF,2025-10-09,NL4404510816,27169.0
OEEF,2025-10-09,IE8257095800,84961.0
OEEF,2025-10-10,GB0630101115,555414.0
OEEF,2025-10-10,GB1244338610,1711170.0
OEEF,2025-10-10,GB5763176813,469731.0
OEEF,2025-10-10,GB8282759830,368328.0
OEEF,2025-10-10,GB8078978300,328607.0
OEEF,2025-10-10,GB6922049515,232059.0
OEEF,2025-10-10,GB4272147544,256710.0
OEEF,2025-10-10,GB4883681873,62005.0
OEEF,2025-10-10,DE2058988387,181203.0
OEEF,2025-10-10,DE2188617561,126517.0
OEEF,2025-10-10,DE8240052946,31780.0
OEEF,2025-10-10,DE2296302361,14991.0
OEEF,2025-10-10,DE3565562488,21004.0
OEEF,2025-10-10,DE4219017920,94715.0
OEEF,2025-10-10,DE3263394742,50277.0
OEEF,2025-10-10,DE0240247409,736476.0
OEEF,2025-10-10,NL0596319520,49192.0
OEEF,2025-10-10,NL3561968038,202328.0
OEEF,2025-10-10,NL7847386088,43007.0
OEEF,2025-10-10,NL6941161118,66016.0
OEEF,2025-10-10,NL5479347757,123991.0
OEEF,2025-10-10,NL0787902567,59372.0
OEEF,2025-10-10,NL4737878610,49498.0
OEEF,2025-10-10,NL4404510816,27169.0
OEEF,2025-10-10,IE8257095800,84961.0
OEEF,2025-10-13,GB0630101115,555414.0
OEEF,2025-10-13,GB1244338610,1711170.0
OEEF,2025-10-13,GB5763176813,469731.0
OEEF,2025-10-13,GB8282759830,368328.0
OEEF,2025-10-13,GB8078978300,328607.0
OEEF,2025-10-13,GB6922049515,232059.0
OEEF,2025-10-13,GB4272147544,256710.0
OEEF,2025-10-13,GB4883681873,62005.0
OEEF,2025-10-13,DE2058988387,181203.0
OEEF,2025-10-13,DE2188617561,126517.0
OEEF,2025-10-13,DE8240052946,31780.0
OEEF,2025-10-13,DE2296302361,14991.0
OEEF,2025-10-13,DE3565562488,21004.0
OEEF,2025-10-13,DE4219017920,94715.0
OEEF,2025-10-13,DE3263394742,50277.0
OEEF,2025-10-13,DE0240247409,736476.0
OEEF,2025-10-13,NL0596319520,49192.0
OEEF,2025-10-13,NL3561968038,202328.0
OEEF,2025-10-13,NL7847386088,43007.0
OEEF,2025-10-13,NL6941161118,66016.0
OEEF,2025-10-13,NL5479347757,123991.0
OEEF,2025-10-13,NL0787902567,59372.0
OEEF,2025-10-13,NL4737878610,49498.0
OEEF,2025-10-13,NL4404510816,27169.0
OEEF,2025-10-13,IE8257095800,84961.0
OEEF,2025-10-14,GB0630101115,555414.0
OEEF,2025-10-14,GB1244338610,1711170.0
OEEF,2025-10-14,GB5763176813,469731.0
OEEF,2025-10-14,GB8282759830,368328.0
OEEF,2025-10-14,GB8078978300,328607.0
OEEF,2025-10-14,GB6922049515,232059.0
OEEF,2025-10-14,GB4272147544,256710.0
OEEF,2025-10-14,GB4883681873,62005.0
OEEF,2025-10-14,DE2058988387,181203.0
OEEF,2025-10-14,DE2188617561,126517.0
OEEF,2025-10-14,DE8240052946,31780.0
OEEF,2025-10-14,DE2296302361,14991.0
OEEF,2025-10-14,DE3565562488,21004.0
OEEF,2025-10-14,DE4219017920,94715.0
OEEF,2025-10-14,DE3263394742,50277.0
OEEF,2025-10-14,DE0240247409,736476.0
OEEF,2025-10-14,NL0596319520,49192.0
OEEF,2025-10-14,NL3561968038,202328.0
OEEF,2025-10-14,NL7847386088,43007.0
OEEF,2025-10-14,NL6941161118,66016.0
OEEF,2025-10-14,NL5479347757,123991.0
OEEF,2025-10-14,NL0787902567,59372.0
OEEF,2025-10-14,NL4737878610,49498.0
OEEF,2025-10-14,NL4404510816,27169.0
OEEF,2025-10-14,IE8257095800,84961.0
OEEF,2025-10-15,GB0630101115,555414.0
OEEF,2025-10-15,GB1244338610,1711170.0
OEEF,2025-10-15,GB5763176813,469731.0
OEEF,2025-10-15,GB8282759830,368328.0
OEEF,2025-10-15,GB8078978300,328607.0
OEEF,2025-10-15,GB6922049515,232059.0
OEEF,2025-10-15,GB4272147544,256710.0
OEEF,2025-10-15,GB4883681873,62005.0
OEEF,2025-10-15,DE2058988387,181203.0
OEEF,2025-10-15,DE2188617561,126517.0
OEEF,2025-10-15,DE8240052946,31780.0
OEEF,2025-10-15,DE2296302361,14991.0
OEEF,2025-10-15,DE3565562488,21004.0
OEEF,2025-10-15,DE4219017920,94715.0
OEEF,2025-10-15,DE3263394742,50277.0
OEEF,2025-10-15,DE0240247409,736476.0
OEEF,2025-10-15,NL0596319520,49192.0
OEEF,2025-10-15,NL3561968038,202328.0
OEEF,2025-10-15,NL7847386088,43007.0
OEEF,2025-10-15,NL6941161118,66016.0
OEEF,2025-10-15,NL5479347757,123991.0
OEEF,2025-10-15,NL0787902567,59372.0
OEEF,2025-10-15,NL4737878610,49498.0
OEEF,2025-10-15,NL4404510816,27169.0
OEEF,2025-10-15,IE8257095800,84961.0
OEEF,2025-10-16,GB0630101115,555414.0
OEEF,2025-10-16,GB1244338610,1711170.0
OEEF,2025-10-16,GB5763176813,469731.0
OEEF,2025-10-16,GB8282759830,368328.0
OEEF,2025-10-16,GB8078978300,328607.0
OEEF,2025-10-16,GB6922049515,232059.0
OEEF,2025-10-16,GB4272147544,256710.0
OEEF,2025-10-16,GB4883681873,62005.0
OEEF,2025-10-16,DE2058988387,181203.0
OEEF,2025-10-16,DE2188617561,126517.0
OEEF,2025-10-16,DE8240052946,31780.0
OEEF,2025-10-16,DE2296302361,14991.0
OEEF,2025-10-16,DE3565562488,21004.0
OEEF,2025-10-16,DE4219017920,94715.0
OEEF,2025-10-16,DE3263394742,50277.0
OEEF,2025-10-16,DE0240247409,736476.0
OEEF,2025-10-16,NL0596319520,49192.0
OEEF,2025-10-16,NL3561968038,202328.0
OEEF,2025-10-16,NL7847386088,43007.0
OEEF,2025-10-16,NL6941161118,66016.0
OEEF,2025-10-16,NL5479347757,123991.0
OEEF,2025-10-16,NL0787902567,59372.0
OEEF,2025-10-16,NL4737878610,49498.0
OEEF,2025-10-16,NL4404510816,27169.0
OEEF,2025-10-16,IE8257095800,84961.0
OEEF,2025-10-17,GB0630101115,555414.0
OEEF,2025-10-17,GB1244338610,1711170.0
OEEF,2025-10-17,GB5763176813,469731.0
OEEF,2025-10-17,GB8282759830,368328.0
OEEF,2025-10-17,GB8078978300,328607.0
OEEF,2025-10-17,GB6922049515,232059.0
OEEF,2025-10-17,GB4272147544,256710.0
OEEF,2025-10-17,GB4883681873,62005.0
OEEF,2025-10-17,DE2058988387,181203.0
OEEF,2025-10-17,DE2188617561,126517.0
OEEF,2025-10-17,DE8240052946,31780.0
OEEF,2025-10-17,DE2296302361,14991.0
OEEF,2025-10-17,DE3565562488,21004.0
OEEF,2025-10-17,DE4219017920,94715.0
OEEF,2025-10-17,DE3263394742,50277.0
OEEF,2025-10-17,DE0240247409,736476.0
OEEF,2025-10-17,NL0596319520,49192.0
OEEF,2025-10-17,NL3561968038,202328.0
OEEF,2025-10-17,NL7847386088,43007.0
OEEF,2025-10-17,NL6941161118,66016.0
OEEF,2025-10-17,NL5479347757,123991.0
OEEF,2025-10-17,NL0787902567,59372.0
OEEF,2025-10-17,NL4737878610,49498.0
OEEF,2025-10-17,NL4404510816,27169.0
OEEF,2025-10-17,IE8257095800,84961.0
OEEF,2025-10-20,GB0630101115,555414.0
OEEF,2025-10-20,GB1244338610,1711170.0
OEEF,2025-10-20,GB5763176813,469731.0
OEEF,2025-10-20,GB8282759830,368328.0
OEEF,2025-10-20,GB8078978300,328607.0
OEEF,2025-10-20,GB6922049515,232059.0
OEEF,2025-10-20,GB4272147544,256710.0
OEEF,2025-10-20,GB4883681873,62005.0
OEEF,2025-10-20,DE2058988387,181203.0
OEEF,2025-10-20,DE2188617561,126517.0
OEEF,2025-10-20,DE8240052946,31780.0
OEEF,2025-10-20,DE2296302361,14991.0
OEEF,2025-10-20,DE3565562488,21004.0
OEEF,2025-10-20,DE4219017920,94715.0
OEEF,2025-10-20,DE3263394742,50277.0
OEEF,2025-10-20,DE0240247409,736476.0
OEEF,2025-10-20,NL0596319520,49192.0
OEEF,2025-10-20,NL3561968038,202328.0
OEEF,2025-10-20,NL7847386088,43007.0
OEEF,2025-10-20,NL6941161118,66016.0
OEEF,2025-10-20,NL5479347757,123991.0
OEEF,2025-10-20,NL0787902567,59372.0
OEEF,2025-10-20,NL4737878610,49498.0
OEEF,2025-10-20,NL4404510816,27169.0
OEEF,2025-10-20,IE8257095800,84961.0
OEEF,2025-10-21,GB0630101115,555414.0
OEEF,2025-10-21,GB1244338610,1711170.0
OEEF,2025-10-21,GB5763176813,469731.0
OEEF,2025-10-21,GB8282759830,368328.0
OEEF,2025-10-21,GB8078978300,328607.0
OEEF,2025-10-21,GB6922049515,232059.0
OEEF,2025-10-21,GB4272147544,256710.0
OEEF,2025-10-21,GB4883681873,62005.0
OEEF,2025-10-21,DE2058988387,181203.0
OEEF,2025-10-21,DE2188617561,126517.0
OEEF,2025-10-21,DE8240052946,31780.0
OEEF,2025-10-21,DE2296302361,14991.0
OEEF,2025-10-21,DE3565562488,21004.0
OEEF,2025-10-21,DE4219017920,94715.0
OEEF,2025-10-21,DE3263394742,50277.0
OEEF,2025-10-21,DE0240247409,736476.0
OEEF,2025-10-21,NL0596319520,49192.0
OEEF,2025-10-21,NL3561968038,202328.0
OEEF,2025-10-21,NL7847386088,43007.0
OEEF,2025-10-21,NL6941161118,66016.0
OEEF,2025-10-21,NL5479347757,123991.0
OEEF,2025-10-21,NL0787902567,59372.0
OEEF,2025-10-21,NL4737878610,49498.0
OEEF,2025-10-21,NL4404510816,27169.0
OEEF,2025-10-21,IE8257095800,84961.0
OEEF,2025-10-22,GB0630101115,555414.0
OEEF,2025-10-22,GB1244338610,1711170.0
OEEF,2025-10-22,GB5763176813,469731.0
OEEF,2025-10-22,GB8282759830,368328.0
OEEF,2025-10-22,GB8078978300,328607.0
OEEF,2025-10-22,GB6922049515,232059.0
OEEF,2025-10-22,GB4272147544,256710.0
OEEF,2025-10-22,GB4883681873,62005.0
OEEF,2025-10-22,DE2058988387,181203.0
OEEF,2025-10-22,DE2188617561,126517.0
OEEF,2025-10-22,DE8240052946,31780.0
OEEF,2025-10-22,DE2296302361,14991.0
OEEF,2025-10-22,DE3565562488,21004.0
OEEF,2025-10-22,DE4219017920,94715.0
OEEF,2025-10-22,DE3263394742,50277.0
OEEF,2025-10-22,DE0240247409,736476.0
OEEF,2025-10-22,NL0596319520,49192.0
OEEF,2025-10-22,NL3561968038,202328.0
OEEF,2025-10-22,NL7847386088,43007.0
OEEF,2025-10-22,NL6941161118,66016.0
OEEF,2025-10-22,NL5479347757,123991.0
OEEF,2025-10-22,NL0787902567,59372.0
OEEF,2025-10-22,NL4737878610,49498.0
OEEF,2025-10-22,NL4404510816,27169.0
OEEF,2025-10-22,IE8257095800,84961.0
OEEF,2025-10-23,GB0630101115,555414.0
OEEF,2025-10-23,GB1244338610,1711170.0
OEEF,2025-10-23,GB5763176813,469731.0
OEEF,2025-10-23,GB8282759830,368328.0
OEEF,2025-10-23,GB8078978300,328607.0
OEEF,2025-10-23,GB6922049515,232059.0
OEEF,2025-10-23,GB4272147544,256710.0
OEEF,2025-10-23,GB4883681873,62005.0
OEEF,2025-10-23,DE2058988387,181203.0
OEEF,2025-10-23,DE2188617561,126517.0
OEEF,2025-10-23,DE8240052946,31780.0
OEEF,2025-10-23,DE2296302361,14991.0
OEEF,2025-10-23,DE3565562488,21004.0
OEEF,2025-10-23,DE4219017920,94715.0
OEEF,2025-10-23,DE3263394742,50277.0
OEEF,2025-10-23,DE0240247409,736476.0
OEEF,2025-10-23,NL0596319520,49192.0
OEEF,2025-10-23,NL3561968038,202328.0
OEEF,2025-10-23,NL7847386088,43007.0
OEEF,2025-10-23,NL6941161118,66016.0
OEEF,2025-10-23,NL5479347757,123991.0
OEEF,2025-10-23,NL0787902567,59372.0
OEEF,2025-10-23,NL4737878610,49498.0
OEEF,2025-10-23,NL4404510816,27169.0
OEEF,2025-10-23,IE8257095800,84961.0
OEEF,2025-10-24,GB0630101115,555414.0
OEEF,2025-10-24,GB1244338610,1711170.0
OEEF,2025-10-24,GB5763176813,469731.0
OEEF,2025-10-24,GB8282759830,368328.0
OEEF,2025-10-24,GB8078978300,328607.0
OEEF,2025-10-24,GB6922049515,232059.0
OEEF,2025-10-24,GB4272147544,256710.0
OEEF,2025-10-24,GB4883681873,62005.0
OEEF,2025-10-24,DE2058988387,181203.0
OEEF,2025-10-24,DE2188617561,126517.0
OEEF,2025-10-24,DE8240052946,31780.0
OEEF,2025-10-24,DE2296302361,14991.0
OEEF,2025-10-24,DE3565562488,21004.0
OEEF,2025-10-24,DE4219017920,94715.0
OEEF,2025-10-24,DE3263394742,50277.0
OEEF,2025-10-24,DE0240247409,736476.0
OEEF,2025-10-24,NL0596319520,49192.0
OEEF,2025-10-24,NL3561968038,202328.0
OEEF,2025-10-24,NL7847386088,43007.0
OEEF,2025-10-24,NL6941161118,66016.0
OEEF,2025-10-24,NL5479347757,123991.0
OEEF,2025-10-24,NL0787902567,59372.0
OEEF,2025-10-24,NL4737878610,49498.0
OEEF,2025-10-24,NL4404510816,27169.0
OEEF,2025-10-24,IE8257095800,84961.0
OEEF,2025-10-27,GB0630101115,555414.0
OEEF,2025-10-27,GB1244338610,1711170.0
OEEF,2025-10-27,GB5763176813,469731.0
OEEF,2025-10-27,GB8282759830,368328.0
OEEF,2025-10-27,GB8078978300,328607.0
OEEF,2025-10-27,GB6922049515,232059.0
OEEF,2025-10-27,GB4272147544,256710.0
OEEF,2025-10-27,GB4883681873,62005.0
OEEF,2025-10-27,DE2058988387,181203.0
OEEF,2025-10-27,DE2188617561,126517.0
OEEF,2025-10-27,DE8240052946,31780.0
OEEF,2025-10-27,DE2296302361,14991.0
OEEF,2025-10-27,DE3565562488,21004.0
OEEF,2025-10-27,DE4219017920,94715.0
OEEF,2025-10-27,DE3263394742,50277.0
OEEF,2025-10-27,DE0240247409,736476.0
OEEF,2025-10-27,NL0596319520,49192.0
OEEF,2025-10-27,NL3561968038,202328.0
OEEF,2025-10-27,NL7847386088,43007.0
OEEF,2025-10-27,NL6941161118,66016.0
OEEF,2025-10-27,NL5479347757,123991.0
OEEF,2025-10-27,NL0787902567,59372.0
OEEF,2025-10-27,NL4737878610,49498.0
OEEF,2025-10-27,NL4404510816,27169.0
OEEF,2025-10-27,IE8257095800,84961.0
OEEF,2025-10-28,GB0630101115,555414.0
OEEF,2025-10-28,GB1244338610,1711170.0
OEEF,2025-10-28,GB5763176813,469731.0
OEEF,2025-10-28,GB8282759830,368328.0
OEEF,2025-10-28,GB8078978300,328607.0
OEEF,2025-10-28,GB6922049515,232059.0
OEEF,2025-10-28,GB4272147544,256710.0
OEEF,2025-10-28,GB4883681873,62005.0
OEEF,2025-10-28,DE2058988387,181203.0
OEEF,2025-10-28,DE2188617561,126517.0
OEEF,2025-10-28,DE8240052946,31780.0
OEEF,2025-10-28,DE2296302361,14991.0
OEEF,2025-10-28,DE3565562488,21004.0
OEEF,2025-10-28,DE4219017920,94715.0
OEEF,2025-10-28,DE3263394742,50277.0
OEEF,2025-10-28,DE0240247409,736476.0
OEEF,2025-10-28,NL0596319520,49192.0
OEEF,2025-10-28,NL3561968038,202328.0
OEEF,2025-10-28,NL7847386088,43007.0
OEEF,2025-10-28,NL6941161118,66016.0
OEEF,2025-10-28,NL5479347757,123991.0
OEEF,2025-10-28,NL0787902567,59372.0
OEEF,2025-10-28,NL4737878610,49498.0
OEEF,2025-10-28,NL4404510816,27169.0
OEEF,2025-10-28,IE8257095800,84961.0
OEEF,2025-10-29,GB0630101115,555414.0
OEEF,2025-10-29,GB1244338610,1711170.0
OEEF,2025-10-29,GB5763176813,469731.0
OEEF,2025-10-29,GB8282759830,368328.0
OEEF,2025-10-29,GB8078978300,328607.0
OEEF,2025-10-29,GB6922049515,232059.0
OEEF,2025-10-29,GB4272147544,256710.0
OEEF,2025-10-29,GB4883681873,62005.0
OEEF,2025-10-29,DE2058988387,181203.0
OEEF,2025-10-29,DE2188617561,126517.0
OEEF,2025-10-29,DE8240052946,31780.0
OEEF,2025-10-29,DE2296302361,14991.0
OEEF,2025-10-29,DE3565562488,21004.0
OEEF,2025-10-29,DE4219017920,94715.0
OEEF,2025-10-29,DE3263394742,50277.0
OEEF,2025-10-29,DE0240247409,736476.0
OEEF,2025-10-29,NL0596319520,49192.0
OEEF,2025-10-29,NL3561968038,202328.0
OEEF,2025-10-29,NL7847386088,43007.0
OEEF,2025-10-29,NL6941161118,66016.0
OEEF,2025-10-29,NL5479347757,123991.0
OEEF,2025-10-29,NL0787902567,59372.0
OEEF,2025-10-29,NL4737878610,49498.0
OEEF,2025-10-29,NL4404510816,27169.0
OEEF,2025-10-29,IE8257095800,84961.0
OEEF,2025-10-30,GB0630101115,555414.0
OEEF,2025-10-30,GB1244338610,1711170.0
OEEF,2025-10-30,GB5763176813,469731.0
OEEF,2025-10-30,GB8282759830,368328.0
OEEF,2025-10-30,GB8078978300,328607.0
OEEF,2025-10-30,GB6922049515,232059.0
OEEF,2025-10-30,GB4272147544,256710.0
OEEF,2025-10-30,GB4883681873,62990.0
OEEF,2025-10-30,DE2058988387,181203.0
OEEF,2025-10-30,DE2188617561,123035.0
OEEF,2025-10-30,DE8240052946,31780.0
OEEF,2025-10-30,DE2296302361,14991.0
OEEF,2025-10-30,DE3565562488,21004.0
OEEF,2025-10-30,DE4219017920,94715.0
OEEF,2025-10-30,DE3263394742,50277.0
OEEF,2025-10-30,DE0240247409,736476.0
OEEF,2025-10-30,NL0596319520,49192.0
OEEF,2025-10-30,NL3561968038,202328.0
OEEF,2025-10-30,NL7847386088,43007.0
OEEF,2025-10-30,NL6941161118,67150.0
OEEF,2025-10-30,NL5479347757,123991.0
OEEF,2025-10-30,NL0787902567,59372.0
OEEF,2025-10-30,NL4737878610,49498.0
OEEF,2025-10-30,NL4404510816,27169.0
OEEF,2025-10-30,IE8257095800,84961.0
OEEF,2025-10-31,GB0630101115,555414.0
OEEF,2025-10-31,GB1244338610,1711170.0
OEEF,2025-10-31,GB5763176813,469731.0
OEEF,2025-10-31,GB8282759830,368328.0
OEEF,2025-10-31,GB8078978300,328607.0
OEEF,2025-10-31,GB6922049515,232059.0
OEEF,2025-10-31,GB4272147544,256710.0
OEEF,2025-10-31,GB4883681873,62990.0
OEEF,2025-10-31,DE2058988387,181203.0
OEEF,2025-10-31,DE2188617561,123035.0
OEEF,2025-10-31,DE8240052946,31780.0
OEEF,2025-10-31,DE2296302361,14991.0
OEEF,2025-10-31,DE3565562488,21004.0
OEEF,2025-10-31,DE4219017920,94715.0
OEEF,2025-10-31,DE3263394742,50277.0
OEEF,2025-10-31,DE0240247409,736476.0
OEEF,2025-10-31,NL0596319520,49192.0
OEEF,2025-10-31,NL3561968038,202328.0
OEEF,2025-10-31,NL7847386088,43007.0
OEEF,2025-10-31,NL6941161118,67150.0
OEEF,2025-10-31,NL5479347757,123991.0
OEEF,2025-10-31,NL0787902567,59372.0
OEEF,2025-10-31,NL4737878610,49498.0
OEEF,2025-10-31,NL4404510816,27169.0
OEEF,2025-10-31,IE8257095800,84961.0
OEEF,2025-11-03,GB0630101115,555414.0
OEEF,2025-11-03,GB1244338610,1711170.0
OEEF,2025-11-03,GB5763176813,469731.0
OEEF,2025-11-03,GB8282759830,368328.0
OEEF,2025-11-03,GB8078978300,328607.0
OEEF,2025-11-03,GB6922049515,232059.0
OEEF,2025-11-03,GB4272147544,256710.0
OEEF,2025-11-03,GB4883681873,62990.0
OEEF,2025-11-03,DE2058988387,181203.0
OEEF,2025-11-03,DE2188617561,123035.0
OEEF,2025-11-03,DE8240052946,31780.0
OEEF,2025-11-03,DE2296302361,14991.0
OEEF,2025-11-03,DE3565562488,21004.0
OEEF,2025-11-03,DE4219017920,94715.0
OEEF,2025-11-03,DE3263394742,50277.0
OEEF,2025-11-03,DE0240247409,736476.0
OEEF,2025-11-03,NL0596319520,49192.0
OEEF,2025-11-03,NL3561968038,202328.0
OEEF,2025-11-03,NL7847386088,43007.0
OEEF,2025-11-03,NL6941161118,67150.0
OEEF,2025-11-03,NL5479347757,123991.0
OEEF,2025-11-03,NL0787902567,59372.0
OEEF,2025-11-03,NL4737878610,49498.0
OEEF,2025-11-03,NL4404510816,27169.0
OEEF,2025-11-03,IE8257095800,84961.0
OEEF,2025-11-04,GB0630101115,555414.0
OEEF,2025-11-04,GB1244338610,1711170.0
OEEF,2025-11-04,GB5763176813,469731.0
OEEF,2025-11-04,GB8282759830,368328.0
OEEF,2025-11-04,GB8078978300,328607.0
OEEF,2025-11-04,GB6922049515,232059.0
OEEF,2025-11-04,GB4272147544,256710.0
OEEF,2025-11-04,GB4883681873,62990.0
OEEF,2025-11-04,DE2058988387,181203.0
OEEF,2025-11-04,DE2188617561,123035.0
OEEF,2025-11-04,DE8240052946,31780.0
OEEF,2025-11-04,DE2296302361,14991.0
OEEF,2025-11-04,DE3565562488,21004.0
OEEF,2025-11-04,DE4219017920,94715.0
OEEF,2025-11-04,DE3263394742,50277.0
OEEF,2025-11-04,DE0240247409,736476.0
OEEF,2025-11-04,NL0596319520,49192.0
OEEF,2025-11-04,NL3561968038,202328.0
OEEF,2025-11-04,NL7847386088,43007.0
OEEF,2025-11-04,NL6941161118,67150.0
OEEF,2025-11-04,NL5479347757,123991.0
OEEF,2025-11-04,NL0787902567,59372.0
OEEF,2025-11-04,NL4737878610,49498.0
OEEF,2025-11-04,NL4404510816,27169.0
OEEF,2025-11-04,IE8257095800,84961.0
OEEF,2025-11-05,GB0630101115,555414.0
OEEF,2025-11-05,GB1244338610,1711170.0
OEEF,2025-11-05,GB5763176813,469731.0
OEEF,2025-11-05,GB8282759830,368328.0
OEEF,2025-11-05,GB8078978300,328607.0
OEEF,2025-11-05,GB6922049515,232059.0
OEEF,2025-11-05,GB4272147544,256710.0
OEEF,2025-11-05,GB4883681873,62990.0
OEEF,2025-11-05,DE2058988387,181203.0
OEEF,2025-11-05,DE2188617561,123035.0
OEEF,2025-11-05,DE8240052946,31780.0
OEEF,2025-11-05,DE2296302361,14991.0
OEEF,2025-11-05,DE3565562488,21004.0
OEEF,2025-11-05,DE4219017920,94715.0
OEEF,2025-11-05,DE3263394742,50277.0
OEEF,2025-11-05,DE0240247409,736476.0
OEEF,2025-11-05,NL0596319520,49192.0
OEEF,2025-11-05,NL3561968038,202328.0
OEEF,2025-11-05,NL7847386088,43007.0
OEEF,2025-11-05,NL6941161118,67150.0
OEEF,2025-11-05,NL5479347757,123991.0
OEEF,2025-11-05,NL0787902567,59372.0
OEEF,2025-11-05,NL4737878610,49498.0
OEEF,2025-11-05,NL4404510816,27169.0
OEEF,2025-11-05,IE8257095800,84961.0
OEEF,2025-11-06,GB0630101115,555414.0
OEEF,2025-11-06,GB1244338610,1711170.0
OEEF,2025-11-06,GB5763176813,469731.0
OEEF,2025-11-06,GB8282759830,368328.0
OEEF,2025-11-06,GB8078978300,328607.0
OEEF,2025-11-06,GB6922049515,232059.0
OEEF,2025-11-06,GB4272147544,256710.0
OEEF,2025-11-06,GB4883681873,62990.0
OEEF,2025-11-06,DE2058988387,181203.0
OEEF,2025-11-06,DE2188617561,123035.0
OEEF,2025-11-06,DE8240052946,31780.0
OEEF,2025-11-06,DE2296302361,14991.0
OEEF,2025-11-06,DE3565562488,21004.0
OEEF,2025-11-06,DE4219017920,94715.0
OEEF,2025-11-06,DE3263394742,50277.0
OEEF,2025-11-06,DE0240247409,736476.0
OEEF,2025-11-06,NL0596319520,49192.0
OEEF,2025-11-06,NL3561968038,202328.0
OEEF,2025-11-06,NL7847386088,43007.0
OEEF,2025-11-06,NL6941161118,67150.0
OEEF,2025-11-06,NL5479347757,123991.0
OEEF,2025-11-06,NL0787902567,59372.0
OEEF,2025-11-06,NL4737878610,49498.0
OEEF,2025-11-06,NL4404510816,27169.0
OEEF,2025-11-06,IE8257095800,84961.0
OEEF,2025-11-07,GB0630101115,555414.0
OEEF,2025-11-07,GB1244338610,1711170.0
OEEF,2025-11-07,GB5763176813,469731.0
OEEF,2025-11-07,GB8282759830,368328.0
OEEF,2025-11-07,GB8078978300,328607.0
OEEF,2025-11-07,GB6922049515,232059.0
OEEF,2025-11-07,GB4272147544,256710.0
OEEF,2025-11-07,GB4883681873,62990.0
OEEF,2025-11-07,DE2058988387,181203.0
OEEF,2025-11-07,DE2188617561,123035.0
OEEF,2025-11-07,DE8240052946,31780.0
OEEF,2025-11-07,DE2296302361,14991.0
OEEF,2025-11-07,DE3565562488,21004.0
OEEF,2025-11-07,DE4219017920,94715.0
OEEF,2025-11-07,DE3263394742,50277.0
OEEF,2025-11-07,DE0240247409,736476.0
OEEF,2025-11-07,NL0596319520,49192.0
OEEF,2025-11-07,NL3561968038,202328.0
OEEF,2025-11-07,NL7847386088,43007.0
OEEF,2025-11-07,NL6941161118,67150.0
OEEF,2025-11-07,NL5479347757,123991.0
OEEF,2025-11-07,NL0787902567,59372.0
OEEF,2025-11-07,NL4737878610,49498.0
OEEF,2025-11-07,NL4404510816,27169.0
OEEF,2025-11-07,IE8257095800,84961.0
OEEF,2025-11-10,GB0630101115,555414.0
OEEF,2025-11-10,GB1244338610,1711170.0
OEEF,2025-11-10,GB5763176813,469731.0
OEEF,2025-11-10,GB8282759830,368328.0
OEEF,2025-11-10,GB8078978300,328607.0
OEEF,2025-11-10,GB6922049515,232059.0
OEEF,2025-11-10,GB4272147544,256710.0
OEEF,2025-11-10,GB4883681873,62990.0
OEEF,2025-11-10,DE2058988387,181203.0
OEEF,2025-11-10,DE2188617561,123035.0
OEEF,2025-11-10,DE8240052946,31780.0
OEEF,2025-11-10,DE2296302361,14991.0
OEEF,2025-11-10,DE3565562488,21004.0
OEEF,2025-11-10,DE4219017920,94715.0
OEEF,2025-11-10,DE3263394742,50277.0
OEEF,2025-11-10,DE0240247409,736476.0
OEEF,2025-11-10,NL0596319520,49192.0
OEEF,2025-11-10,NL3561968038,202328.0
OEEF,2025-11-10,NL7847386088,43007.0
OEEF,2025-11-10,NL6941161118,67150.0
OEEF,2025-11-10,NL5479347757,123991.0
OEEF,2025-11-10,NL0787902567,59372.0
OEEF,2025-11-10,NL4737878610,49498.0
OEEF,2025-11-10,NL4404510816,27169.0
OEEF,2025-11-10,IE8257095800,84961.0
OEEF,2025-11-11,GB0630101115,555414.0
OEEF,2025-11-11,GB1244338610,1711170.0
OEEF,2025-11-11,GB5763176813,469731.0
OEEF,2025-11-11,GB8282759830,368328.0
OEEF,2025-11-11,GB8078978300,328607.0
OEEF,2025-11-11,GB6922049515,232059.0
OEEF,2025-11-11,GB4272147544,256710.0
OEEF,2025-11-11,GB4883681873,62990.0
OEEF,2025-11-11,DE2058988387,181203.0
OEEF,2025-11-11,DE2188617561,123035.0
OEEF,2025-11-11,DE8240052946,31780.0
OEEF,2025-11-11,DE2296302361,14991.0
OEEF,2025-11-11,DE3565562488,21004.0
OEEF,2025-11-11,DE4219017920,94715.0
OEEF,2025-11-11,DE3263394742,50277.0
OEEF,2025-11-11,DE0240247409,736476.0
OEEF,2025-11-11,NL0596319520,49192.0
OEEF,2025-11-11,NL3561968038,202328.0
OEEF,2025-11-11,NL7847386088,43007.0
OEEF,2025-11-11,NL6941161118,67150.0
OEEF,2025-11-11,NL5479347757,123991.0
OEEF,2025-11-11,NL0787902567,59372.0
OEEF,2025-11-11,NL4737878610,49498.0
OEEF,2025-11-11,NL4404510816,27169.0
OEEF,2025-11-11,IE8257095800,84961.0
OEEF,2025-11-12,GB0630101115,555414.0
OEEF,2025-11-12,GB1244338610,1711170.0
OEEF,2025-11-12,GB5763176813,469731.0
OEEF,2025-11-12,GB8282759830,368328.0
OEEF,2025-11-12,GB8078978300,328607.0
OEEF,2025-11-12,GB6922049515,232059.0
OEEF,2025-11-12,GB4272147544,256710.0
OEEF,2025-11-12,GB4883681873,62990.0
OEEF,2025-11-12,DE2058988387,181203.0
OEEF,2025-11-12,DE2188617561,123035.0
OEEF,2025-11-12,DE8240052946,31780.0
OEEF,2025-11-12,DE2296302361,14991.0
OEEF,2025-11-12,DE3565562488,21004.0
OEEF,2025-11-12,DE4219017920,94715.0
OEEF,2025-11-12,DE3263394742,50277.0
OEEF,2025-11-12,DE0240247409,736476.0
OEEF,2025-11-12,NL0596319520,49192.0
OEEF,2025-11-12,NL3561968038,202328.0
OEEF,2025-11-12,NL7847386088,43007.0
OEEF,2025-11-12,NL6941161118,67150.0
OEEF,2025-11-12,NL5479347757,123991.0
OEEF,2025-11-12,NL0787902567,59372.0
OEEF,2025-11-12,NL4737878610,49498.0
OEEF,2025-11-12,NL4404510816,27169.0
OEEF,2025-11-12,IE8257095800,84961.0
OEEF,2025-11-13,GB0630101115,555414.0
OEEF,2025-11-13,GB1244338610,1711170.0
OEEF,2025-11-13,GB5763176813,469731.0
OEEF,2025-11-13,GB8282759830,368328.0
OEEF,2025-11-13,GB8078978300,328607.0
OEEF,2025-11-13,GB6922049515,232059.0
OEEF,2025-11-13,GB4272147544,256710.0
OEEF,2025-11-13,GB4883681873,62990.0
OEEF,2025-11-13,DE2058988387,181203.0
OEEF,2025-11-13,DE2188617561,123035.0
OEEF,2025-11-13,DE8240052946,31780.0
OEEF,2025-11-13,DE2296302361,14991.0
OEEF,2025-11-13,DE3565562488,21004.0
OEEF,2025-11-13,DE4219017920,94715.0
OEEF,2025-11-13,DE3263394742,50277.0
OEEF,2025-11-13,DE0240247409,736476.0
OEEF,2025-11-13,NL0596319520,49192.0
OEEF,2025-11-13,NL3561968038,202328.0
OEEF,2025-11-13,NL7847386088,43007.0
OEEF,2025-11-13,NL6941161118,67150.0
OEEF,2025-11-13,NL5479347757,123991.0
OEEF,2025-11-13,NL0787902567,59372.0
OEEF,2025-11-13,NL4737878610,49498.0
OEEF,2025-11-13,NL4404510816,27169.0
OEEF,2025-11-13,IE8257095800,84961.0
OEEF,2025-11-14,GB0630101115,555414.0
OEEF,2025-11-14,GB1244338610,1711170.0
OEEF,2025-11-14,GB5763176813,469731.0
OEEF,2025-11-14,GB8282759830,368328.0
OEEF,2025-11-14,GB8078978300,328607.0
OEEF,2025-11-14,GB6922049515,232059.0
OEEF,2025-11-14,GB4272147544,256710.0
OEEF,2025-11-14,GB4883681873,62990.0
OEEF,2025-11-14,DE2058988387,181203.0
OEEF,2025-11-14,DE2188617561,123035.0
OEEF,2025-11-14,DE8240052946,31780.0
OEEF,2025-11-14,DE2296302361,14991.0
OEEF,2025-11-14,DE3565562488,21004.0
OEEF,2025-11-14,DE4219017920,94715.0
OEEF,2025-11-14,DE3263394742,50277.0
OEEF,2025-11-14,DE0240247409,736476.0
OEEF,2025-11-14,NL0596319520,49192.0
OEEF,2025-11-14,NL3561968038,202328.0
OEEF,2025-11-14,NL7847386088,43007.0
OEEF,2025-11-14,NL6941161118,67150.0
OEEF,2025-11-14,NL5479347757,123991.0
OEEF,2025-11-14,NL0787902567,59372.0
OEEF,2025-11-14,NL4737878610,49498.0
OEEF,2025-11-14,NL4404510816,27169.0
OEEF,2025-11-14,IE8257095800,84961.0
OEEF,2025-11-17,GB0630101115,555414.0
OEEF,2025-11-17,GB1244338610,1711170.0
OEEF,2025-11-17,GB5763176813,469731.0
OEEF,2025-11-17,GB8282759830,368328.0
OEEF,2025-11-17,GB8078978300,328607.0
OEEF,2025-11-17,GB6922049515,232059.0
OEEF,2025-11-17,GB4272147544,256710.0
OEEF,2025-11-17,GB4883681873,62990.0
OEEF,2025-11-17,DE2058988387,181203.0
OEEF,2025-11-17,DE2188617561,123035.0
OEEF,2025-11-17,DE8240052946,31780.0
OEEF,2025-11-17,DE2296302361,14991.0
OEEF,2025-11-17,DE3565562488,21004.0
OEEF,2025-11-17,DE4219017920,94715.0
OEEF,2025-11-17,DE3263394742,50277.0
OEEF,2025-11-17,DE0240247409,736476.0
OEEF,2025-11-17,NL0596319520,49192.0
OEEF,2025-11-17,NL3561968038,202328.0
OEEF,2025-11-17,NL7847386088,43007.0
OEEF,2025-11-17,NL6941161118,67150.0
OEEF,2025-11-17,NL5479347757,123991.0
OEEF,2025-11-17,NL0787902567,59372.0
OEEF,2025-11-17,NL4737878610,49498.0
OEEF,2025-11-17,NL4404510816,27169.0
OEEF,2025-11-17,IE8257095800,84961.0
OEEF,2025-11-18,GB0630101115,555414.0
OEEF,2025-11-18,GB1244338610,1711170.0
OEEF,2025-11-18,GB5763176813,469731.0
OEEF,2025-11-18,GB8282759830,368328.0
OEEF,2025-11-18,GB8078978300,328607.0
OEEF,2025-11-18,GB6922049515,232059.0
OEEF,2025-11-18,GB4272147544,256710.0
OEEF,2025-11-18,GB4883681873,62990.0
OEEF,2025-11-18,DE2058988387,181203.0
OEEF,2025-11-18,DE2188617561,123035.0
OEEF,2025-11-18,DE8240052946,31780.0
OEEF,2025-11-18,DE2296302361,14991.0
OEEF,2025-11-18,DE3565562488,21004.0
OEEF,2025-11-18,DE4219017920,94715.0
OEEF,2025-11-18,DE3263394742,50277.0
OEEF,2025-11-18,DE0240247409,736476.0
OEEF,2025-11-18,NL0596319520,49192.0
OEEF,2025-11-18,NL3561968038,202328.0
OEEF,2025-11-18,NL7847386088,43007.0
OEEF,2025-11-18,NL6941161118,67150.0
OEEF,2025-11-18,NL5479347757,123991.0
OEEF,2025-11-18,NL0787902567,59372.0
OEEF,2025-11-18,NL4737878610,49498.0
OEEF,2025-11-18,NL4404510816,27169.0
OEEF,2025-11-18,IE8257095800,84961.0
OEEF,2025-11-19,GB0630101115,555414.0
OEEF,2025-11-19,GB1244338610,1711170.0
OEEF,2025-11-19,GB5763176813,469731.0
OEEF,2025-11-19,GB8282759830,368328.0
OEEF,2025-11-19,GB8078978300,328607.0
OEEF,2025-11-19,GB6922049515,232059.0
OEEF,2025-11-19,GB4272147544,256710.0
OEEF,2025-11-19,GB4883681873,62990.0
OEEF,2025-11-19,DE2058988387,181203.0
OEEF,2025-11-19,DE2188617561,123035.0
OEEF,2025-11-19,DE8240052946,31780.0
OEEF,2025-11-19,DE2296302361,14991.0
OEEF,2025-11-19,DE3565562488,21004.0
OEEF,2025-11-19,DE4219017920,94715.0
OEEF,2025-11-19,DE3263394742,50277.0
OEEF,2025-11-19,DE0240247409,736476.0
OEEF,2025-11-19,NL0596319520,49192.0
OEEF,2025-11-19,NL3561968038,202328.0
OEEF,2025-11-19,NL7847386088,43007.0
OEEF,2025-11-19,NL6941161118,67150.0
OEEF,2025-11-19,NL5479347757,123991.0
OEEF,2025-11-19,NL0787902567,59372.0
OEEF,2025-11-19,NL4737878610,49498.0
OEEF,2025-11-19,NL4404510816,27169.0
OEEF,2025-11-19,IE8257095800,84961.0
OEEF,2025-11-20,GB0630101115,555414.0
OEEF,2025-11-20,GB1244338610,1711170.0
OEEF,2025-11-20,GB5763176813,469731.0
OEEF,2025-11-20,GB8282759830,368328.0
OEEF,2025-11-20,GB8078978300,328607.0
OEEF,2025-11-20,GB6922049515,232059.0
OEEF,2025-11-20,GB4272147544,256710.0
OEEF,2025-11-20,GB4883681873,62990.0
OEEF,2025-11-20,DE2058988387,181203.0
OEEF,2025-11-20,DE2188617561,123035.0
OEEF,2025-11-20,DE8240052946,31780.0
OEEF,2025-11-20,DE2296302361,14991.0
OEEF,2025-11-20,DE3565562488,21004.0
OEEF,2025-11-20,DE4219017920,94715.0
OEEF,2025-11-20,DE3263394742,50277.0
OEEF,2025-11-20,DE0240247409,736476.0
OEEF,2025-11-20,NL0596319520,49192.0
OEEF,2025-11-20,NL3561968038,202328.0
OEEF,2025-11-20,NL7847386088,43007.0
OEEF,2025-11-20,NL6941161118,67150.0
OEEF,2025-11-20,NL5479347757,123991.0
OEEF,2025-11-20,NL0787902567,59372.0
OEEF,2025-11-20,NL4737878610,49498.0
OEEF,2025-11-20,NL4404510816,27169.0
OEEF,2025-11-20,IE8257095800,84961.0
OEEF,2025-11-21,GB0630101115,555414.0
OEEF,2025-11-21,GB1244338610,1711170.0
OEEF,2025-11-21,GB5763176813,469731.0
OEEF,2025-11-21,GB8282759830,368328.0
OEEF,2025-11-21,GB8078978300,328607.0
OEEF,2025-11-21,GB6922049515,232059.0
OEEF,2025-11-21,GB4272147544,256710.0
OEEF,2025-11-21,GB4883681873,62990.0
OEEF,2025-11-21,DE2058988387,181203.0
OEEF,2025-11-21,DE2188617561,123035.0
OEEF,2025-11-21,DE8240052946,31780.0
OEEF,2025-11-21,DE2296302361,14991.0
OEEF,2025-11-21,DE3565562488,21004.0
OEEF,2025-11-21,DE4219017920,94715.0
OEEF,2025-11-21,DE3263394742,50277.0
OEEF,2025-11-21,DE0240247409,736476.0
OEEF,2025-11-21,NL0596319520,49192.0
OEEF,2025-11-21,NL3561968038,202328.0
OEEF,2025-11-21,NL7847386088,43007.0
OEEF,2025-11-21,NL6941161118,67150.0
OEEF,2025-11-21,NL5479347757,123991.0
OEEF,2025-11-21,NL0787902567,59372.0
OEEF,2025-11-21,NL4737878610,49498.0
OEEF,2025-11-21,NL4404510816,27169.0
OEEF,2025-11-21,IE8257095800,84961.0
OEEF,2025-11-24,GB0630101115,555414.0
OEEF,2025-11-24,GB1244338610,1711170.0
OEEF,2025-11-24,GB5763176813,469731.0
OEEF,2025-11-24,GB8282759830,368328.0
OEEF,2025-11-24,GB8078978300,328607.0
OEEF,2025-11-24,GB6922049515,232059.0
OEEF,2025-11-24,GB4272147544,256710.0
OEEF,2025-11-24,GB4883681873,62990.0
OEEF,2025-11-24,DE2058988387,181203.0
OEEF,2025-11-24,DE2188617561,123035.0
OEEF,2025-11-24,DE8240052946,31780.0
OEEF,2025-11-24,DE2296302361,14991.0
OEEF,2025-11-24,DE3565562488,21004.0
OEEF,2025-11-24,DE4219017920,94715.0
OEEF,2025-11-24,DE3263394742,50277.0
OEEF,2025-11-24,DE0240247409,736476.0
OEEF,2025-11-24,NL0596319520,49192.0
OEEF,2025-11-24,NL3561968038,202328.0
OEEF,2025-11-24,NL7847386088,43007.0
OEEF,2025-11-24,NL6941161118,67150.0
OEEF,2025-11-24,NL5479347757,123991.0
OEEF,2025-11-24,NL0787902567,59372.0
OEEF,2025-11-24,NL4737878610,49498.0
OEEF,2025-11-24,NL4404510816,27169.0
OEEF,2025-11-24,IE8257095800,84961.0
OEEF,2025-11-25,GB0630101115,555414.0
OEEF,2025-11-25,GB1244338610,1711170.0
OEEF,2025-11-25,GB5763176813,469731.0
OEEF,2025-11-25,GB8282759830,368328.0
OEEF,2025-11-25,GB8078978300,328607.0
OEEF,2025-11-25,GB6922049515,232059.0
OEEF,2025-11-25,GB4272147544,256710.0
OEEF,2025-11-25,GB4883681873,62990.0
OEEF,2025-11-25,DE2058988387,181203.0
OEEF,2025-11-25,DE2188617561,123035.0
OEEF,2025-11-25,DE8240052946,31780.0
OEEF,2025-11-25,DE2296302361,14991.0
OEEF,2025-11-25,DE3565562488,21004.0
OEEF,2025-11-25,DE4219017920,94715.0
OEEF,2025-11-25,DE3263394742,50277.0
OEEF,2025-11-25,DE0240247409,736476.0
OEEF,2025-11-25,NL0596319520,49192.0
OEEF,2025-11-25,NL3561968038,202328.0
OEEF,2025-11-25,NL7847386088,43007.0
OEEF,2025-11-25,NL6941161118,67150.0
OEEF,2025-11-25,NL5479347757,123991.0
OEEF,2025-11-25,NL0787902567,59372.0
OEEF,2025-11-25,NL4737878610,49498.0
OEEF,2025-11-25,NL4404510816,27169.0
OEEF,2025-11-25,IE8257095800,84961.0
OEEF,2025-11-26,GB0630101115,555414.0
OEEF,2025-11-26,GB1244338610,1711170.0
OEEF,2025-11-26,GB5763176813,469731.0
OEEF,2025-11-26,GB8282759830,368328.0
OEEF,2025-11-26,GB8078978300,328607.0
OEEF,2025-11-26,GB6922049515,232059.0
OEEF,2025-11-26,GB4272147544,256710.0
OEEF,2025-11-26,GB4883681873,62990.0
OEEF,2025-11-26,DE2058988387,181203.0
OEEF,2025-11-26,DE2188617561,123035.0
OEEF,2025-11-26,DE8240052946,31780.0
OEEF,2025-11-26,DE2296302361,14991.0
OEEF,2025-11-26,DE3565562488,21004.0
OEEF,2025-11-26,DE4219017920,94715.0
OEEF,2025-11-26,DE3263394742,50277.0
OEEF,2025-11-26,DE0240247409,736476.0
OEEF,2025-11-26,NL0596319520,49192.0
OEEF,2025-11-26,NL3561968038,202328.0
OEEF,2025-11-26,NL7847386088,43007.0
OEEF,2025-11-26,NL6941161118,67150.0
OEEF,2025-11-26,NL5479347757,123991.0
OEEF,2025-11-26,NL0787902567,59372.0
OEEF,2025-11-26,NL4737878610,49498.0
OEEF,2025-11-26,NL4404510816,27169.0
OEEF,2025-11-26,IE8257095800,84961.0
OEEF,2025-11-27,GB0630101115,555414.0
OEEF,2025-11-27,GB1244338610,1711170.0
OEEF,2025-11-27,GB5763176813,469731.0
OEEF,2025-11-27,GB8282759830,368328.0
OEEF,2025-11-27,GB8078978300,328607.0
OEEF,2025-11-27,GB6922049515,232059.0
OEEF,2025-11-27,GB4272147544,256710.0
OEEF,2025-11-27,GB4883681873,62990.0
OEEF,2025-11-27,DE2058988387,181203.0
OEEF,2025-11-27,DE2188617561,123035.0
OEEF,2025-11-27,DE8240052946,31780.0
OEEF,2025-11-27,DE2296302361,14991.0
OEEF,2025-11-27,DE3565562488,21004.0
OEEF,2025-11-27,DE4219017920,94715.0
OEEF,2025-11-27,DE3263394742,50277.0
OEEF,2025-11-27,DE0240247409,736476.0
OEEF,2025-11-27,NL0596319520,49192.0
OEEF,2025-11-27,NL3561968038,202328.0
OEEF,2025-11-27,NL7847386088,43007.0
OEEF,2025-11-27,NL6941161118,67150.0
OEEF,2025-11-27,NL5479347757,123991.0
OEEF,2025-11-27,NL0787902567,59372.0
OEEF,2025-11-27,NL4737878610,49498.0
OEEF,2025-11-27,NL4404510816,27169.0
OEEF,2025-11-27,IE8257095800,84961.0
OEEF,2025-11-28,GB0630101115,522983.0
OEEF,2025-11-28,GB1244338610,1711170.0
OEEF,2025-11-28,GB5763176813,469731.0
OEEF,2025-11-28,GB8282759830,368328.0
OEEF,2025-11-28,GB8078978300,328607.0
OEEF,2025-11-28,GB6922049515,232059.0
OEEF,2025-11-28,GB4272147544,256710.0
OEEF,2025-11-28,GB4883681873,62990.0
OEEF,2025-11-28,DE2058988387,181203.0
OEEF,2025-11-28,DE2188617561,123035.0
OEEF,2025-11-28,DE8240052946,31780.0
OEEF,2025-11-28,DE2296302361,14991.0
OEEF,2025-11-28,DE3565562488,21004.0
OEEF,2025-11-28,DE4219017920,99902.0
OEEF,2025-11-28,DE3263394742,50277.0
OEEF,2025-11-28,DE0240247409,678570.0
OEEF,2025-11-28,NL0596319520,49192.0
OEEF,2025-11-28,NL3561968038,202328.0
OEEF,2025-11-28,NL7847386088,43007.0
OEEF,2025-11-28,NL6941161118,67150.0
OEEF,2025-11-28,NL5479347757,123991.0
OEEF,2025-11-28,NL0787902567,59372.0
OEEF,2025-11-28,NL4737878610,49498.0
OEEF,2025-11-28,NL4404510816,27169.0
OEEF,2025-11-28,IE8257095800,84961.0
OEEF,2025-12-01,GB0630101115,522983.0
OEEF,2025-12-01,GB1244338610,1711170.0
OEEF,2025-12-01,GB5763176813,469731.0
OEEF,2025-12-01,GB8282759830,368328.0
OEEF,2025-12-01,GB8078978300,328607.0
OEEF,2025-12-01,GB6922049515,232059.0
OEEF,2025-12-01,GB4272147544,256710.0
OEEF,2025-12-01,GB4883681873,62990.0
OEEF,2025-12-01,DE2058988387,181203.0
OEEF,2025-12-01,DE2188617561,123035.0
OEEF,2025-12-01,DE8240052946,31780.0
OEEF,2025-12-01,DE2296302361,14991.0
OEEF,2025-12-01,DE3565562488,21004.0
OEEF,2025-12-01,DE4219017920,99902.0
OEEF,2025-12-01,DE3263394742,50277.0
OEEF,2025-12-01,DE0240247409,678570.0
OEEF,2025-12-01,NL0596319520,49192.0
OEEF,2025-12-01,NL3561968038,202328.0
OEEF,2025-12-01,NL7847386088,43007.0
OEEF,2025-12-01,NL6941161118,67150.0
OEEF,2025-12-01,NL5479347757,123991.0
OEEF,2025-12-01,NL0787902567,59372.0
OEEF,2025-12-01,NL4737878610,49498.0
OEEF,2025-12-01,NL4404510816,27169.0
OEEF,2025-12-01,IE8257095800,84961.0
OEEF,2025-12-02,GB0630101115,522983.0
OEEF,2025-12-02,GB1244338610,1711170.0
OEEF,2025-12-02,GB5763176813,469731.0
OEEF,2025-12-02,GB8282759830,368328.0
OEEF,2025-12-02,GB8078978300,328607.0
OEEF,2025-12-02,GB6922049515,232059.0
OEEF,2025-12-02,GB4272147544,256710.0
OEEF,2025-12-02,GB4883681873,62990.0
OEEF,2025-12-02,DE2058988387,181203.0
OEEF,2025-12-02,DE2188617561,123035.0
OEEF,2025-12-02,DE8240052946,31780.0
OEEF,2025-12-02,DE2296302361,14991.0
OEEF,2025-12-02,DE3565562488,21004.0
OEEF,2025-12-02,DE4219017920,99902.0
OEEF,2025-12-02,DE3263394742,50277.0
OEEF,2025-12-02,DE0240247409,678570.0
OEEF,2025-12-02,NL0596319520,49192.0
OEEF,2025-12-02,NL3561968038,202328.0
OEEF,2025-12-02,NL7847386088,43007.0
OEEF,2025-12-02,NL6941161118,67150.0
OEEF,2025-12-02,NL5479347757,123991.0
OEEF,2025-12-02,NL0787902567,59372.0
OEEF,2025-12-02,NL4737878610,49498.0
OEEF,2025-12-02,NL4404510816,27169.0
OEEF,2025-12-02,IE8257095800,84961.0
OEEF,2025-12-03,GB0630101115,522983.0
OEEF,2025-12-03,GB1244338610,1711170.0
OEEF,2025-12-03,GB5763176813,469731.0
OEEF,2025-12-03,GB8282759830,368328.0
OEEF,2025-12-03,GB8078978300,328607.0
OEEF,2025-12-03,GB6922049515,232059.0
OEEF,2025-12-03,GB4272147544,256710.0
OEEF,2025-12-03,GB4883681873,62990.0
OEEF,2025-12-03,DE2058988387,181203.0
OEEF,2025-12-03,DE2188617561,123035.0
OEEF,2025-12-03,DE8240052946,31780.0
OEEF,2025-12-03,DE2296302361,14991.0
OEEF,2025-12-03,DE3565562488,21004.0
OEEF,2025-12-03,DE4219017920,99902.0
OEEF,2025-12-03,DE3263394742,50277.0
OEEF,2025-12-03,DE0240247409,678570.0
OEEF,2025-12-03,NL0596319520,49192.0
OEEF,2025-12-03,NL3561968038,202328.0
OEEF,2025-12-03,NL7847386088,43007.0
OEEF,2025-12-03,NL6941161118,67150.0
OEEF,2025-12-03,NL5479347757,123991.0
OEEF,2025-12-03,NL0787902567,59372.0
OEEF,2025-12-03,NL4737878610,49498.0
OEEF,2025-12-03,NL4404510816,27169.0
OEEF,2025-12-03,IE8257095800,84961.0
OEEF,2025-12-04,GB0630101115,522983.0
OEEF,2025-12-04,GB1244338610,1711170.0
OEEF,2025-12-04,GB5763176813,469731.0
OEEF,2025-12-04,GB8282759830,368328.0
OEEF,2025-12-04,GB8078978300,328607.0
OEEF,2025-12-04,GB6922049515,232059.0
OEEF,2025-12-04,GB4272147544,256710.0
OEEF,2025-12-04,GB4883681873,62990.0
OEEF,2025-12-04,DE2058988387,181203.0
OEEF,2025-12-04,DE2188617561,123035.0
OEEF,2025-12-04,DE8240052946,31780.0
OEEF,2025-12-04,DE2296302361,14991.0
OEEF,2025-12-04,DE3565562488,21004.0
OEEF,2025-12-04,DE4219017920,99902.0
OEEF,2025-12-04,DE3263394742,50277.0
OEEF,2025-12-04,DE0240247409,678570.0
OEEF,2025-12-04,NL0596319520,49192.0
OEEF,2025-12-04,NL3561968038,202328.0
OEEF,2025-12-04,NL7847386088,43007.0
OEEF,2025-12-04,NL6941161118,67150.0
OEEF,2025-12-04,NL5479347757,123991.0
OEEF,2025-12-04,NL0787902567,59372.0
OEEF,2025-12-04,NL4737878610,49498.0
OEEF,2025-12-04,NL4404510816,27169.0
OEEF,2025-12-04,IE8257095800,84961.0
OEEF,2025-12-05,GB0630101115,522983.0
OEEF,2025-12-05,GB1244338610,1711170.0
OEEF,2025-12-05,GB5763176813,469731.0
OEEF,2025-12-05,GB8282759830,368328.0
OEEF,2025-12-05,GB8078978300,328607.0
OEEF,2025-12-05,GB6922049515,232059.0
OEEF,2025-12-05,GB4272147544,256710.0
OEEF,2025-12-05,GB4883681873,62990.0
OEEF,2025-12-05,DE2058988387,181203.0
OEEF,2025-12-05,DE2188617561,123035.0
OEEF,2025-12-05,DE8240052946,31780.0
OEEF,2025-12-05,DE2296302361,14991.0
OEEF,2025-12-05,DE3565562488,21004.0
OEEF,2025-12-05,DE4219017920,99902.0
OEEF,2025-12-05,DE3263394742,50277.0
OEEF,2025-12-05,DE0240247409,678570.0
OEEF,2025-12-05,NL0596319520,49192.0
OEEF,2025-12-05,NL3561968038,202328.0
OEEF,2025-12-05,NL7847386088,43007.0
OEEF,2025-12-05,NL6941161118,67150.0
OEEF,2025-12-05,NL5479347757,123991.0
OEEF,2025-12-05,NL0787902567,59372.0
OEEF,2025-12-05,NL4737878610,49498.0
OEEF,2025-12-05,NL4404510816,27169.0
OEEF,2025-12-05,IE8257095800,84961.0
OEEF,2025-12-08,GB0630101115,522983.0
OEEF,2025-12-08,GB1244338610,1711170.0
OEEF,2025-12-08,GB5763176813,469731.0
OEEF,2025-12-08,GB8282759830,368328.0
OEEF,2025-12-08,GB8078978300,328607.0
OEEF,2025-12-08,GB6922049515,232059.0
OEEF,2025-12-08,GB4272147544,256710.0
OEEF,2025-12-08,GB4883681873,62990.0
OEEF,2025-12-08,DE2058988387,181203.0
OEEF,2025-12-08,DE2188617561,123035.0
OEEF,2025-12-08,DE8240052946,31780.0
OEEF,2025-12-08,DE2296302361,14991.0
OEEF,2025-12-08,DE3565562488,21004.0
OEEF,2025-12-08,DE4219017920,99902.0
OEEF,2025-12-08,DE3263394742,50277.0
OEEF,2025-12-08,DE0240247409,678570.0
OEEF,2025-12-08,NL0596319520,49192.0
OEEF,2025-12-08,NL3561968038,202328.0
OEEF,2025-12-08,NL7847386088,43007.0
OEEF,2025-12-08,NL6941161118,67150.0
OEEF,2025-12-08,NL5479347757,123991.0
OEEF,2025-12-08,NL0787902567,59372.0
OEEF,2025-12-08,NL4737878610,49498.0
OEEF,2025-12-08,NL4404510816,27169.0
OEEF,2025-12-08,IE8257095800,84961.0
OEEF,2025-12-09,GB0630101115,522983.0
OEEF,2025-12-09,GB1244338610,1711170.0
OEEF,2025-12-09,GB5763176813,469731.0
OEEF,2025-12-09,GB8282759830,368328.0
OEEF,2025-12-09,GB8078978300,328607.0
OEEF,2025-12-09,GB6922049515,232059.0
OEEF,2025-12-09,GB4272147544,256710.0
OEEF,2025-12-09,GB4883681873,62990.0
OEEF,2025-12-09,DE2058988387,181203.0
OEEF,2025-12-09,DE2188617561,123035.0
OEEF,2025-12-09,DE8240052946,31780.0
OEEF,2025-12-09,DE2296302361,14991.0
OEEF,2025-12-09,DE3565562488,21004.0
OEEF,2025-12-09,DE4219017920,99902.0
OEEF,2025-12-09,DE3263394742,50277.0
OEEF,2025-12-09,DE0240247409,678570.0
OEEF,2025-12-09,NL0596319520,49192.0
OEEF,2025-12-09,NL3561968038,202328.0
OEEF,2025-12-09,NL7847386088,43007.0
OEEF,2025-12-09,NL6941161118,67150.0
OEEF,2025-12-09,NL5479347757,123991.0
OEEF,2025-12-09,NL0787902567,59372.0
OEEF,2025-12-09,NL4737878610,49498.0
OEEF,2025-12-09,NL4404510816,27169.0
OEEF,2025-12-09,IE8257095800,84961.0
OEEF,2025-12-10,GB0630101115,522983.0
OEEF,2025-12-10,GB1244338610,1711170.0
OEEF,2025-12-10,GB5763176813,469731.0
OEEF,2025-12-10,GB8282759830,368328.0
OEEF,2025-12-10,GB8078978300,328607.0
OEEF,2025-12-10,GB6922049515,232059.0
OEEF,2025-12-10,GB4272147544,256710.0
OEEF,2025-12-10,GB4883681873,62990.0
OEEF,2025-12-10,DE2058988387,181203.0
OEEF,2025-12-10,DE2188617561,123035.0
OEEF,2025-12-10,DE8240052946,31780.0
OEEF,2025-12-10,DE2296302361,14991.0
OEEF,2025-12-10,DE3565562488,21004.0
OEEF,2025-12-10,DE4219017920,99902.0
OEEF,2025-12-10,DE3263394742,50277.0
OEEF,2025-12-10,DE0240247409,678570.0
OEEF,2025-12-10,NL0596319520,49192.0
OEEF,2025-12-10,NL3561968038,202328.0
OEEF,2025-12-10,NL7847386088,43007.0
OEEF,2025-12-10,NL6941161118,67150.0
OEEF,2025-12-10,NL5479347757,123991.0
OEEF,2025-12-10,NL0787902567,59372.0
OEEF,2025-12-10,NL4737878610,49498.0
OEEF,2025-12-10,NL4404510816,27169.0
OEEF,2025-12-10,IE8257095800,84961.0
OEEF,2025-12-11,GB0630101115,522983.0
OEEF,2025-12-11,GB1244338610,1711170.0
OEEF,2025-12-11,GB5763176813,469731.0
OEEF,2025-12-11,GB8282759830,368328.0
OEEF,2025-12-11,GB8078978300,328607.0
OEEF,2025-12-11,GB6922049515,232059.0
OEEF,2025-12-11,GB4272147544,256710.0
OEEF,2025-12-11,GB4883681873,62990.0
OEEF,2025-12-11,DE2058988387,181203.0
OEEF,2025-12-11,DE2188617561,123035.0
OEEF,2025-12-11,DE8240052946,31780.0
OEEF,2025-12-11,DE2296302361,14991.0
OEEF,2025-12-11,DE3565562488,21004.0
OEEF,2025-12-11,DE4219017920,99902.0
OEEF,2025-12-11,DE3263394742,50277.0
OEEF,2025-12-11,DE0240247409,678570.0
OEEF,2025-12-11,NL0596319520,49192.0
OEEF,2025-12-11,NL3561968038,202328.0
OEEF,2025-12-11,NL7847386088,43007.0
OEEF,2025-12-11,NL6941161118,67150.0
OEEF,2025-12-11,NL5479347757,123991.0
OEEF,2025-12-11,NL0787902567,59372.0
OEEF,2025-12-11,NL4737878610,49498.0
OEEF,2025-12-11,NL4404510816,27169.0
OEEF,2025-12-11,IE8257095800,84961.0
OEEF,2025-12-12,GB0630101115,522983.0
OEEF,2025-12-12,GB1244338610,1711170.0
OEEF,2025-12-12,GB5763176813,469731.0
OEEF,2025-12-12,GB8282759830,368328.0
OEEF,2025-12-12,GB8078978300,328607.0
OEEF,2025-12-12,GB6922049515,232059.0
OEEF,2025-12-12,GB4272147544,256710.0
OEEF,2025-12-12,GB4883681873,62990.0
OEEF,2025-12-12,DE2058988387,181203.0
OEEF,2025-12-12,DE2188617561,123035.0
OEEF,2025-12-12,DE8240052946,31780.0
OEEF,2025-12-12,DE2296302361,14991.0
OEEF,2025-12-12,DE3565562488,21004.0
OEEF,2025-12-12,DE4219017920,99902.0
OEEF,2025-12-12,DE3263394742,50277.0
OEEF,2025-12-12,DE0240247409,678570.0
OEEF,2025-12-12,NL0596319520,49192.0
OEEF,2025-12-12,NL3561968038,202328.0
OEEF,2025-12-12,NL7847386088,43007.0
OEEF,2025-12-12,NL6941161118,67150.0
OEEF,2025-12-12,NL5479347757,123991.0
OEEF,2025-12-12,NL0787902567,59372.0
OEEF,2025-12-12,NL4737878610,49498.0
OEEF,2025-12-12,NL4404510816,27169.0
OEEF,2025-12-12,IE8257095800,84961.0
OEEF,2025-12-15,GB0630101115,522983.0
OEEF,2025-12-15,GB1244338610,1711170.0
OEEF,2025-12-15,GB5763176813,469731.0
OEEF,2025-12-15,GB8282759830,368328.0
OEEF,2025-12-15,GB8078978300,328607.0
OEEF,2025-12-15,GB6922049515,232059.0
OEEF,2025-12-15,GB4272147544,256710.0
OEEF,2025-12-15,GB4883681873,62990.0
OEEF,2025-12-15,DE2058988387,181203.0
OEEF,2025-12-15,DE2188617561,123035.0
OEEF,2025-12-15,DE8240052946,31780.0
OEEF,2025-12-15,DE2296302361,14991.0
OEEF,2025-12-15,DE3565562488,21004.0
OEEF,2025-12-15,DE4219017920,99902.0
OEEF,2025-12-15,DE3263394742,50277.0
OEEF,2025-12-15,DE0240247409,678570.0
OEEF,2025-12-15,NL0596319520,49192.0
OEEF,2025-12-15,NL3561968038,202328.0
OEEF,2025-12-15,NL7847386088,43007.0
OEEF,2025-12-15,NL6941161118,67150.0
OEEF,2025-12-15,NL5479347757,123991.0
OEEF,2025-12-15,NL0787902567,59372.0
OEEF,2025-12-15,NL4737878610,49498.0
OEEF,2025-12-15,NL4404510816,27169.0
OEEF,2025-12-15,IE8257095800,84961.0
OEEF,2025-12-16,GB0630101115,522983.0
OEEF,2025-12-16,GB1244338610,1711170.0
OEEF,2025-12-16,GB5763176813,469731.0
OEEF,2025-12-16,GB8282759830,368328.0
OEEF,2025-12-16,GB8078978300,328607.0
OEEF,2025-12-16,GB6922049515,232059.0
OEEF,2025-12-16,GB4272147544,256710.0
OEEF,2025-12-16,GB4883681873,62990.0
OEEF,2025-12-16,DE2058988387,181203.0
OEEF,2025-12-16,DE2188617561,123035.0
OEEF,2025-12-16,DE8240052946,31780.0
OEEF,2025-12-16,DE2296302361,14991.0
OEEF,2025-12-16,DE3565562488,21004.0
OEEF,2025-12-16,DE4219017920,99902.0
OEEF,2025-12-16,DE3263394742,50277.0
OEEF,2025-12-16,DE0240247409,678570.0
OEEF,2025-12-16,NL0596319520,49192.0
OEEF,2025-12-16,NL3561968038,202328.0
OEEF,2025-12-16,NL7847386088,43007.0
OEEF,2025-12-16,NL6941161118,67150.0
OEEF,2025-12-16,NL5479347757,123991.0
OEEF,2025-12-16,NL0787902567,59372.0
OEEF,2025-12-16,NL4737878610,49498.0
OEEF,2025-12-16,NL4404510816,27169.0
OEEF,2025-12-16,IE8257095800,84961.0
OEEF,2025-12-17,GB0630101115,522983.0
OEEF,2025-12-17,GB1244338610,1711170.0
OEEF,2025-12-17,GB5763176813,469731.0
OEEF,2025-12-17,GB8282759830,368328.0
OEEF,2025-12-17,GB8078978300,328607.0
OEEF,2025-12-17,GB6922049515,232059.0
OEEF,2025-12-17,GB4272147544,256710.0
OEEF,2025-12-17,GB4883681873,62990.0
OEEF,2025-12-17,DE2058988387,181203.0
OEEF,2025-12-17,DE2188617561,123035.0
OEEF,2025-12-17,DE8240052946,31780.0
OEEF,2025-12-17,DE2296302361,14991.0
OEEF,2025-12-17,DE3565562488,21004.0
OEEF,2025-12-17,DE4219017920,99902.0
OEEF,2025-12-17,DE3263394742,50277.0
OEEF,2025-12-17,DE0240247409,678570.0
OEEF,2025-12-17,NL0596319520,49192.0
OEEF,2025-12-17,NL3561968038,202328.0
OEEF,2025-12-17,NL7847386088,43007.0
OEEF,2025-12-17,NL6941161118,67150.0
OEEF,2025-12-17,NL5479347757,123991.0
OEEF,2025-12-17,NL0787902567,59372.0
OEEF,2025-12-17,NL4737878610,49498.0
OEEF,2025-12-17,NL4404510816,27169.0
OEEF,2025-12-17,IE8257095800,84961.0
OEEF,2025-12-18,GB0630101115,522983.0
OEEF,2025-12-18,GB1244338610,1711170.0
OEEF,2025-12-18,GB5763176813,469731.0
OEEF,2025-12-18,GB8282759830,368328.0
OEEF,2025-12-18,GB8078978300,328607.0
OEEF,2025-12-18,GB6922049515,232059.0
OEEF,2025-12-18,GB4272147544,256710.0
OEEF,2025-12-18,GB4883681873,62990.0
OEEF,2025-12-18,DE2058988387,181203.0
OEEF,2025-12-18,DE2188617561,123035.0
OEEF,2025-12-18,DE8240052946,31780.0
OEEF,2025-12-18,DE2296302361,14991.0
OEEF,2025-12-18,DE3565562488,21004.0
OEEF,2025-12-18,DE4219017920,99902.0
OEEF,2025-12-18,DE3263394742,50277.0
OEEF,2025-12-18,DE0240247409,678570.0
OEEF,2025-12-18,NL0596319520,49192.0
OEEF,2025-12-18,NL3561968038,202328.0
OEEF,2025-12-18,NL7847386088,43007.0
OEEF,2025-12-18,NL6941161118,67150.0
OEEF,2025-12-18,NL5479347757,123991.0
OEEF,2025-12-18,NL0787902567,59372.0
OEEF,2025-12-18,NL4737878610,49498.0
OEEF,2025-12-18,NL4404510816,27169.0
OEEF,2025-12-18,IE8257095800,84961.0
OEEF,2025-12-19,GB0630101115,522983.0
OEEF,2025-12-19,GB1244338610,1711170.0
OEEF,2025-12-19,GB5763176813,469731.0
OEEF,2025-12-19,GB8282759830,368328.0
OEEF,2025-12-19,GB8078978300,328607.0
OEEF,2025-12-19,GB6922049515,232059.0
OEEF,2025-12-19,GB4272147544,256710.0
OEEF,2025-12-19,GB4883681873,62990.0
OEEF,2025-12-19,DE2058988387,181203.0
OEEF,2025-12-19,DE2188617561,123035.0
OEEF,2025-12-19,DE8240052946,31780.0
OEEF,2025-12-19,DE2296302361,14991.0
OEEF,2025-12-19,DE3565562488,21004.0
OEEF,2025-12-19,DE4219017920,99902.0
OEEF,2025-12-19,DE3263394742,50277.0
OEEF,2025-12-19,DE0240247409,678570.0
OEEF,2025-12-19,NL0596319520,49192.0
OEEF,2025-12-19,NL3561968038,202328.0
OEEF,2025-12-19,NL7847386088,43007.0
OEEF,2025-12-19,NL6941161118,67150.0
OEEF,2025-12-19,NL5479347757,123991.0
OEEF,2025-12-19,NL0787902567,59372.0
OEEF,2025-12-19,NL4737878610,49498.0
OEEF,2025-12-19,NL4404510816,27169.0
OEEF,2025-12-19,IE8257095800,84961.0
OEEF,2025-12-22,GB0630101115,522983.0
OEEF,2025-12-22,GB1244338610,1711170.0
OEEF,2025-12-22,GB5763176813,469731.0
OEEF,2025-12-22,GB8282759830,368328.0
OEEF,2025-12-22,GB8078978300,328607.0
OEEF,2025-12-22,GB6922049515,232059.0
OEEF,2025-12-22,GB4272147544,256710.0
OEEF,2025-12-22,GB4883681873,62990.0
OEEF,2025-12-22,DE2058988387,181203.0
OEEF,2025-12-22,DE2188617561,123035.0
OEEF,2025-12-22,DE8240052946,31780.0
OEEF,2025-12-22,DE2296302361,14991.0
OEEF,2025-12-22,DE3565562488,21004.0
OEEF,2025-12-22,DE4219017920,99902.0
OEEF,2025-12-22,DE3263394742,50277.0
OEEF,2025-12-22,DE0240247409,678570.0
OEEF,2025-12-22,NL0596319520,49192.0
OEEF,2025-12-22,NL3561968038,202328.0
OEEF,2025-12-22,NL7847386088,43007.0
OEEF,2025-12-22,NL6941161118,67150.0
OEEF,2025-12-22,NL5479347757,123991.0
OEEF,2025-12-22,NL0787902567,59372.0
OEEF,2025-12-22,NL4737878610,49498.0
OEEF,2025-12-22,NL4404510816,27169.0
OEEF,2025-12-22,IE8257095800,84961.0
OEEF,2025-12-23,GB0630101115,522983.0
OEEF,2025-12-23,GB1244338610,1711170.0
OEEF,2025-12-23,GB5763176813,469731.0
OEEF,2025-12-23,GB8282759830,368328.0
OEEF,2025-12-23,GB8078978300,328607.0
OEEF,2025-12-23,GB6922049515,232059.0
OEEF,2025-12-23,GB4272147544,256710.0
OEEF,2025-12-23,GB4883681873,62990.0
OEEF,2025-12-23,DE2058988387,181203.0
OEEF,2025-12-23,DE2188617561,123035.0
OEEF,2025-12-23,DE8240052946,31780.0
OEEF,2025-12-23,DE2296302361,14991.0
OEEF,2025-12-23,DE3565562488,21004.0
OEEF,2025-12-23,DE4219017920,99902.0
OEEF,2025-12-23,DE3263394742,50277.0
OEEF,2025-12-23,DE0240247409,678570.0
OEEF,2025-12-23,NL0596319520,49192.0
OEEF,2025-12-23,NL3561968038,202328.0
OEEF,2025-12-23,NL7847386088,43007.0
OEEF,2025-12-23,NL6941161118,67150.0
OEEF,2025-12-23,NL5479347757,123991.0
OEEF,2025-12-23,NL0787902567,59372.0
OEEF,2025-12-23,NL4737878610,49498.0
OEEF,2025-12-23,NL4404510816,27169.0
OEEF,2025-12-23,IE8257095800,84961.0
OEEF,2025-12-24,GB0630101115,522983.0
OEEF,2025-12-24,GB1244338610,1711170.0
OEEF,2025-12-24,GB5763176813,469731.0
OEEF,2025-12-24,GB8282759830,368328.0
OEEF,2025-12-24,GB8078978300,328607.0
OEEF,2025-12-24,GB6922049515,232059.0
OEEF,2025-12-24,GB4272147544,256710.0
OEEF,2025-12-24,GB4883681873,62990.0
OEEF,2025-12-24,DE2058988387,181203.0
OEEF,2025-12-24,DE2188617561,123035.0
OEEF,2025-12-24,DE8240052946,31780.0
OEEF,2025-12-24,DE2296302361,14991.0
OEEF,2025-12-24,DE3565562488,21004.0
OEEF,2025-12-24,DE4219017920,99902.0
OEEF,2025-12-24,DE3263394742,50277.0
OEEF,2025-12-24,DE0240247409,678570.0
OEEF,2025-12-24,NL0596319520,49192.0
OEEF,2025-12-24,NL3561968038,202328.0
OEEF,2025-12-24,NL7847386088,43007.0
OEEF,2025-12-24,NL6941161118,67150.0
OEEF,2025-12-24,NL5479347757,123991.0
OEEF,2025-12-24,NL0787902567,59372.0
OEEF,2025-12-24,NL4737878610,49498.0
OEEF,2025-12-24,NL4404510816,27169.0
OEEF,2025-12-24,IE8257095800,84961.0
OEEF,2025-12-29,GB0630101115,522983.0
OEEF,2025-12-29,GB1244338610,1711170.0
OEEF,2025-12-29,GB5763176813,469731.0
OEEF,2025-12-29,GB8282759830,368328.0
OEEF,2025-12-29,GB8078978300,328607.0
OEEF,2025-12-29,GB6922049515,232059.0
OEEF,2025-12-29,GB4272147544,256710.0
OEEF,2025-12-29,GB4883681873,62990.0
OEEF,2025-12-29,DE2058988387,181203.0
OEEF,2025-12-29,DE2188617561,123035.0
OEEF,2025-12-29,DE8240052946,31780.0
OEEF,2025-12-29,DE2296302361,14991.0
OEEF,2025-12-29,DE3565562488,21004.0
OEEF,2025-12-29,DE4219017920,99902.0
OEEF,2025-12-29,DE3263394742,50277.0
OEEF,2025-12-29,DE0240247409,678570.0
OEEF,2025-12-29,NL0596319520,49192.0
OEEF,2025-12-29,NL3561968038,202328.0
OEEF,2025-12-29,NL7847386088,43007.0
OEEF,2025-12-29,NL6941161118,67150.0
OEEF,2025-12-29,NL5479347757,123991.0
OEEF,2025-12-29,NL0787902567,59372.0
OEEF,2025-12-29,NL4737878610,49498.0
OEEF,2025-12-29,NL4404510816,27169.0
OEEF,2025-12-29,IE8257095800,84961.0
OEEF,2025-12-30,GB0630101115,522983.0
OEEF,2025-12-30,GB1244338610,1711170.0
OEEF,2025-12-30,GB5763176813,469731.0
OEEF,2025-12-30,GB8282759830,368328.0
OEEF,2025-12-30,GB8078978300,328607.0
OEEF,2025-12-30,GB6922049515,232059.0
OEEF,2025-12-30,GB4272147544,256710.0
OEEF,2025-12-30,GB4883681873,62990.0
OEEF,2025-12-30,DE2058988387,181203.0
OEEF,2025-12-30,DE2188617561,123035.0
OEEF,2025-12-30,DE8240052946,31780.0
OEEF,2025-12-30,DE2296302361,14991.0
OEEF,2025-12-30,DE3565562488,21004.0
OEEF,2025-12-30,DE4219017920,99902.0
OEEF,2025-12-30,DE3263394742,50277.0
OEEF,2025-12-30,DE0240247409,678570.0
OEEF,2025-12-30,NL0596319520,49192.0
OEEF,2025-12-30,NL3561968038,202328.0
OEEF,2025-12-30,NL7847386088,43007.0
OEEF,2025-12-30,NL6941161118,67150.0
OEEF,2025-12-30,NL5479347757,123991.0
OEEF,2025-12-30,NL0787902567,59372.0
OEEF,2025-12-30,NL4737878610,49498.0
OEEF,2025-12-30,NL4404510816,27169.0
OEEF,2025-12-30,IE8257095800,84961.0
OEEF,2025-12-31,GB0630101115,522983.0
OEEF,2025-12-31,GB1244338610,1711170.0
OEEF,2025-12-31,GB5763176813,469731.0
OEEF,2025-12-31,GB8282759830,368328.0
OEEF,2025-12-31,GB8078978300,328607.0
OEEF,2025-12-31,GB6922049515,232059.0
OEEF,2025-12-31,GB4272147544,256710.0
OEEF,2025-12-31,GB4883681873,62990.0
OEEF,2025-12-31,DE2058988387,181203.0
OEEF,2025-12-31,DE2188617561,123035.0
OEEF,2025-12-31,DE8240052946,31780.0
OEEF,2025-12-31,DE2296302361,15771.0
OEEF,2025-12-31,DE3565562488,21004.0
OEEF,2025-12-31,DE4219017920,99902.0
OEEF,2025-12-31,DE3263394742,50277.0
OEEF,2025-12-31,DE0240247409,678570.0
OEEF,2025-12-31,NL0596319520,49192.0
OEEF,2025-12-31,NL3561968038,186582.0
OEEF,2025-12-31,NL7847386088,43007.0
OEEF,2025-12-31,NL6941161118,67150.0
OEEF,2025-12-31,NL5479347757,123991.0
OEEF,2025-12-31,NL0787902567,59372.0
OEEF,2025-12-31,NL4737878610,49498.0
OEEF,2025-12-31,NL4404510816,27169.0
OEEF,2025-12-31,IE8257095800,92030.0
OEEF,2026-01-02,GB0630101115,522983.0
OEEF,2026-01-02,GB1244338610,1711170.0
OEEF,2026-01-02,GB5763176813,469731.0
OEEF,2026-01-02,GB8282759830,368328.0
OEEF,2026-01-02,GB8078978300,328607.0
OEEF,2026-01-02,GB6922049515,232059.0
OEEF,2026-01-02,GB4272147544,256710.0
OEEF,2026-01-02,GB4883681873,62990.0
OEEF,2026-01-02,DE2058988387,181203.0
OEEF,2026-01-02,DE2188617561,123035.0
OEEF,2026-01-02,DE8240052946,31780.0
OEEF,2026-01-02,DE2296302361,15771.0
OEEF,2026-01-02,DE3565562488,21004.0
OEEF,2026-01-02,DE4219017920,99902.0
OEEF,2026-01-02,DE3263394742,50277.0
OEEF,2026-01-02,DE0240247409,678570.0
OEEF,2026-01-02,NL0596319520,49192.0
OEEF,2026-01-02,NL3561968038,186582.0
OEEF,2026-01-02,NL7847386088,43007.0
OEEF,2026-01-02,NL6941161118,67150.0
OEEF,2026-01-02,NL5479347757,123991.0
OEEF,2026-01-02,NL0787902567,59372.0
OEEF,2026-01-02,NL4737878610,49498.0
OEEF,2026-01-02,NL4404510816,27169.0
OEEF,2026-01-02,IE8257095800,92030.0
OEEF,2026-01-05,GB0630101115,522983.0
OEEF,2026-01-05,GB1244338610,1711170.0
OEEF,2026-01-05,GB5763176813,469731.0
OEEF,2026-01-05,GB8282759830,368328.0
OEEF,2026-01-05,GB8078978300,328607.0
OEEF,2026-01-05,GB6922049515,232059.0
OEEF,2026-01-05,GB4272147544,256710.0
OEEF,2026-01-05,GB4883681873,62990.0
OEEF,2026-01-05,DE2058988387,181203.0
OEEF,2026-01-05,DE2188617561,123035.0
OEEF,2026-01-05,DE8240052946,31780.0
OEEF,2026-01-05,DE2296302361,15771.0
OEEF,2026-01-05,DE3565562488,21004.0
OEEF,2026-01-05,DE4219017920,99902.0
OEEF,2026-01-05,DE3263394742,50277.0
OEEF,2026-01-05,DE0240247409,678570.0
OEEF,2026-01-05,NL0596319520,49192.0
OEEF,2026-01-05,NL3561968038,186582.0
OEEF,2026-01-05,NL7847386088,43007.0
OEEF,2026-01-05,NL6941161118,67150.0
OEEF,2026-01-05,NL5479347757,123991.0
OEEF,2026-01-05,NL0787902567,59372.0
OEEF,2026-01-05,NL4737878610,49498.0
OEEF,2026-01-05,NL4404510816,27169.0
OEEF,2026-01-05,IE8257095800,92030.0
OEEF,2026-01-06,GB0630101115,522983.0
OEEF,2026-01-06,GB1244338610,1711170.0
OEEF,2026-01-06,GB5763176813,469731.0
OEEF,2026-01-06,GB8282759830,368328.0
OEEF,2026-01-06,GB8078978300,328607.0
OEEF,2026-01-06,GB6922049515,232059.0
OEEF,2026-01-06,GB4272147544,256710.0
OEEF,2026-01-06,GB4883681873,62990.0
OEEF,2026-01-06,DE2058988387,181203.0
OEEF,2026-01-06,DE2188617561,123035.0
OEEF,2026-01-06,DE8240052946,31780.0
OEEF,2026-01-06,DE2296302361,15771.0
OEEF,2026-01-06,DE3565562488,21004.0
OEEF,2026-01-06,DE4219017920,99902.0
OEEF,2026-01-06,DE3263394742,50277.0
OEEF,2026-01-06,DE0240247409,678570.0
OEEF,2026-01-06,NL0596319520,49192.0
OEEF,2026-01-06,NL3561968038,186582.0
OEEF,2026-01-06,NL7847386088,43007.0
OEEF,2026-01-06,NL6941161118,67150.0
OEEF,2026-01-06,NL5479347757,123991.0
OEEF,2026-01-06,NL0787902567,59372.0
OEEF,2026-01-06,NL4737878610,49498.0
OEEF,2026-01-06,NL4404510816,27169.0
OEEF,2026-01-06,IE8257095800,92030.0
OEEF,2026-01-07,GB0630101115,522983.0
OEEF,2026-01-07,GB1244338610,1711170.0
OEEF,2026-01-07,GB5763176813,469731.0
OEEF,2026-01-07,GB8282759830,368328.0
OEEF,2026-01-07,GB8078978300,328607.0
OEEF,2026-01-07,GB6922049515,232059.0
OEEF,2026-01-07,GB4272147544,256710.0
OEEF,2026-01-07,GB4883681873,62990.0
OEEF,2026-01-07,DE2058988387,181203.0
OEEF,2026-01-07,DE2188617561,123035.0
OEEF,2026-01-07,DE8240052946,31780.0
OEEF,2026-01-07,DE2296302361,15771.0
OEEF,2026-01-07,DE3565562488,21004.0
OEEF,2026-01-07,DE4219017920,99902.0
OEEF,2026-01-07,DE3263394742,50277.0
OEEF,2026-01-07,DE0240247409,678570.0
OEEF,2026-01-07,NL0596319520,49192.0
OEEF,2026-01-07,NL3561968038,186582.0
OEEF,2026-01-07,NL7847386088,43007.0
OEEF,2026-01-07,NL6941161118,67150.0
OEEF,2026-01-07,NL5479347757,123991.0
OEEF,2026-01-07,NL0787902567,59372.0
OEEF,2026-01-07,NL4737878610,49498.0
OEEF,2026-01-07,NL4404510816,27169.0
OEEF,2026-01-07,IE8257095800,92030.0
OEEF,2026-01-08,GB0630101115,522983.0
OEEF,2026-01-08,GB1244338610,1711170.0
OEEF,2026-01-08,GB5763176813,469731.0
OEEF,2026-01-08,GB8282759830,368328.0
OEEF,2026-01-08,GB8078978300,328607.0
OEEF,2026-01-08,GB6922049515,232059.0
OEEF,2026-01-08,GB4272147544,256710.0
OEEF,2026-01-08,GB4883681873,62990.0
OEEF,2026-01-08,DE2058988387,181203.0
OEEF,2026-01-08,DE2188617561,123035.0
OEEF,2026-01-08,DE8240052946,31780.0
OEEF,2026-01-08,DE2296302361,15771.0
OEEF,2026-01-08,DE3565562488,21004.0
OEEF,2026-01-08,DE4219017920,99902.0
OEEF,2026-01-08,DE3263394742,50277.0
OEEF,2026-01-08,DE0240247409,678570.0
OEEF,2026-01-08,NL0596319520,49192.0
OEEF,2026-01-08,NL3561968038,186582.0
OEEF,2026-01-08,NL7847386088,43007.0
OEEF,2026-01-08,NL6941161118,67150.0
OEEF,2026-01-08,NL5479347757,123991.0
OEEF,2026-01-08,NL0787902567,59372.0
OEEF,2026-01-08,NL4737878610,49498.0
OEEF,2026-01-08,NL4404510816,27169.0
OEEF,2026-01-08,IE8257095800,92030.0
OEEF,2026-01-09,GB0630101115,522983.0
OEEF,2026-01-09,GB1244338610,1711170.0
OEEF,2026-01-09,GB5763176813,469731.0
OEEF,2026-01-09,GB8282759830,368328.0
OEEF,2026-01-09,GB8078978300,328607.0
OEEF,2026-01-09,GB6922049515,232059.0
OEEF,2026-01-09,GB4272147544,256710.0
OEEF,2026-01-09,GB4883681873,62990.0
OEEF,2026-01-09,DE2058988387,181203.0
OEEF,2026-01-09,DE2188617561,123035.0
OEEF,2026-01-09,DE8240052946,31780.0
OEEF,2026-01-09,DE2296302361,15771.0
OEEF,2026-01-09,DE3565562488,21004.0
OEEF,2026-01-09,DE4219017920,99902.0
OEEF,2026-01-09,DE3263394742,50277.0
OEEF,2026-01-09,DE0240247409,678570.0
OEEF,2026-01-09,NL0596319520,49192.0
OEEF,2026-01-09,NL3561968038,186582.0
OEEF,2026-01-09,NL7847386088,43007.0
OEEF,2026-01-09,NL6941161118,67150.0
OEEF,2026-01-09,NL5479347757,123991.0
OEEF,2026-01-09,NL0787902567,59372.0
OEEF,2026-01-09,NL4737878610,49498.0
OEEF,2026-01-09,NL4404510816,27169.0
OEEF,2026-01-09,IE8257095800,92030.0
OEEF,2026-01-12,GB0630101115,522983.0
OEEF,2026-01-12,GB1244338610,1711170.0
OEEF,2026-01-12,GB5763176813,469731.0
OEEF,2026-01-12,GB8282759830,368328.0
OEEF,2026-01-12,GB8078978300,328607.0
OEEF,2026-01-12,GB6922049515,232059.0
OEEF,2026-01-12,GB4272147544,256710.0
OEEF,2026-01-12,GB4883681873,62990.0
OEEF,2026-01-12,DE2058988387,181203.0
OEEF,2026-01-12,DE2188617561,123035.0
OEEF,2026-01-12,DE8240052946,31780.0
OEEF,2026-01-12,DE2296302361,15771.0
OEEF,2026-01-12,DE3565562488,21004.0
OEEF,2026-01-12,DE4219017920,99902.0
OEEF,2026-01-12,DE3263394742,50277.0
OEEF,2026-01-12,DE0240247409,678570.0
OEEF,2026-01-12,NL0596319520,49192.0
OEEF,2026-01-12,NL3561968038,186582.0
OEEF,2026-01-12,NL7847386088,43007.0
OEEF,2026-01-12,NL6941161118,67150.0
OEEF,2026-01-12,NL5479347757,123991.0
OEEF,2026-01-12,NL0787902567,59372.0
OEEF,2026-01-12,NL4737878610,49498.0
OEEF,2026-01-12,NL4404510816,27169.0
OEEF,2026-01-12,IE8257095800,92030.0
OEEF,2026-01-13,GB0630101115,522983.0
OEEF,2026-01-13,GB1244338610,1711170.0
OEEF,2026-01-13,GB5763176813,469731.0
OEEF,2026-01-13,GB8282759830,368328.0
OEEF,2026-01-13,GB8078978300,328607.0
OEEF,2026-01-13,GB6922049515,232059.0
OEEF,2026-01-13,GB4272147544,256710.0
OEEF,2026-01-13,GB4883681873,62990.0
OEEF,2026-01-13,DE2058988387,181203.0
OEEF,2026-01-13,DE2188617561,123035.0
OEEF,2026-01-13,DE8240052946,31780.0
OEEF,2026-01-13,DE2296302361,15771.0
OEEF,2026-01-13,DE3565562488,21004.0
OEEF,2026-01-13,DE4219017920,99902.0
OEEF,2026-01-13,DE3263394742,50277.0
OEEF,2026-01-13,DE0240247409,678570.0
OEEF,2026-01-13,NL0596319520,49192.0
OEEF,2026-01-13,NL3561968038,186582.0
OEEF,2026-01-13,NL7847386088,43007.0
OEEF,2026-01-13,NL6941161118,67150.0
OEEF,2026-01-13,NL5479347757,123991.0
OEEF,2026-01-13,NL0787902567,59372.0
OEEF,2026-01-13,NL4737878610,49498.0
OEEF,2026-01-13,NL4404510816,27169.0
OEEF,2026-01-13,IE8257095800,92030.0
OEEF,2026-01-14,GB0630101115,522983.0
OEEF,2026-01-14,GB1244338610,1711170.0
OEEF,2026-01-14,GB5763176813,469731.0
OEEF,2026-01-14,GB8282759830,368328.0
OEEF,2026-01-14,GB8078978300,328607.0
OEEF,2026-01-14,GB6922049515,232059.0
OEEF,2026-01-14,GB4272147544,256710.0
OEEF,2026-01-14,GB4883681873,62990.0
OEEF,2026-01-14,DE2058988387,181203.0
OEEF,2026-01-14,DE2188617561,123035.0
OEEF,2026-01-14,DE8240052946,31780.0
OEEF,2026-01-14,DE2296302361,15771.0
OEEF,2026-01-14,DE3565562488,21004.0
OEEF,2026-01-14,DE4219017920,99902.0
OEEF,2026-01-14,DE3263394742,50277.0
OEEF,2026-01-14,DE0240247409,678570.0
OEEF,2026-01-14,NL0596319520,49192.0
OEEF,2026-01-14,NL3561968038,186582.0
OEEF,2026-01-14,NL7847386088,43007.0
OEEF,2026-01-14,NL6941161118,67150.0
OEEF,2026-01-14,NL5479347757,123991.0
OEEF,2026-01-14,NL0787902567,59372.0
OEEF,2026-01-14,NL4737878610,49498.0
OEEF,2026-01-14,NL4404510816,27169.0
OEEF,2026-01-14,IE8257095800,92030.0
OEEF,2026-01-15,GB0630101115,522983.0
OEEF,2026-01-15,GB1244338610,1711170.0
OEEF,2026-01-15,GB5763176813,469731.0
OEEF,2026-01-15,GB8282759830,368328.0
OEEF,2026-01-15,GB8078978300,328607.0
OEEF,2026-01-15,GB6922049515,232059.0
OEEF,2026-01-15,GB4272147544,256710.0
OEEF,2026-01-15,GB4883681873,62990.0
OEEF,2026-01-15,DE2058988387,181203.0
OEEF,2026-01-15,DE2188617561,123035.0
OEEF,2026-01-15,DE8240052946,31780.0
OEEF,2026-01-15,DE2296302361,15771.0
OEEF,2026-01-15,DE3565562488,21004.0
OEEF,2026-01-15,DE4219017920,99902.0
OEEF,2026-01-15,DE3263394742,50277.0
OEEF,2026-01-15,DE0240247409,678570.0
OEEF,2026-01-15,NL0596319520,49192.0
OEEF,2026-01-15,NL3561968038,186582.0
OEEF,2026-01-15,NL7847386088,43007.0
OEEF,2026-01-15,NL6941161118,67150.0
OEEF,2026-01-15,NL5479347757,123991.0
OEEF,2026-01-15,NL0787902567,59372.0
OEEF,2026-01-15,NL4737878610,49498.0
OEEF,2026-01-15,NL4404510816,27169.0
OEEF,2026-01-15,IE8257095800,92030.0
OEEF,2026-01-16,GB0630101115,522983.0
OEEF,2026-01-16,GB1244338610,1711170.0
OEEF,2026-01-16,GB5763176813,469731.0
OEEF,2026-01-16,GB8282759830,368328.0
OEEF,2026-01-16,GB8078978300,328607.0
OEEF,2026-01-16,GB6922049515,232059.0
OEEF,2026-01-16,GB4272147544,256710.0
OEEF,2026-01-16,GB4883681873,62990.0
OEEF,2026-01-16,DE2058988387,181203.0
OEEF,2026-01-16,DE2188617561,123035.0
OEEF,2026-01-16,DE8240052946,31780.0
OEEF,2026-01-16,DE2296302361,15771.0
OEEF,2026-01-16,DE3565562488,21004.0
OEEF,2026-01-16,DE4219017920,99902.0
OEEF,2026-01-16,DE3263394742,50277.0
OEEF,2026-01-16,DE0240247409,678570.0
OEEF,2026-01-16,NL0596319520,49192.0
OEEF,2026-01-16,NL3561968038,186582.0
OEEF,2026-01-16,NL7847386088,43007.0
OEEF,2026-01-16,NL6941161118,67150.0
OEEF,2026-01-16,NL5479347757,123991.0
OEEF,2026-01-16,NL0787902567,59372.0
OEEF,2026-01-16,NL4737878610,49498.0
OEEF,2026-01-16,NL4404510816,27169.0
OEEF,2026-01-16,IE8257095800,92030.0
OEEF,2026-01-19,GB0630101115,522983.0
OEEF,2026-01-19,GB1244338610,1711170.0
OEEF,2026-01-19,GB5763176813,469731.0
OEEF,2026-01-19,GB8282759830,368328.0
OEEF,2026-01-19,GB8078978300,328607.0
OEEF,2026-01-19,GB6922049515,232059.0
OEEF,2026-01-19,GB4272147544,256710.0
OEEF,2026-01-19,GB4883681873,62990.0
OEEF,2026-01-19,DE2058988387,181203.0
OEEF,2026-01-19,DE2188617561,123035.0
OEEF,2026-01-19,DE8240052946,31780.0
OEEF,2026-01-19,DE2296302361,15771.0
OEEF,2026-01-19,DE3565562488,21004.0
OEEF,2026-01-19,DE4219017920,99902.0
OEEF,2026-01-19,DE3263394742,50277.0
OEEF,2026-01-19,DE0240247409,678570.0
OEEF,2026-01-19,NL0596319520,49192.0
OEEF,2026-01-19,NL3561968038,186582.0
OEEF,2026-01-19,NL7847386088,43007.0
OEEF,2026-01-19,NL6941161118,67150.0
OEEF,2026-01-19,NL5479347757,123991.0
OEEF,2026-01-19,NL0787902567,59372.0
OEEF,2026-01-19,NL4737878610,49498.0
OEEF,2026-01-19,NL4404510816,27169.0
OEEF,2026-01-19,IE8257095800,92030.0
OEEF,2026-01-20,GB0630101115,522983.0
OEEF,2026-01-20,GB1244338610,1711170.0
OEEF,2026-01-20,GB5763176813,469731.0
OEEF,2026-01-20,GB8282759830,368328.0
OEEF,2026-01-20,GB8078978300,328607.0
OEEF,2026-01-20,GB6922049515,232059.0
OEEF,2026-01-20,GB4272147544,256710.0
OEEF,2026-01-20,GB4883681873,62990.0
OEEF,2026-01-20,DE2058988387,181203.0
OEEF,2026-01-20,DE2188617561,123035.0
OEEF,2026-01-20,DE8240052946,31780.0
OEEF,2026-01-20,DE2296302361,15771.0
OEEF,2026-01-20,DE3565562488,21004.0
OEEF,2026-01-20,DE4219017920,99902.0
OEEF,2026-01-20,DE3263394742,50277.0
OEEF,2026-01-20,DE0240247409,678570.0
OEEF,2026-01-20,NL0596319520,49192.0
OEEF,2026-01-20,NL3561968038,186582.0
OEEF,2026-01-20,NL7847386088,43007.0
OEEF,2026-01-20,NL6941161118,67150.0
OEEF,2026-01-20,NL5479347757,123991.0
OEEF,2026-01-20,NL0787902567,59372.0
OEEF,2026-01-20,NL4737878610,49498.0
OEEF,2026-01-20,NL4404510816,27169.0
OEEF,2026-01-20,IE8257095800,92030.0
OEEF,2026-01-21,GB0630101115,522983.0
OEEF,2026-01-21,GB1244338610,1711170.0
OEEF,2026-01-21,GB5763176813,469731.0
OEEF,2026-01-21,GB8282759830,368328.0
OEEF,2026-01-21,GB8078978300,328607.0
OEEF,2026-01-21,GB6922049515,232059.0
OEEF,2026-01-21,GB4272147544,256710.0
OEEF,2026-01-21,GB4883681873,62990.0
OEEF,2026-01-21,DE2058988387,181203.0
OEEF,2026-01-21,DE2188617561,123035.0
OEEF,2026-01-21,DE8240052946,31780.0
OEEF,2026-01-21,DE2296302361,15771.0
OEEF,2026-01-21,DE3565562488,21004.0
OEEF,2026-01-21,DE4219017920,99902.0
OEEF,2026-01-21,DE3263394742,50277.0
OEEF,2026-01-21,DE0240247409,678570.0
OEEF,2026-01-21,NL0596319520,49192.0
OEEF,2026-01-21,NL3561968038,186582.0
OEEF,2026-01-21,NL7847386088,43007.0
OEEF,2026-01-21,NL6941161118,67150.0
OEEF,2026-01-21,NL5479347757,123991.0
OEEF,2026-01-21,NL0787902567,59372.0
OEEF,2026-01-21,NL4737878610,49498.0
OEEF,2026-01-21,NL4404510816,27169.0
OEEF,2026-01-21,IE8257095800,92030.0
OEEF,2026-01-22,GB0630101115,522983.0
OEEF,2026-01-22,GB1244338610,1711170.0
OEEF,2026-01-22,GB5763176813,469731.0
OEEF,2026-01-22,GB8282759830,368328.0
OEEF,2026-01-22,GB8078978300,328607.0
OEEF,2026-01-22,GB6922049515,232059.0
OEEF,2026-01-22,GB4272147544,256710.0
OEEF,2026-01-22,GB4883681873,62990.0
OEEF,2026-01-22,DE2058988387,181203.0
OEEF,2026-01-22,DE2188617561,123035.0
OEEF,2026-01-22,DE8240052946,31780.0
OEEF,2026-01-22,DE2296302361,15771.0
OEEF,2026-01-22,DE3565562488,21004.0
OEEF,2026-01-22,DE4219017920,99902.0
OEEF,2026-01-22,DE3263394742,50277.0
OEEF,2026-01-22,DE0240247409,678570.0
OEEF,2026-01-22,NL0596319520,49192.0
OEEF,2026-01-22,NL3561968038,186582.0
OEEF,2026-01-22,NL7847386088,43007.0
OEEF,2026-01-22,NL6941161118,67150.0
OEEF,2026-01-22,NL5479347757,123991.0
OEEF,2026-01-22,NL0787902567,59372.0
OEEF,2026-01-22,NL4737878610,49498.0
OEEF,2026-01-22,NL4404510816,27169.0
OEEF,2026-01-22,IE8257095800,92030.0
OEEF,2026-01-23,GB0630101115,522983.0
OEEF,2026-01-23,GB1244338610,1711170.0
OEEF,2026-01-23,GB5763176813,469731.0
OEEF,2026-01-23,GB8282759830,368328.0
OEEF,2026-01-23,GB8078978300,328607.0
OEEF,2026-01-23,GB6922049515,232059.0
OEEF,2026-01-23,GB4272147544,256710.0
OEEF,2026-01-23,GB4883681873,62990.0
OEEF,2026-01-23,DE2058988387,181203.0
OEEF,2026-01-23,DE2188617561,123035.0
OEEF,2026-01-23,DE8240052946,31780.0
OEEF,2026-01-23,DE2296302361,15771.0
OEEF,2026-01-23,DE3565562488,21004.0
OEEF,2026-01-23,DE4219017920,99902.0
OEEF,2026-01-23,DE3263394742,50277.0
OEEF,2026-01-23,DE0240247409,678570.0
OEEF,2026-01-23,NL0596319520,49192.0
OEEF,2026-01-23,NL3561968038,186582.0
OEEF,2026-01-23,NL7847386088,43007.0
OEEF,2026-01-23,NL6941161118,67150.0
OEEF,2026-01-23,NL5479347757,123991.0
OEEF,2026-01-23,NL0787902567,59372.0
OEEF,2026-01-23,NL4737878610,49498.0
OEEF,2026-01-23,NL4404510816,27169.0
OEEF,2026-01-23,IE8257095800,92030.0
OEEF,2026-01-26,GB0630101115,522983.0
OEEF,2026-01-26,GB1244338610,1711170.0
OEEF,2026-01-26,GB5763176813,469731.0
OEEF,2026-01-26,GB8282759830,368328.0
OEEF,2026-01-26,GB8078978300,328607.0
OEEF,2026-01-26,GB6922049515,232059.0
OEEF,2026-01-26,GB4272147544,256710.0
OEEF,2026-01-26,GB4883681873,62990.0
OEEF,2026-01-26,DE2058988387,181203.0
OEEF,2026-01-26,DE2188617561,123035.0
OEEF,2026-01-26,DE8240052946,31780.0
OEEF,2026-01-26,DE2296302361,15771.0
OEEF,2026-01-26,DE3565562488,21004.0
OEEF,2026-01-26,DE4219017920,99902.0
OEEF,2026-01-26,DE3263394742,50277.0
OEEF,2026-01-26,DE0240247409,678570.0
OEEF,2026-01-26,NL0596319520,49192.0
OEEF,2026-01-26,NL3561968038,186582.0
OEEF,2026-01-26,NL7847386088,43007.0
OEEF,2026-01-26,NL6941161118,67150.0
OEEF,2026-01-26,NL5479347757,123991.0
OEEF,2026-01-26,NL0787902567,59372.0
OEEF,2026-01-26,NL4737878610,49498.0
OEEF,2026-01-26,NL4404510816,27169.0
OEEF,2026-01-26,IE8257095800,92030.0
OEEF,2026-01-27,GB0630101115,522983.0
OEEF,2026-01-27,GB1244338610,1711170.0
OEEF,2026-01-27,GB5763176813,469731.0
OEEF,2026-01-27,GB8282759830,368328.0
OEEF,2026-01-27,GB8078978300,328607.0
OEEF,2026-01-27,GB6922049515,232059.0
OEEF,2026-01-27,GB4272147544,256710.0
OEEF,2026-01-27,GB4883681873,62990.0
OEEF,2026-01-27,DE2058988387,181203.0
OEEF,2026-01-27,DE2188617561,123035.0
OEEF,2026-01-27,DE8240052946,31780.0
OEEF,2026-01-27,DE2296302361,15771.0
OEEF,2026-01-27,DE3565562488,21004.0
OEEF,2026-01-27,DE4219017920,99902.0
OEEF,2026-01-27,DE3263394742,50277.0
OEEF,2026-01-27,DE0240247409,678570.0
OEEF,2026-01-27,NL0596319520,49192.0
OEEF,2026-01-27,NL3561968038,186582.0
OEEF,2026-01-27,NL7847386088,43007.0
OEEF,2026-01-27,NL6941161118,67150.0
OEEF,2026-01-27,NL5479347757,123991.0
OEEF,2026-01-27,NL0787902567,59372.0
OEEF,2026-01-27,NL4737878610,49498.0
OEEF,2026-01-27,NL4404510816,27169.0
OEEF,2026-01-27,IE8257095800,92030.0
OEEF,2026-01-28,GB0630101115,522983.0
OEEF,2026-01-28,GB1244338610,1711170.0
OEEF,2026-01-28,GB5763176813,469731.0
OEEF,2026-01-28,GB8282759830,368328.0
OEEF,2026-01-28,GB8078978300,328607.0
OEEF,2026-01-28,GB6922049515,232059.0
OEEF,2026-01-28,GB4272147544,256710.0
OEEF,2026-01-28,GB4883681873,62990.0
OEEF,2026-01-28,DE2058988387,181203.0
OEEF,2026-01-28,DE2188617561,123035.0
OEEF,2026-01-28,DE8240052946,31780.0
OEEF,2026-01-28,DE2296302361,15771.0
OEEF,2026-01-28,DE3565562488,21004.0
OEEF,2026-01-28,DE4219017920,99902.0
OEEF,2026-01-28,DE3263394742,50277.0
OEEF,2026-01-28,DE0240247409,678570.0
OEEF,2026-01-28,NL0596319520,49192.0
OEEF,2026-01-28,NL3561968038,186582.0
OEEF,2026-01-28,NL7847386088,43007.0
OEEF,2026-01-28,NL6941161118,67150.0
OEEF,2026-01-28,NL5479347757,123991.0
OEEF,2026-01-28,NL0787902567,59372.0
OEEF,2026-01-28,NL4737878610,49498.0
OEEF,2026-01-28,NL4404510816,27169.0
OEEF,2026-01-28,IE8257095800,92030.0
OEEF,2026-01-29,GB0630101115,522983.0
OEEF,2026-01-29,GB1244338610,1711170.0
OEEF,2026-01-29,GB5763176813,469731.0
OEEF,2026-01-29,GB8282759830,368328.0
OEEF,2026-01-29,GB8078978300,328607.0
OEEF,2026-01-29,GB6922049515,232059.0
OEEF,2026-01-29,GB4272147544,256710.0
OEEF,2026-01-29,GB4883681873,62990.0
OEEF,2026-01-29,DE2058988387,181203.0
OEEF,2026-01-29,DE2188617561,123035.0
OEEF,2026-01-29,DE8240052946,31780.0
OEEF,2026-01-29,DE2296302361,15771.0
OEEF,2026-01-29,DE3565562488,21004.0
OEEF,2026-01-29,DE4219017920,99902.0
OEEF,2026-01-29,DE3263394742,50277.0
OEEF,2026-01-29,DE0240247409,678570.0
OEEF,2026-01-29,NL0596319520,49192.0
OEEF,2026-01-29,NL3561968038,186582.0
OEEF,2026-01-29,NL7847386088,43007.0
OEEF,2026-01-29,NL6941161118,67150.0
OEEF,2026-01-29,NL5479347757,123991.0
OEEF,2026-01-29,NL0787902567,59372.0
OEEF,2026-01-29,NL4737878610,49498.0
OEEF,2026-01-29,NL4404510816,27169.0
OEEF,2026-01-29,IE8257095800,92030.0
OEEF,2026-01-30,GB0630101115,522983.0
OEEF,2026-01-30,GB1244338610,1711170.0
OEEF,2026-01-30,GB5763176813,469731.0
OEEF,2026-01-30,GB8282759830,368328.0
OEEF,2026-01-30,GB8078978300,328607.0
OEEF,2026-01-30,GB6922049515,232059.0
OEEF,2026-01-30,GB4272147544,256710.0
OEEF,2026-01-30,GB4883681873,62990.0
OEEF,2026-01-30,DE2058988387,181203.0
OEEF,2026-01-30,DE2188617561,123035.0
OEEF,2026-01-30,DE8240052946,31780.0
OEEF,2026-01-30,DE2296302361,15771.0
OEEF,2026-01-30,DE3565562488,21004.0
OEEF,2026-01-30,DE4219017920,99902.0
OEEF,2026-01-30,DE3263394742,50277.0
OEEF,2026-01-30,DE0240247409,678570.0
OEEF,2026-01-30,NL0596319520,51806.0
OEEF,2026-01-30,NL3561968038,186582.0
OEEF,2026-01-30,NL7847386088,39915.0
OEEF,2026-01-30,NL6941161118,60916.0
OEEF,2026-01-30,NL5479347757,123991.0
OEEF,2026-01-30,NL0787902567,59372.0
OEEF,2026-01-30,NL4737878610,49498.0
OEEF,2026-01-30,NL4404510816,27169.0
OEEF,2026-01-30,IE8257095800,92030.0
OEEF,2026-02-02,GB0630101115,522983.0
OEEF,2026-02-02,GB1244338610,1711170.0
OEEF,2026-02-02,GB5763176813,469731.0
OEEF,2026-02-02,GB8282759830,368328.0
OEEF,2026-02-02,GB8078978300,328607.0
OEEF,2026-02-02,GB6922049515,232059.0
OEEF,2026-02-02,GB4272147544,256710.0
OEEF,2026-02-02,GB4883681873,62990.0
OEEF,2026-02-02,DE2058988387,181203.0
OEEF,2026-02-02,DE2188617561,123035.0
OEEF,2026-02-02,DE8240052946,31780.0
OEEF,2026-02-02,DE2296302361,15771.0
OEEF,2026-02-02,DE3565562488,21004.0
OEEF,2026-02-02,DE4219017920,99902.0
OEEF,2026-02-02,DE3263394742,50277.0
OEEF,2026-02-02,DE0240247409,678570.0
OEEF,2026-02-02,NL0596319520,51806.0
OEEF,2026-02-02,NL3561968038,186582.0
OEEF,2026-02-02,NL7847386088,39915.0
OEEF,2026-02-02,NL6941161118,60916.0
OEEF,2026-02-02,NL5479347757,123991.0
OEEF,2026-02-02,NL0787902567,59372.0
OEEF,2026-02-02,NL4737878610,49498.0
OEEF,2026-02-02,NL4404510816,27169.0
OEEF,2026-02-02,IE8257095800,92030.0
OEEF,2026-02-03,GB0630101115,522983.0
OEEF,2026-02-03,GB1244338610,1711170.0
OEEF,2026-02-03,GB5763176813,469731.0
OEEF,2026-02-03,GB8282759830,368328.0
OEEF,2026-02-03,GB8078978300,328607.0
OEEF,2026-02-03,GB6922049515,232059.0
OEEF,2026-02-03,GB4272147544,256710.0
OEEF,2026-02-03,GB4883681873,62990.0
OEEF,2026-02-03,DE2058988387,181203.0
OEEF,2026-02-03,DE2188617561,123035.0
OEEF,2026-02-03,DE8240052946,31780.0
OEEF,2026-02-03,DE2296302361,15771.0
OEEF,2026-02-03,DE3565562488,21004.0
OEEF,2026-02-03,DE4219017920,99902.0
OEEF,2026-02-03,DE3263394742,50277.0
OEEF,2026-02-03,DE0240247409,678570.0
OEEF,2026-02-03,NL0596319520,51806.0
OEEF,2026-02-03,NL3561968038,186582.0
OEEF,2026-02-03,NL7847386088,39915.0
OEEF,2026-02-03,NL6941161118,60916.0
OEEF,2026-02-03,NL5479347757,123991.0
OEEF,2026-02-03,NL0787902567,59372.0
OEEF,2026-02-03,NL4737878610,49498.0
OEEF,2026-02-03,NL4404510816,27169.0
OEEF,2026-02-03,IE8257095800,92030.0
OEEF,2026-02-04,GB0630101115,522983.0
OEEF,2026-02-04,GB1244338610,1711170.0
OEEF,2026-02-04,GB5763176813,469731.0
OEEF,2026-02-04,GB8282759830,368328.0
OEEF,2026-02-04,GB8078978300,328607.0
OEEF,2026-02-04,GB6922049515,232059.0
OEEF,2026-02-04,GB4272147544,256710.0
OEEF,2026-02-04,GB4883681873,62990.0
OEEF,2026-02-04,DE2058988387,181203.0
OEEF,2026-02-04,DE2188617561,123035.0
OEEF,2026-02-04,DE8240052946,31780.0
OEEF,2026-02-04,DE2296302361,15771.0
OEEF,2026-02-04,DE3565562488,21004.0
OEEF,2026-02-04,DE4219017920,99902.0
OEEF,2026-02-04,DE3263394742,50277.0
OEEF,2026-02-04,DE0240247409,678570.0
OEEF,2026-02-04,NL0596319520,51806.0
OEEF,2026-02-04,NL3561968038,186582.0
OEEF,2026-02-04,NL7847386088,39915.0
OEEF,2026-02-04,NL6941161118,60916.0
OEEF,2026-02-04,NL5479347757,123991.0
OEEF,2026-02-04,NL0787902567,59372.0
OEEF,2026-02-04,NL4737878610,49498.0
OEEF,2026-02-04,NL4404510816,27169.0
OEEF,2026-02-04,IE8257095800,92030.0
OEEF,2026-02-05,GB0630101115,522983.0
OEEF,2026-02-05,GB1244338610,1711170.0
OEEF,2026-02-05,GB5763176813,469731.0
OEEF,2026-02-05,GB8282759830,368328.0
OEEF,2026-02-05,GB8078978300,328607.0
OEEF,2026-02-05,GB6922049515,232059.0
OEEF,2026-02-05,GB4272147544,256710.0
OEEF,2026-02-05,GB4883681873,62990.0
OEEF,2026-02-05,DE2058988387,181203.0
OEEF,2026-02-05,DE2188617561,123035.0
OEEF,2026-02-05,DE8240052946,31780.0
OEEF,2026-02-05,DE2296302361,15771.0
OEEF,2026-02-05,DE3565562488,21004.0
OEEF,2026-02-05,DE4219017920,99902.0
OEEF,2026-02-05,DE3263394742,50277.0
OEEF,2026-02-05,DE0240247409,678570.0
OEEF,2026-02-05,NL0596319520,51806.0
OEEF,2026-02-05,NL3561968038,186582.0
OEEF,2026-02-05,NL7847386088,39915.0
OEEF,2026-02-05,NL6941161118,60916.0
OEEF,2026-02-05,NL5479347757,123991.0
OEEF,2026-02-05,NL0787902567,59372.0
OEEF,2026-02-05,NL4737878610,49498.0
OEEF,2026-02-05,NL4404510816,27169.0
OEEF,2026-02-05,IE8257095800,92030.0
OEEF,2026-02-06,GB0630101115,522983.0
OEEF,2026-02-06,GB1244338610,1711170.0
OEEF,2026-02-06,GB5763176813,469731.0
OEEF,2026-02-06,GB8282759830,368328.0
OEEF,2026-02-06,GB8078978300,328607.0
OEEF,2026-02-06,GB6922049515,232059.0
OEEF,2026-02-06,GB4272147544,256710.0
OEEF,2026-02-06,GB4883681873,62990.0
OEEF,2026-02-06,DE2058988387,181203.0
OEEF,2026-02-06,DE2188617561,123035.0
OEEF,2026-02-06,DE8240052946,31780.0
OEEF,2026-02-06,DE2296302361,15771.0
OEEF,2026-02-06,DE3565562488,21004.0
OEEF,2026-02-06,DE4219017920,99902.0
OEEF,2026-02-06,DE3263394742,50277.0
OEEF,2026-02-06,DE0240247409,678570.0
OEEF,2026-02-06,NL0596319520,51806.0
OEEF,2026-02-06,NL3561968038,186582.0
OEEF,2026-02-06,NL7847386088,39915.0
OEEF,2026-02-06,NL6941161118,60916.0
OEEF,2026-02-06,NL5479347757,123991.0
OEEF,2026-02-06,NL0787902567,59372.0
OEEF,2026-02-06,NL4737878610,49498.0
OEEF,2026-02-06,NL4404510816,27169.0
OEEF,2026-02-06,IE8257095800,92030.0
OEEF,2026-02-09,GB0630101115,522983.0
OEEF,2026-02-09,GB1244338610,1711170.0
OEEF,2026-02-09,GB5763176813,469731.0
OEEF,2026-02-09,GB8282759830,368328.0
OEEF,2026-02-09,GB8078978300,328607.0
OEEF,2026-02-09,GB6922049515,232059.0
OEEF,2026-02-09,GB4272147544,256710.0
OEEF,2026-02-09,GB4883681873,62990.0
OEEF,2026-02-09,DE2058988387,181203.0
OEEF,2026-02-09,DE2188617561,123035.0
OEEF,2026-02-09,DE8240052946,31780.0
OEEF,2026-02-09,DE2296302361,15771.0
OEEF,2026-02-09,DE3565562488,21004.0
OEEF,2026-02-09,DE4219017920,99902.0
OEEF,2026-02-09,DE3263394742,50277.0
OEEF,2026-02-09,DE0240247409,678570.0
OEEF,2026-02-09,NL0596319520,51806.0
OEEF,2026-02-09,NL3561968038,186582.0
OEEF,2026-02-09,NL7847386088,39915.0
OEEF,2026-02-09,NL6941161118,60916.0
OEEF,2026-02-09,NL5479347757,123991.0
OEEF,2026-02-09,NL0787902567,59372.0
OEEF,2026-02-09,NL4737878610,49498.0
OEEF,2026-02-09,NL4404510816,27169.0
OEEF,2026-02-09,IE8257095800,92030.0
OEEF,2026-02-10,GB0630101115,522983.0
OEEF,2026-02-10,GB1244338610,1711170.0
OEEF,2026-02-10,GB5763176813,469731.0
OEEF,2026-02-10,GB8282759830,368328.0
OEEF,2026-02-10,GB8078978300,328607.0
OEEF,2026-02-10,GB6922049515,232059.0
OEEF,2026-02-10,GB4272147544,256710.0
OEEF,2026-02-10,GB4883681873,62990.0
OEEF,2026-02-10,DE2058988387,181203.0
OEEF,2026-02-10,DE2188617561,123035.0
OEEF,2026-02-10,DE8240052946,31780.0
OEEF,2026-02-10,DE2296302361,15771.0
OEEF,2026-02-10,DE3565562488,21004.0
OEEF,2026-02-10,DE4219017920,99902.0
OEEF,2026-02-10,DE3263394742,50277.0
OEEF,2026-02-10,DE0240247409,678570.0
OEEF,2026-02-10,NL0596319520,51806.0
OEEF,2026-02-10,NL3561968038,186582.0
OEEF,2026-02-10,NL7847386088,39915.0
OEEF,2026-02-10,NL6941161118,60916.0
OEEF,2026-02-10,NL5479347757,123991.0
OEEF,2026-02-10,NL0787902567,59372.0
OEEF,2026-02-10,NL4737878610,49498.0
OEEF,2026-02-10,NL4404510816,27169.0
OEEF,2026-02-10,IE8257095800,92030.0
OEEF,2026-02-11,GB0630101115,522983.0
OEEF,2026-02-11,GB1244338610,1711170.0
OEEF,2026-02-11,GB5763176813,469731.0
OEEF,2026-02-11,GB8282759830,368328.0
OEEF,2026-02-11,GB8078978300,328607.0
OEEF,2026-02-11,GB6922049515,232059.0
OEEF,2026-02-11,GB4272147544,256710.0
OEEF,2026-02-11,GB4883681873,62990.0
OEEF,2026-02-11,DE2058988387,181203.0
OEEF,2026-02-11,DE2188617561,123035.0
OEEF,2026-02-11,DE8240052946,31780.0
OEEF,2026-02-11,DE2296302361,15771.0
OEEF,2026-02-11,DE3565562488,21004.0
OEEF,2026-02-11,DE4219017920,99902.0
OEEF,2026-02-11,DE3263394742,50277.0
OEEF,2026-02-11,DE0240247409,678570.0
OEEF,2026-02-11,NL0596319520,51806.0
OEEF,2026-02-11,NL3561968038,186582.0
OEEF,2026-02-11,NL7847386088,39915.0
OEEF,2026-02-11,NL6941161118,60916.0
OEEF,2026-02-11,NL5479347757,123991.0
OEEF,2026-02-11,NL0787902567,59372.0
OEEF,2026-02-11,NL4737878610,49498.0
OEEF,2026-02-11,NL4404510816,27169.0
OEEF,2026-02-11,IE8257095800,92030.0
OEEF,2026-02-12,GB0630101115,522983.0
OEEF,2026-02-12,GB1244338610,1711170.0
OEEF,2026-02-12,GB5763176813,469731.0
OEEF,2026-02-12,GB8282759830,368328.0
OEEF,2026-02-12,GB8078978300,328607.0
OEEF,2026-02-12,GB6922049515,232059.0
OEEF,2026-02-12,GB4272147544,256710.0
OEEF,2026-02-12,GB4883681873,62990.0
OEEF,2026-02-12,DE2058988387,181203.0
OEEF,2026-02-12,DE2188617561,123035.0
OEEF,2026-02-12,DE8240052946,31780.0
OEEF,2026-02-12,DE2296302361,15771.0
OEEF,2026-02-12,DE3565562488,21004.0
OEEF,2026-02-12,DE4219017920,99902.0
OEEF,2026-02-12,DE3263394742,50277.0
OEEF,2026-02-12,DE0240247409,678570.0
OEEF,2026-02-12,NL0596319520,51806.0
OEEF,2026-02-12,NL3561968038,186582.0
OEEF,2026-02-12,NL7847386088,39915.0
OEEF,2026-02-12,NL6941161118,60916.0
OEEF,2026-02-12,NL5479347757,123991.0
OEEF,2026-02-12,NL0787902567,59372.0
OEEF,2026-02-12,NL4737878610,49498.0
OEEF,2026-02-12,NL4404510816,27169.0
OEEF,2026-02-12,IE8257095800,92030.0
OEEF,2026-02-13,GB0630101115,522983.0
OEEF,2026-02-13,GB1244338610,1711170.0
OEEF,2026-02-13,GB5763176813,469731.0
OEEF,2026-02-13,GB8282759830,368328.0
OEEF,2026-02-13,GB8078978300,328607.0
OEEF,2026-02-13,GB6922049515,232059.0
OEEF,2026-02-13,GB4272147544,256710.0
OEEF,2026-02-13,GB4883681873,62990.0
OEEF,2026-02-13,DE2058988387,181203.0
OEEF,2026-02-13,DE2188617561,123035.0
OEEF,2026-02-13,DE8240052946,31780.0
OEEF,2026-02-13,DE2296302361,15771.0
OEEF,2026-02-13,DE3565562488,21004.0
OEEF,2026-02-13,DE4219017920,99902.0
OEEF,2026-02-13,DE3263394742,50277.0
OEEF,2026-02-13,DE0240247409,678570.0
OEEF,2026-02-13,NL0596319520,51806.0
OEEF,2026-02-13,NL3561968038,186582.0
OEEF,2026-02-13,NL7847386088,39915.0
OEEF,2026-02-13,NL6941161118,60916.0
OEEF,2026-02-13,NL5479347757,123991.0
OEEF,2026-02-13,NL0787902567,59372.0
OEEF,2026-02-13,NL4737878610,49498.0
OEEF,2026-02-13,NL4404510816,27169.0
OEEF,2026-02-13,IE8257095800,92030.0
OEEF,2026-02-16,GB0630101115,522983.0
OEEF,2026-02-16,GB1244338610,1711170.0
OEEF,2026-02-16,GB5763176813,469731.0
OEEF,2026-02-16,GB8282759830,368328.0
OEEF,2026-02-16,GB8078978300,328607.0
OEEF,2026-02-16,GB6922049515,232059.0
OEEF,2026-02-16,GB4272147544,256710.0
OEEF,2026-02-16,GB4883681873,62990.0
OEEF,2026-02-16,DE2058988387,181203.0
OEEF,2026-02-16,DE2188617561,123035.0
OEEF,2026-02-16,DE8240052946,31780.0
OEEF,2026-02-16,DE2296302361,15771.0
OEEF,2026-02-16,DE3565562488,21004.0
OEEF,2026-02-16,DE4219017920,99902.0
OEEF,2026-02-16,DE3263394742,50277.0
OEEF,2026-02-16,DE0240247409,678570.0
OEEF,2026-02-16,NL0596319520,51806.0
OEEF,2026-02-16,NL3561968038,186582.0
OEEF,2026-02-16,NL7847386088,39915.0
OEEF,2026-02-16,NL6941161118,60916.0
OEEF,2026-02-16,NL5479347757,123991.0
OEEF,2026-02-16,NL0787902567,59372.0
OEEF,2026-02-16,NL4737878610,49498.0
OEEF,2026-02-16,NL4404510816,27169.0
OEEF,2026-02-16,IE8257095800,92030.0
OEEF,2026-02-17,GB0630101115,522983.0
OEEF,2026-02-17,GB1244338610,1711170.0
OEEF,2026-02-17,GB5763176813,469731.0
OEEF,2026-02-17,GB8282759830,368328.0
OEEF,2026-02-17,GB8078978300,328607.0
OEEF,2026-02-17,GB6922049515,232059.0
OEEF,2026-02-17,GB4272147544,256710.0
OEEF,2026-02-17,GB4883681873,62990.0
OEEF,2026-02-17,DE2058988387,181203.0
OEEF,2026-02-17,DE2188617561,123035.0
OEEF,2026-02-17,DE8240052946,31780.0
OEEF,2026-02-17,DE2296302361,15771.0
OEEF,2026-02-17,DE3565562488,21004.0
OEEF,2026-02-17,DE4219017920,99902.0
OEEF,2026-02-17,DE3263394742,50277.0
OEEF,2026-02-17,DE0240247409,678570.0
OEEF,2026-02-17,NL0596319520,51806.0
OEEF,2026-02-17,NL3561968038,186582.0
OEEF,2026-02-17,NL7847386088,39915.0
OEEF,2026-02-17,NL6941161118,60916.0
OEEF,2026-02-17,NL5479347757,123991.0
OEEF,2026-02-17,NL0787902567,59372.0
OEEF,2026-02-17,NL4737878610,49498.0
OEEF,2026-02-17,NL4404510816,27169.0
OEEF,2026-02-17,IE8257095800,92030.0
OEEF,2026-02-18,GB0630101115,522983.0
OEEF,2026-02-18,GB1244338610,1711170.0
OEEF,2026-02-18,GB5763176813,469731.0
OEEF,2026-02-18,GB8282759830,368328.0
OEEF,2026-02-18,GB8078978300,328607.0
OEEF,2026-02-18,GB6922049515,232059.0
OEEF,2026-02-18,GB4272147544,256710.0
OEEF,2026-02-18,GB4883681873,62990.0
OEEF,2026-02-18,DE2058988387,181203.0
OEEF,2026-02-18,DE2188617561,123035.0
OEEF,2026-02-18,DE8240052946,31780.0
OEEF,2026-02-18,DE2296302361,15771.0
OEEF,2026-02-18,DE3565562488,21004.0
OEEF,2026-02-18,DE4219017920,99902.0
OEEF,2026-02-18,DE3263394742,50277.0
OEEF,2026-02-18,DE0240247409,678570.0
OEEF,2026-02-18,NL0596319520,51806.0
OEEF,2026-02-18,NL3561968038,186582.0
OEEF,2026-02-18,NL7847386088,39915.0
OEEF,2026-02-18,NL6941161118,60916.0
OEEF,2026-02-18,NL5479347757,123991.0
OEEF,2026-02-18,NL0787902567,59372.0
OEEF,2026-02-18,NL4737878610,49498.0
OEEF,2026-02-18,NL4404510816,27169.0
OEEF,2026-02-18,IE8257095800,92030.0
OEEF,2026-02-19,GB0630101115,522983.0
OEEF,2026-02-19,GB1244338610,1711170.0
OEEF,2026-02-19,GB5763176813,469731.0
OEEF,2026-02-19,GB8282759830,368328.0
OEEF,2026-02-19,GB8078978300,328607.0
OEEF,2026-02-19,GB6922049515,232059.0
OEEF,2026-02-19,GB4272147544,256710.0
OEEF,2026-02-19,GB4883681873,62990.0
OEEF,2026-02-19,DE2058988387,181203.0
OEEF,2026-02-19,DE2188617561,123035.0
OEEF,2026-02-19,DE8240052946,31780.0
OEEF,2026-02-19,DE2296302361,15771.0
OEEF,2026-02-19,DE3565562488,21004.0
OEEF,2026-02-19,DE4219017920,99902.0
OEEF,2026-02-19,DE3263394742,50277.0
OEEF,2026-02-19,DE0240247409,678570.0
OEEF,2026-02-19,NL0596319520,51806.0
OEEF,2026-02-19,NL3561968038,186582.0
OEEF,2026-02-19,NL7847386088,39915.0
OEEF,2026-02-19,NL6941161118,60916.0
OEEF,2026-02-19,NL5479347757,123991.0
OEEF,2026-02-19,NL0787902567,59372.0
OEEF,2026-02-19,NL4737878610,49498.0
OEEF,2026-02-19,NL4404510816,27169.0
OEEF,2026-02-19,IE8257095800,92030.0
OEEF,2026-02-20,GB0630101115,522983.0
OEEF,2026-02-20,GB1244338610,1711170.0
OEEF,2026-02-20,GB5763176813,469731.0
OEEF,2026-02-20,GB8282759830,368328.0
OEEF,2026-02-20,GB8078978300,328607.0
OEEF,2026-02-20,GB6922049515,232059.0
OEEF,2026-02-20,GB4272147544,256710.0
OEEF,2026-02-20,GB4883681873,62990.0
OEEF,2026-02-20,DE2058988387,181203.0
OEEF,2026-02-20,DE2188617561,123035.0
OEEF,2026-02-20,DE8240052946,31780.0
OEEF,2026-02-20,DE2296302361,15771.0
OEEF,2026-02-20,DE3565562488,21004.0
OEEF,2026-02-20,DE4219017920,99902.0
OEEF,2026-02-20,DE3263394742,50277.0
OEEF,2026-02-20,DE0240247409,678570.0
OEEF,2026-02-20,NL0596319520,51806.0
OEEF,2026-02-20,NL3561968038,186582.0
OEEF,2026-02-20,NL7847386088,39915.0
OEEF,2026-02-20,NL6941161118,60916.0
OEEF,2026-02-20,NL5479347757,123991.0
OEEF,2026-02-20,NL0787902567,59372.0
OEEF,2026-02-20,NL4737878610,49498.0
OEEF,2026-02-20,NL4404510816,27169.0
OEEF,2026-02-20,IE8257095800,92030.0
OEEF,2026-02-23,GB0630101115,522983.0
OEEF,2026-02-23,GB1244338610,1711170.0
OEEF,2026-02-23,GB5763176813,469731.0
OEEF,2026-02-23,GB8282759830,368328.0
OEEF,2026-02-23,GB8078978300,328607.0
OEEF,2026-02-23,GB6922049515,232059.0
OEEF,2026-02-23,GB4272147544,256710.0
OEEF,2026-02-23,GB4883681873,62990.0
OEEF,2026-02-23,DE2058988387,181203.0
OEEF,2026-02-23,DE2188617561,123035.0
OEEF,2026-02-23,DE8240052946,31780.0
OEEF,2026-02-23,DE2296302361,15771.0
OEEF,2026-02-23,DE3565562488,21004.0
OEEF,2026-02-23,DE4219017920,99902.0
OEEF,2026-02-23,DE3263394742,50277.0
OEEF,2026-02-23,DE0240247409,678570.0
OEEF,2026-02-23,NL0596319520,51806.0
OEEF,2026-02-23,NL3561968038,186582.0
OEEF,2026-02-23,NL7847386088,39915.0
OEEF,2026-02-23,NL6941161118,60916.0
OEEF,2026-02-23,NL5479347757,123991.0
OEEF,2026-02-23,NL0787902567,59372.0
OEEF,2026-02-23,NL4737878610,49498.0
OEEF,2026-02-23,NL4404510816,27169.0
OEEF,2026-02-23,IE8257095800,92030.0
OEEF,2026-02-24,GB0630101115,522983.0
OEEF,2026-02-24,GB1244338610,1711170.0
OEEF,2026-02-24,GB5763176813,469731.0
OEEF,2026-02-24,GB8282759830,368328.0
OEEF,2026-02-24,GB8078978300,328607.0
OEEF,2026-02-24,GB6922049515,232059.0
OEEF,2026-02-24,GB4272147544,256710.0
OEEF,2026-02-24,GB4883681873,62990.0
OEEF,2026-02-24,DE2058988387,181203.0
OEEF,2026-02-24,DE2188617561,123035.0
OEEF,2026-02-24,DE8240052946,31780.0
OEEF,2026-02-24,DE2296302361,15771.0
OEEF,2026-02-24,DE3565562488,21004.0
OEEF,2026-02-24,DE4219017920,99902.0
OEEF,2026-02-24,DE3263394742,50277.0
OEEF,2026-02-24,DE0240247409,678570.0
OEEF,2026-02-24,NL0596319520,51806.0
OEEF,2026-02-24,NL3561968038,186582.0
OEEF,2026-02-24,NL7847386088,39915.0
OEEF,2026-02-24,NL6941161118,60916.0
OEEF,2026-02-24,NL5479347757,123991.0
OEEF,2026-02-24,NL0787902567,59372.0
OEEF,2026-02-24,NL4737878610,49498.0
OEEF,2026-02-24,NL4404510816,27169.0
OEEF,2026-02-24,IE8257095800,92030.0
OEEF,2026-02-25,GB0630101115,522983.0
OEEF,2026-02-25,GB1244338610,1711170.0
OEEF,2026-02-25,GB5763176813,469731.0
OEEF,2026-02-25,GB8282759830,368328.0
OEEF,2026-02-25,GB8078978300,328607.0
OEEF,2026-02-25,GB6922049515,232059.0
OEEF,2026-02-25,GB4272147544,256710.0
OEEF,2026-02-25,GB4883681873,62990.0
OEEF,2026-02-25,DE2058988387,181203.0
OEEF,2026-02-25,DE2188617561,123035.0
OEEF,2026-02-25,DE8240052946,31780.0
OEEF,2026-02-25,DE2296302361,15771.0
OEEF,2026-02-25,DE3565562488,21004.0
OEEF,2026-02-25,DE4219017920,99902.0
OEEF,2026-02-25,DE3263394742,50277.0
OEEF,2026-02-25,DE0240247409,678570.0
OEEF,2026-02-25,NL0596319520,51806.0
OEEF,2026-02-25,NL3561968038,186582.0
OEEF,2026-02-25,NL7847386088,39915.0
OEEF,2026-02-25,NL6941161118,60916.0
OEEF,2026-02-25,NL5479347757,123991.0
OEEF,2026-02-25,NL0787902567,59372.0
OEEF,2026-02-25,NL4737878610,49498.0
OEEF,2026-02-25,NL4404510816,27169.0
OEEF,2026-02-25,IE8257095800,92030.0
OEEF,2026-02-26,GB0630101115,522983.0
OEEF,2026-02-26,GB1244338610,1711170.0
OEEF,2026-02-26,GB5763176813,469731.0
OEEF,2026-02-26,GB8282759830,368328.0
OEEF,2026-02-26,GB8078978300,328607.0
OEEF,2026-02-26,GB6922049515,232059.0
OEEF,2026-02-26,GB4272147544,256710.0
OEEF,2026-02-26,GB4883681873,62990.0
OEEF,2026-02-26,DE2058988387,181203.0
OEEF,2026-02-26,DE2188617561,123035.0
OEEF,2026-02-26,DE8240052946,31780.0
OEEF,2026-02-26,DE2296302361,15771.0
OEEF,2026-02-26,DE3565562488,21004.0
OEEF,2026-02-26,DE4219017920,99902.0
OEEF,2026-02-26,DE3263394742,50277.0
OEEF,2026-02-26,DE0240247409,678570.0
OEEF,2026-02-26,NL0596319520,51806.0
OEEF,2026-02-26,NL3561968038,186582.0
OEEF,2026-02-26,NL7847386088,39915.0
OEEF,2026-02-26,NL6941161118,60916.0
OEEF,2026-02-26,NL5479347757,123991.0
OEEF,2026-02-26,NL0787902567,59372.0
OEEF,2026-02-26,NL4737878610,49498.0
OEEF,2026-02-26,NL4404510816,27169.0
OEEF,2026-02-26,IE8257095800,92030.0
OEEF,2026-02-27,GB0630101115,522983.0
OEEF,2026-02-27,GB1244338610,1711170.0
OEEF,2026-02-27,GB5763176813,469731.0
OEEF,2026-02-27,GB8282759830,368328.0
OEEF,2026-02-27,GB8078978300,328607.0
OEEF,2026-02-27,GB6922049515,232059.0
OEEF,2026-02-27,GB4272147544,256710.0
OEEF,2026-02-27,GB4883681873,62990.0
OEEF,2026-02-27,DE2058988387,181203.0
OEEF,2026-02-27,DE2188617561,123035.0
OEEF,2026-02-27,DE8240052946,31780.0
OEEF,2026-02-27,DE2296302361,15771.0
OEEF,2026-02-27,DE3565562488,21004.0
OEEF,2026-02-27,DE4219017920,99902.0
OEEF,2026-02-27,DE3263394742,50277.0
OEEF,2026-02-27,DE0240247409,678570.0
OEEF,2026-02-27,NL0596319520,51806.0
OEEF,2026-02-27,NL3561968038,186582.0
OEEF,2026-02-27,NL7847386088,39915.0
OEEF,2026-02-27,NL6941161118,60916.0
OEEF,2026-02-27,NL5479347757,123991.0
OEEF,2026-02-27,NL0787902567,59372.0
OEEF,2026-02-27,NL4737878610,49498.0
OEEF,2026-02-27,NL4404510816,27169.0
OEEF,2026-02-27,IE8257095800,92030.0
OEEF,2026-03-02,GB0630101115,568599.0
OEEF,2026-03-02,GB1244338610,1711170.0
OEEF,2026-03-02,GB5763176813,469731.0
OEEF,2026-03-02,GB8282759830,368328.0
OEEF,2026-03-02,GB8078978300,328607.0
OEEF,2026-03-02,GB6922049515,232059.0
OEEF,2026-03-02,GB4272147544,256710.0
OEEF,2026-03-02,GB4883681873,62990.0
OEEF,2026-03-02,DE2058988387,181203.0
OEEF,2026-03-02,DE2188617561,123035.0
OEEF,2026-03-02,DE8240052946,31780.0
OEEF,2026-03-02,DE2296302361,15771.0
OEEF,2026-03-02,DE3565562488,21004.0
OEEF,2026-03-02,DE4219017920,99902.0
OEEF,2026-03-02,DE3263394742,50277.0
OEEF,2026-03-02,DE0240247409,678570.0
OEEF,2026-03-02,NL0596319520,51806.0
OEEF,2026-03-02,NL3561968038,186582.0
OEEF,2026-03-02,NL7847386088,40093.0
OEEF,2026-03-02,NL6941161118,60916.0
OEEF,2026-03-02,NL5479347757,123991.0
OEEF,2026-03-02,NL0787902567,59773.0
OEEF,2026-03-02,NL4737878610,49498.0
OEEF,2026-03-02,NL4404510816,27169.0
OEEF,2026-03-02,IE8257095800,92030.0
OEEF,2026-03-03,GB0630101115,568599.0
OEEF,2026-03-03,GB1244338610,1711170.0
OEEF,2026-03-03,GB5763176813,469731.0
OEEF,2026-03-03,GB8282759830,368328.0
OEEF,2026-03-03,GB8078978300,328607.0
OEEF,2026-03-03,GB6922049515,232059.0
OEEF,2026-03-03,GB4272147544,256710.0
OEEF,2026-03-03,GB4883681873,62990.0
OEEF,2026-03-03,DE2058988387,181203.0
OEEF,2026-03-03,DE2188617561,123035.0
OEEF,2026-03-03,DE8240052946,31780.0
OEEF,2026-03-03,DE2296302361,15771.0
OEEF,2026-03-03,DE3565562488,21004.0
OEEF,2026-03-03,DE4219017920,99902.0
OEEF,2026-03-03,DE3263394742,50277.0
OEEF,2026-03-03,DE0240247409,678570.0
OEEF,2026-03-03,NL0596319520,51806.0
OEEF,2026-03-03,NL3561968038,186582.0
OEEF,2026-03-03,NL7847386088,40093.0
OEEF,2026-03-03,NL6941161118,60916.0
OEEF,2026-03-03,NL5479347757,123991.0
OEEF,2026-03-03,NL0787902567,59773.0
OEEF,2026-03-03,NL4737878610,49498.0
OEEF,2026-03-03,NL4404510816,27169.0
OEEF,2026-03-03,IE8257095800,92030.0
OEEF,2026-03-04,GB0630101115,568599.0
OEEF,2026-03-04,GB1244338610,1711170.0
OEEF,2026-03-04,GB5763176813,469731.0
OEEF,2026-03-04,GB8282759830,368328.0
OEEF,2026-03-04,GB8078978300,328607.0
OEEF,2026-03-04,GB6922049515,232059.0
OEEF,2026-03-04,GB4272147544,256710.0
OEEF,2026-03-04,GB4883681873,62990.0
OEEF,2026-03-04,DE2058988387,181203.0
OEEF,2026-03-04,DE2188617561,123035.0
OEEF,2026-03-04,DE8240052946,31780.0
OEEF,2026-03-04,DE2296302361,15771.0
OEEF,2026-03-04,DE3565562488,21004.0
OEEF,2026-03-04,DE4219017920,99902.0
OEEF,2026-03-04,DE3263394742,50277.0
OEEF,2026-03-04,DE0240247409,678570.0
OEEF,2026-03-04,NL0596319520,51806.0
OEEF,2026-03-04,NL3561968038,186582.0
OEEF,2026-03-04,NL7847386088,40093.0
OEEF,2026-03-04,NL6941161118,60916.0
OEEF,2026-03-04,NL5479347757,123991.0
OEEF,2026-03-04,NL0787902567,59773.0
OEEF,2026-03-04,NL4737878610,49498.0
OEEF,2026-03-04,NL4404510816,27169.0
OEEF,2026-03-04,IE8257095800,92030.0
OEEF,2026-03-05,GB0630101115,568599.0
OEEF,2026-03-05,GB1244338610,1711170.0
OEEF,2026-03-05,GB5763176813,469731.0
OEEF,2026-03-05,GB8282759830,368328.0
OEEF,2026-03-05,GB8078978300,328607.0
OEEF,2026-03-05,GB6922049515,232059.0
OEEF,2026-03-05,GB4272147544,256710.0
OEEF,2026-03-05,GB4883681873,62990.0
OEEF,2026-03-05,DE2058988387,181203.0
OEEF,2026-03-05,DE2188617561,123035.0
OEEF,2026-03-05,DE8240052946,31780.0
OEEF,2026-03-05,DE2296302361,15771.0
OEEF,2026-03-05,DE3565562488,21004.0
OEEF,2026-03-05,DE4219017920,99902.0
OEEF,2026-03-05,DE3263394742,50277.0
OEEF,2026-03-05,DE0240247409,678570.0
OEEF,2026-03-05,NL0596319520,51806.0
OEEF,2026-03-05,NL3561968038,186582.0
OEEF,2026-03-05,NL7847386088,40093.0
OEEF,2026-03-05,NL6941161118,60916.0
OEEF,2026-03-05,NL5479347757,123991.0
OEEF,2026-03-05,NL0787902567,59773.0
OEEF,2026-03-05,NL4737878610,49498.0
OEEF,2026-03-05,NL4404510816,27169.0
OEEF,2026-03-05,IE8257095800,92030.0
OEEF,2026-03-06,GB0630101115,568599.0
OEEF,2026-03-06,GB1244338610,1711170.0
OEEF,2026-03-06,GB5763176813,469731.0
OEEF,2026-03-06,GB8282759830,368328.0
OEEF,2026-03-06,GB8078978300,328607.0
OEEF,2026-03-06,GB6922049515,232059.0
OEEF,2026-03-06,GB4272147544,256710.0
OEEF,2026-03-06,GB4883681873,62990.0
OEEF,2026-03-06,DE2058988387,181203.0
OEEF,2026-03-06,DE2188617561,123035.0
OEEF,2026-03-06,DE8240052946,31780.0
OEEF,2026-03-06,DE2296302361,15771.0
OEEF,2026-03-06,DE3565562488,21004.0
OEEF,2026-03-06,DE4219017920,99902.0
OEEF,2026-03-06,DE3263394742,50277.0
OEEF,2026-03-06,DE0240247409,678570.0
OEEF,2026-03-06,NL0596319520,51806.0
OEEF,2026-03-06,NL3561968038,186582.0
OEEF,2026-03-06,NL7847386088,40093.0
OEEF,2026-03-06,NL6941161118,60916.0
OEEF,2026-03-06,NL5479347757,123991.0
OEEF,2026-03-06,NL0787902567,59773.0
OEEF,2026-03-06,NL4737878610,49498.0
OEEF,2026-03-06,NL4404510816,27169.0
OEEF,2026-03-06,IE8257095800,92030.0
OEEF,2026-03-09,GB0630101115,568599.0
OEEF,2026-03-09,GB1244338610,1711170.0
OEEF,2026-03-09,GB5763176813,469731.0
OEEF,2026-03-09,GB8282759830,368328.0
OEEF,2026-03-09,GB8078978300,328607.0
OEEF,2026-03-09,GB6922049515,232059.0
OEEF,2026-03-09,GB4272147544,256710.0
OEEF,2026-03-09,GB4883681873,62990.0
OEEF,2026-03-09,DE2058988387,181203.0
OEEF,2026-03-09,DE2188617561,123035.0
OEEF,2026-03-09,DE8240052946,31780.0
OEEF,2026-03-09,DE2296302361,15771.0
OEEF,2026-03-09,DE3565562488,21004.0
OEEF,2026-03-09,DE4219017920,99902.0
OEEF,2026-03-09,DE3263394742,50277.0
OEEF,2026-03-09,DE0240247409,678570.0
OEEF,2026-03-09,NL0596319520,51806.0
OEEF,2026-03-09,NL3561968038,186582.0
OEEF,2026-03-09,NL7847386088,40093.0
OEEF,2026-03-09,NL6941161118,60916.0
OEEF,2026-03-09,NL5479347757,123991.0
OEEF,2026-03-09,NL0787902567,59773.0
OEEF,2026-03-09,NL4737878610,49498.0
OEEF,2026-03-09,NL4404510816,27169.0
OEEF,2026-03-09,IE8257095800,92030.0
OEEF,2026-03-10,GB0630101115,568599.0
OEEF,2026-03-10,GB1244338610,1711170.0
OEEF,2026-03-10,GB5763176813,469731.0
OEEF,2026-03-10,GB8282759830,368328.0
OEEF,2026-03-10,GB8078978300,328607.0
OEEF,2026-03-10,GB6922049515,232059.0
OEEF,2026-03-10,GB4272147544,256710.0
OEEF,2026-03-10,GB4883681873,62990.0
OEEF,2026-03-10,DE2058988387,181203.0
OEEF,2026-03-10,DE2188617561,123035.0
OEEF,2026-03-10,DE8240052946,31780.0
OEEF,2026-03-10,DE2296302361,15771.0
OEEF,2026-03-10,DE3565562488,21004.0
OEEF,2026-03-10,DE4219017920,99902.0
OEEF,2026-03-10,DE3263394742,50277.0
OEEF,2026-03-10,DE0240247409,678570.0
OEEF,2026-03-10,NL0596319520,51806.0
OEEF,2026-03-10,NL3561968038,186582.0
OEEF,2026-03-10,NL7847386088,40093.0
OEEF,2026-03-10,NL6941161118,60916.0
OEEF,2026-03-10,NL5479347757,123991.0
OEEF,2026-03-10,NL0787902567,59773.0
OEEF,2026-03-10,NL4737878610,49498.0
OEEF,2026-03-10,NL4404510816,27169.0
OEEF,2026-03-10,IE8257095800,92030.0
OEEF,2026-03-11,GB0630101115,568599.0
OEEF,2026-03-11,GB1244338610,1711170.0
OEEF,2026-03-11,GB5763176813,469731.0
OEEF,2026-03-11,GB8282759830,368328.0
OEEF,2026-03-11,GB8078978300,328607.0
OEEF,2026-03-11,GB6922049515,232059.0
OEEF,2026-03-11,GB4272147544,256710.0
OEEF,2026-03-11,GB4883681873,62990.0
OEEF,2026-03-11,DE2058988387,181203.0
OEEF,2026-03-11,DE2188617561,123035.0
OEEF,2026-03-11,DE8240052946,31780.0
OEEF,2026-03-11,DE2296302361,15771.0
OEEF,2026-03-11,DE3565562488,21004.0
OEEF,2026-03-11,DE4219017920,99902.0
OEEF,2026-03-11,DE3263394742,50277.0
OEEF,2026-03-11,DE0240247409,678570.0
OEEF,2026-03-11,NL0596319520,51806.0
OEEF,2026-03-11,NL3561968038,186582.0
OEEF,2026-03-11,NL7847386088,40093.0
OEEF,2026-03-11,NL6941161118,60916.0
OEEF,2026-03-11,NL5479347757,123991.0
OEEF,2026-03-11,NL0787902567,59773.0
OEEF,2026-03-11,NL4737878610,49498.0
OEEF,2026-03-11,NL4404510816,27169.0
OEEF,2026-03-11,IE8257095800,92030.0
OEEF,2026-03-12,GB0630101115,568599.0
OEEF,2026-03-12,GB1244338610,1711170.0
OEEF,2026-03-12,GB5763176813,469731.0
OEEF,2026-03-12,GB8282759830,368328.0
OEEF,2026-03-12,GB8078978300,328607.0
OEEF,2026-03-12,GB6922049515,232059.0
OEEF,2026-03-12,GB4272147544,256710.0
OEEF,2026-03-12,GB4883681873,62990.0
OEEF,2026-03-12,DE2058988387,181203.0
OEEF,2026-03-12,DE2188617561,123035.0
OEEF,2026-03-12,DE8240052946,31780.0
OEEF,2026-03-12,DE2296302361,15771.0
OEEF,2026-03-12,DE3565562488,21004.0
OEEF,2026-03-12,DE4219017920,99902.0
OEEF,2026-03-12,DE3263394742,50277.0
OEEF,2026-03-12,DE0240247409,678570.0
OEEF,2026-03-12,NL0596319520,51806.0
OEEF,2026-03-12,NL3561968038,186582.0
OEEF,2026-03-12,NL7847386088,40093.0
OEEF,2026-03-12,NL6941161118,60916.0
OEEF,2026-03-12,NL5479347757,123991.0
OEEF,2026-03-12,NL0787902567,59773.0
OEEF,2026-03-12,NL4737878610,49498.0
OEEF,2026-03-12,NL4404510816,27169.0
OEEF,2026-03-12,IE8257095800,92030.0
OEEF,2026-03-13,GB0630101115,568599.0
OEEF,2026-03-13,GB1244338610,1711170.0
OEEF,2026-03-13,GB5763176813,469731.0
OEEF,2026-03-13,GB8282759830,368328.0
OEEF,2026-03-13,GB8078978300,328607.0
OEEF,2026-03-13,GB6922049515,232059.0
OEEF,2026-03-13,GB4272147544,256710.0
OEEF,2026-03-13,GB4883681873,62990.0
OEEF,2026-03-13,DE2058988387,181203.0
OEEF,2026-03-13,DE2188617561,123035.0
OEEF,2026-03-13,DE8240052946,31780.0
OEEF,2026-03-13,DE2296302361,15771.0
OEEF,2026-03-13,DE3565562488,21004.0
OEEF,2026-03-13,DE4219017920,99902.0
OEEF,2026-03-13,DE3263394742,50277.0
OEEF,2026-03-13,DE0240247409,678570.0
OEEF,2026-03-13,NL0596319520,51806.0
OEEF,2026-03-13,NL3561968038,186582.0
OEEF,2026-03-13,NL7847386088,40093.0
OEEF,2026-03-13,NL6941161118,60916.0
OEEF,2026-03-13,NL5479347757,123991.0
OEEF,2026-03-13,NL0787902567,59773.0
OEEF,2026-03-13,NL4737878610,49498.0
OEEF,2026-03-13,NL4404510816,27169.0
OEEF,2026-03-13,IE8257095800,92030.0
OEEF,2026-03-16,GB0630101115,568599.0
OEEF,2026-03-16,GB1244338610,1711170.0
OEEF,2026-03-16,GB5763176813,469731.0
OEEF,2026-03-16,GB8282759830,368328.0
OEEF,2026-03-16,GB8078978300,328607.0
OEEF,2026-03-16,GB6922049515,232059.0
OEEF,2026-03-16,GB4272147544,256710.0
OEEF,2026-03-16,GB4883681873,62990.0
OEEF,2026-03-16,DE2058988387,181203.0
OEEF,2026-03-16,DE2188617561,123035.0
OEEF,2026-03-16,DE8240052946,31780.0
OEEF,2026-03-16,DE2296302361,15771.0
OEEF,2026-03-16,DE3565562488,21004.0
OEEF,2026-03-16,DE4219017920,99902.0
OEEF,2026-03-16,DE3263394742,50277.0
OEEF,2026-03-16,DE0240247409,678570.0
OEEF,2026-03-16,NL0596319520,51806.0
OEEF,2026-03-16,NL3561968038,186582.0
OEEF,2026-03-16,NL7847386088,40093.0
OEEF,2026-03-16,NL6941161118,60916.0
OEEF,2026-03-16,NL5479347757,123991.0
OEEF,2026-03-16,NL0787902567,59773.0
OEEF,2026-03-16,NL4737878610,49498.0
OEEF,2026-03-16,NL4404510816,27169.0
OEEF,2026-03-16,IE8257095800,92030.0
OEEF,2026-03-17,GB0630101115,568599.0
OEEF,2026-03-17,GB1244338610,1711170.0
OEEF,2026-03-17,GB5763176813,469731.0
OEEF,2026-03-17,GB8282759830,368328.0
OEEF,2026-03-17,GB8078978300,328607.0
OEEF,2026-03-17,GB6922049515,232059.0
OEEF,2026-03-17,GB4272147544,256710.0
OEEF,2026-03-17,GB4883681873,62990.0
OEEF,2026-03-17,DE2058988387,181203.0
OEEF,2026-03-17,DE2188617561,123035.0
OEEF,2026-03-17,DE8240052946,31780.0
OEEF,2026-03-17,DE2296302361,15771.0
OEEF,2026-03-17,DE3565562488,21004.0
OEEF,2026-03-17,DE4219017920,99902.0
OEEF,2026-03-17,DE3263394742,50277.0
OEEF,2026-03-17,DE0240247409,678570.0
OEEF,2026-03-17,NL0596319520,51806.0
OEEF,2026-03-17,NL3561968038,186582.0
OEEF,2026-03-17,NL7847386088,40093.0
OEEF,2026-03-17,NL6941161118,60916.0
OEEF,2026-03-17,NL5479347757,123991.0
OEEF,2026-03-17,NL0787902567,59773.0
OEEF,2026-03-17,NL4737878610,49498.0
OEEF,2026-03-17,NL4404510816,27169.0
OEEF,2026-03-17,IE8257095800,92030.0
OEEF,2026-03-18,GB0630101115,568599.0
OEEF,2026-03-18,GB1244338610,1711170.0
OEEF,2026-03-18,GB5763176813,469731.0
OEEF,2026-03-18,GB8282759830,368328.0
OEEF,2026-03-18,GB8078978300,328607.0
OEEF,2026-03-18,GB6922049515,232059.0
OEEF,2026-03-18,GB4272147544,256710.0
OEEF,2026-03-18,GB4883681873,62990.0
OEEF,2026-03-18,DE2058988387,181203.0
OEEF,2026-03-18,DE2188617561,123035.0
OEEF,2026-03-18,DE8240052946,31780.0
OEEF,2026-03-18,DE2296302361,15771.0
OEEF,2026-03-18,DE3565562488,21004.0
OEEF,2026-03-18,DE4219017920,99902.0
OEEF,2026-03-18,DE3263394742,50277.0
OEEF,2026-03-18,DE0240247409,678570.0
OEEF,2026-03-18,NL0596319520,51806.0
OEEF,2026-03-18,NL3561968038,186582.0
OEEF,2026-03-18,NL7847386088,40093.0
OEEF,2026-03-18,NL6941161118,60916.0
OEEF,2026-03-18,NL5479347757,123991.0
OEEF,2026-03-18,NL0787902567,59773.0
OEEF,2026-03-18,NL4737878610,49498.0
OEEF,2026-03-18,NL4404510816,27169.0
OEEF,2026-03-18,IE8257095800,92030.0
OEEF,2026-03-19,GB0630101115,568599.0
OEEF,2026-03-19,GB1244338610,1711170.0
OEEF,2026-03-19,GB5763176813,469731.0
OEEF,2026-03-19,GB8282759830,368328.0
OEEF,2026-03-19,GB8078978300,328607.0
OEEF,2026-03-19,GB6922049515,232059.0
OEEF,2026-03-19,GB4272147544,256710.0
OEEF,2026-03-19,GB4883681873,62990.0
OEEF,2026-03-19,DE2058988387,181203.0
OEEF,2026-03-19,DE2188617561,123035.0
OEEF,2026-03-19,DE8240052946,31780.0
OEEF,2026-03-19,DE2296302361,15771.0
OEEF,2026-03-19,DE3565562488,21004.0
OEEF,2026-03-19,DE4219017920,99902.0
OEEF,2026-03-19,DE3263394742,50277.0
OEEF,2026-03-19,DE0240247409,678570.0
OEEF,2026-03-19,NL0596319520,51806.0
OEEF,2026-03-19,NL3561968038,186582.0
OEEF,2026-03-19,NL7847386088,40093.0
OEEF,2026-03-19,NL6941161118,60916.0
OEEF,2026-03-19,NL5479347757,123991.0
OEEF,2026-03-19,NL0787902567,59773.0
OEEF,2026-03-19,NL4737878610,49498.0
OEEF,2026-03-19,NL4404510816,27169.0
OEEF,2026-03-19,IE8257095800,92030.0
OEEF,2026-03-20,GB0630101115,568599.0
OEEF,2026-03-20,GB1244338610,1711170.0
OEEF,2026-03-20,GB5763176813,469731.0
OEEF,2026-03-20,GB8282759830,368328.0
OEEF,2026-03-20,GB8078978300,328607.0
OEEF,2026-03-20,GB6922049515,232059.0
OEEF,2026-03-20,GB4272147544,256710.0
OEEF,2026-03-20,GB4883681873,62990.0
OEEF,2026-03-20,DE2058988387,181203.0
OEEF,2026-03-20,DE2188617561,123035.0
OEEF,2026-03-20,DE8240052946,31780.0
OEEF,2026-03-20,DE2296302361,15771.0
OEEF,2026-03-20,DE3565562488,21004.0
OEEF,2026-03-20,DE4219017920,99902.0
OEEF,2026-03-20,DE3263394742,50277.0
OEEF,2026-03-20,DE0240247409,678570.0
OEEF,2026-03-20,NL0596319520,51806.0
OEEF,2026-03-20,NL3561968038,186582.0
OEEF,2026-03-20,NL7847386088,40093.0
OEEF,2026-03-20,NL6941161118,60916.0
OEEF,2026-03-20,NL5479347757,123991.0
OEEF,2026-03-20,NL0787902567,59773.0
OEEF,2026-03-20,NL4737878610,49498.0
OEEF,2026-03-20,NL4404510816,27169.0
OEEF,2026-03-20,IE8257095800,92030.0
OEEF,2026-03-23,GB0630101115,568599.0
OEEF,2026-03-23,GB1244338610,1711170.0
OEEF,2026-03-23,GB5763176813,469731.0
OEEF,2026-03-23,GB8282759830,368328.0
OEEF,2026-03-23,GB8078978300,328607.0
OEEF,2026-03-23,GB6922049515,232059.0
OEEF,2026-03-23,GB4272147544,256710.0
OEEF,2026-03-23,GB4883681873,62990.0
OEEF,2026-03-23,DE2058988387,181203.0
OEEF,2026-03-23,DE2188617561,123035.0
OEEF,2026-03-23,DE8240052946,31780.0
OEEF,2026-03-23,DE2296302361,15771.0
OEEF,2026-03-23,DE3565562488,21004.0
OEEF,2026-03-23,DE4219017920,99902.0
OEEF,2026-03-23,DE3263394742,50277.0
OEEF,2026-03-23,DE0240247409,678570.0
OEEF,2026-03-23,NL0596319520,51806.0
OEEF,2026-03-23,NL3561968038,186582.0
OEEF,2026-03-23,NL7847386088,40093.0
OEEF,2026-03-23,NL6941161118,60916.0
OEEF,2026-03-23,NL5479347757,123991.0
OEEF,2026-03-23,NL0787902567,59773.0
OEEF,2026-03-23,NL4737878610,49498.0
OEEF,2026-03-23,NL4404510816,27169.0
OEEF,2026-03-23,IE8257095800,92030.0
OEEF,2026-03-24,GB0630101115,568599.0
OEEF,2026-03-24,GB1244338610,1711170.0
OEEF,2026-03-24,GB5763176813,469731.0
OEEF,2026-03-24,GB8282759830,368328.0
OEEF,2026-03-24,GB8078978300,328607.0
OEEF,2026-03-24,GB6922049515,232059.0
OEEF,2026-03-24,GB4272147544,256710.0
OEEF,2026-03-24,GB4883681873,62990.0
OEEF,2026-03-24,DE2058988387,181203.0
OEEF,2026-03-24,DE2188617561,123035.0
OEEF,2026-03-24,DE8240052946,31780.0
OEEF,2026-03-24,DE2296302361,15771.0
OEEF,2026-03-24,DE3565562488,21004.0
OEEF,2026-03-24,DE4219017920,99902.0
OEEF,2026-03-24,DE3263394742,50277.0
OEEF,2026-03-24,DE0240247409,678570.0
OEEF,2026-03-24,NL0596319520,51806.0
OEEF,2026-03-24,NL3561968038,186582.0
OEEF,2026-03-24,NL7847386088,40093.0
OEEF,2026-03-24,NL6941161118,60916.0
OEEF,2026-03-24,NL5479347757,123991.0
OEEF,2026-03-24,NL0787902567,59773.0
OEEF,2026-03-24,NL4737878610,49498.0
OEEF,2026-03-24,NL4404510816,27169.0
OEEF,2026-03-24,IE8257095800,92030.0
OEEF,2026-03-25,GB0630101115,568599.0
OEEF,2026-03-25,GB1244338610,1711170.0
OEEF,2026-03-25,GB5763176813,469731.0
OEEF,2026-03-25,GB8282759830,368328.0
OEEF,2026-03-25,GB8078978300,328607.0
OEEF,2026-03-25,GB6922049515,232059.0
OEEF,2026-03-25,GB4272147544,256710.0
OEEF,2026-03-25,GB4883681873,62990.0
OEEF,2026-03-25,DE2058988387,181203.0
OEEF,2026-03-25,DE2188617561,123035.0
OEEF,2026-03-25,DE8240052946,31780.0
OEEF,2026-03-25,DE2296302361,15771.0
OEEF,2026-03-25,DE3565562488,21004.0
OEEF,2026-03-25,DE4219017920,99902.0
OEEF,2026-03-25,DE3263394742,50277.0
OEEF,2026-03-25,DE0240247409,678570.0
OEEF,2026-03-25,NL0596319520,51806.0
OEEF,2026-03-25,NL3561968038,186582.0
OEEF,2026-03-25,NL7847386088,40093.0
OEEF,2026-03-25,NL6941161118,60916.0
OEEF,2026-03-25,NL5479347757,123991.0
OEEF,2026-03-25,NL0787902567,59773.0
OEEF,2026-03-25,NL4737878610,49498.0
OEEF,2026-03-25,NL4404510816,27169.0
OEEF,2026-03-25,IE8257095800,92030.0
OEEF,2026-03-26,GB0630101115,568599.0
OEEF,2026-03-26,GB1244338610,1711170.0
OEEF,2026-03-26,GB5763176813,469731.0
OEEF,2026-03-26,GB8282759830,368328.0
OEEF,2026-03-26,GB8078978300,328607.0
OEEF,2026-03-26,GB6922049515,232059.0
OEEF,2026-03-26,GB4272147544,256710.0
OEEF,2026-03-26,GB4883681873,62990.0
OEEF,2026-03-26,DE2058988387,181203.0
OEEF,2026-03-26,DE2188617561,123035.0
OEEF,2026-03-26,DE8240052946,31780.0
OEEF,2026-03-26,DE2296302361,15771.0
OEEF,2026-03-26,DE3565562488,21004.0
OEEF,2026-03-26,DE4219017920,99902.0
OEEF,2026-03-26,DE3263394742,50277.0
OEEF,2026-03-26,DE0240247409,678570.0
OEEF,2026-03-26,NL0596319520,51806.0
OEEF,2026-03-26,NL3561968038,186582.0
OEEF,2026-03-26,NL7847386088,40093.0
OEEF,2026-03-26,NL6941161118,60916.0
OEEF,2026-03-26,NL5479347757,123991.0
OEEF,2026-03-26,NL0787902567,59773.0
OEEF,2026-03-26,NL4737878610,49498.0
OEEF,2026-03-26,NL4404510816,27169.0
OEEF,2026-03-26,IE8257095800,92030.0
OEEF,2026-03-27,GB0630101115,568599.0
OEEF,2026-03-27,GB1244338610,1711170.0
OEEF,2026-03-27,GB5763176813,469731.0
OEEF,2026-03-27,GB8282759830,368328.0
OEEF,2026-03-27,GB8078978300,328607.0
OEEF,2026-03-27,GB6922049515,232059.0
OEEF,2026-03-27,GB4272147544,256710.0
OEEF,2026-03-27,GB4883681873,62990.0
OEEF,2026-03-27,DE2058988387,181203.0
OEEF,2026-03-27,DE2188617561,123035.0
OEEF,2026-03-27,DE8240052946,31780.0
OEEF,2026-03-27,DE2296302361,15771.0
OEEF,2026-03-27,DE3565562488,21004.0
OEEF,2026-03-27,DE4219017920,99902.0
OEEF,2026-03-27,DE3263394742,50277.0
OEEF,2026-03-27,DE0240247409,678570.0
OEEF,2026-03-27,NL0596319520,51806.0
OEEF,2026-03-27,NL3561968038,186582.0
OEEF,2026-03-27,NL7847386088,40093.0
OEEF,2026-03-27,NL6941161118,60916.0
OEEF,2026-03-27,NL5479347757,123991.0
OEEF,2026-03-27,NL0787902567,59773.0
OEEF,2026-03-27,NL4737878610,49498.0
OEEF,2026-03-27,NL4404510816,27169.0
OEEF,2026-03-27,IE8257095800,92030.0
OEEF,2026-03-30,GB0630101115,568599.0
OEEF,2026-03-30,GB1244338610,1711170.0
OEEF,2026-03-30,GB5763176813,469731.0
OEEF,2026-03-30,GB8282759830,368328.0
OEEF,2026-03-30,GB8078978300,328607.0
OEEF,2026-03-30,GB6922049515,232059.0
OEEF,2026-03-30,GB4272147544,256710.0
OEEF,2026-03-30,GB4883681873,62990.0
OEEF,2026-03-30,DE2058988387,181203.0
OEEF,2026-03-30,DE2188617561,123035.0
OEEF,2026-03-30,DE8240052946,31780.0
OEEF,2026-03-30,DE2296302361,15771.0
OEEF,2026-03-30,DE3565562488,21004.0
OEEF,2026-03-30,DE4219017920,99902.0
OEEF,2026-03-30,DE3263394742,50277.0
OEEF,2026-03-30,DE0240247409,678570.0
OEEF,2026-03-30,NL0596319520,51806.0
OEEF,2026-03-30,NL3561968038,186582.0
OEEF,2026-03-30,NL7847386088,40093.0
OEEF,2026-03-30,NL6941161118,60916.0
OEEF,2026-03-30,NL5479347757,123991.0
OEEF,2026-03-30,NL0787902567,59773.0
OEEF,2026-03-30,NL4737878610,49498.0
OEEF,2026-03-30,NL4404510816,27169.0
OEEF,2026-03-30,IE8257095800,92030.0
OEEF,2026-03-31,GB0630101115,568599.0
OEEF,2026-03-31,GB1244338610,1711170.0
OEEF,2026-03-31,GB5763176813,469731.0
OEEF,2026-03-31,GB8282759830,368328.0
OEEF,2026-03-31,GB8078978300,328607.0
OEEF,2026-03-31,GB6922049515,232059.0
OEEF,2026-03-31,GB4272147544,256710.0
OEEF,2026-03-31,GB4883681873,62990.0
OEEF,2026-03-31,DE2058988387,181203.0
OEEF,2026-03-31,DE2188617561,123035.0
OEEF,2026-03-31,DE8240052946,33296.0
OEEF,2026-03-31,DE2296302361,15771.0
OEEF,2026-03-31,DE3565562488,21004.0
OEEF,2026-03-31,DE4219017920,96297.0
OEEF,2026-03-31,DE3263394742,50277.0
OEEF,2026-03-31,DE0240247409,678570.0
OEEF,2026-03-31,NL0596319520,49360.0
OEEF,2026-03-31,NL3561968038,186582.0
OEEF,2026-03-31,NL7847386088,40093.0
OEEF,2026-03-31,NL6941161118,60916.0
OEEF,2026-03-31,NL5479347757,123991.0
OEEF,2026-03-31,NL0787902567,59773.0
OEEF,2026-03-31,NL4737878610,49498.0
OEEF,2026-03-31,NL4404510816,27169.0
OEEF,2026-03-31,IE8257095800,92030.0
OEEF,2026-04-01,GB0630101115,568599.0
OEEF,2026-04-01,GB1244338610,1711170.0
OEEF,2026-04-01,GB5763176813,469731.0
OEEF,2026-04-01,GB8282759830,368328.0
OEEF,2026-04-01,GB8078978300,328607.0
OEEF,2026-04-01,GB6922049515,232059.0
OEEF,2026-04-01,GB4272147544,256710.0
OEEF,2026-04-01,GB4883681873,62990.0
OEEF,2026-04-01,DE2058988387,181203.0
OEEF,2026-04-01,DE2188617561,123035.0
OEEF,2026-04-01,DE8240052946,33296.0
OEEF,2026-04-01,DE2296302361,15771.0
OEEF,2026-04-01,DE3565562488,21004.0
OEEF,2026-04-01,DE4219017920,96297.0
OEEF,2026-04-01,DE3263394742,50277.0
OEEF,2026-04-01,DE0240247409,678570.0
OEEF,2026-04-01,NL0596319520,49360.0
OEEF,2026-04-01,NL3561968038,186582.0
OEEF,2026-04-01,NL7847386088,40093.0
OEEF,2026-04-01,NL6941161118,60916.0
OEEF,2026-04-01,NL5479347757,123991.0
OEEF,2026-04-01,NL0787902567,59773.0
OEEF,2026-04-01,NL4737878610,49498.0
OEEF,2026-04-01,NL4404510816,27169.0
OEEF,2026-04-01,IE8257095800,92030.0
OEEF,2026-04-02,GB0630101115,568599.0
OEEF,2026-04-02,GB1244338610,1711170.0
OEEF,2026-04-02,GB5763176813,469731.0
OEEF,2026-04-02,GB8282759830,368328.0
OEEF,2026-04-02,GB8078978300,328607.0
OEEF,2026-04-02,GB6922049515,232059.0
OEEF,2026-04-02,GB4272147544,256710.0
OEEF,2026-04-02,GB4883681873,62990.0
OEEF,2026-04-02,DE2058988387,181203.0
OEEF,2026-04-02,DE2188617561,123035.0
OEEF,2026-04-02,DE8240052946,33296.0
OEEF,2026-04-02,DE2296302361,15771.0
OEEF,2026-04-02,DE3565562488,21004.0
OEEF,2026-04-02,DE4219017920,96297.0
OEEF,2026-04-02,DE3263394742,50277.0
OEEF,2026-04-02,DE0240247409,678570.0
OEEF,2026-04-02,NL0596319520,49360.0
OEEF,2026-04-02,NL3561968038,186582.0
OEEF,2026-04-02,NL7847386088,40093.0
OEEF,2026-04-02,NL6941161118,60916.0
OEEF,2026-04-02,NL5479347757,123991.0
OEEF,2026-04-02,NL0787902567,59773.0
OEEF,2026-04-02,NL4737878610,49498.0
OEEF,2026-04-02,NL4404510816,27169.0
OEEF,2026-04-02,IE8257095800,92030.0
OEEF,2026-04-07,GB0630101115,568599.0
OEEF,2026-04-07,GB1244338610,1711170.0
OEEF,2026-04-07,GB5763176813,469731.0
OEEF,2026-04-07,GB8282759830,368328.0
OEEF,2026-04-07,GB8078978300,328607.0
OEEF,2026-04-07,GB6922049515,232059.0
OEEF,2026-04-07,GB4272147544,256710.0
OEEF,2026-04-07,GB4883681873,62990.0
OEEF,2026-04-07,DE2058988387,181203.0
OEEF,2026-04-07,DE2188617561,123035.0
OEEF,2026-04-07,DE8240052946,33296.0
OEEF,2026-04-07,DE2296302361,15771.0
OEEF,2026-04-07,DE3565562488,21004.0
OEEF,2026-04-07,DE4219017920,96297.0
OEEF,2026-04-07,DE3263394742,50277.0
OEEF,2026-04-07,DE0240247409,678570.0
OEEF,2026-04-07,NL0596319520,49360.0
OEEF,2026-04-07,NL3561968038,186582.0
OEEF,2026-04-07,NL7847386088,40093.0
OEEF,2026-04-07,NL6941161118,60916.0
OEEF,2026-04-07,NL5479347757,123991.0
OEEF,2026-04-07,NL0787902567,59773.0
OEEF,2026-04-07,NL4737878610,49498.0
OEEF,2026-04-07,NL4404510816,27169.0
OEEF,2026-04-07,IE8257095800,92030.0
OEEF,2026-04-08,GB0630101115,568599.0
OEEF,2026-04-08,GB1244338610,1711170.0
OEEF,2026-04-08,GB5763176813,469731.0
OEEF,2026-04-08,GB8282759830,368328.0
OEEF,2026-04-08,GB8078978300,328607.0
OEEF,2026-04-08,GB6922049515,232059.0
OEEF,2026-04-08,GB4272147544,256710.0
OEEF,2026-04-08,GB4883681873,62990.0
OEEF,2026-04-08,DE2058988387,181203.0
OEEF,2026-04-08,DE2188617561,123035.0
OEEF,2026-04-08,DE8240052946,33296.0
OEEF,2026-04-08,DE2296302361,15771.0
OEEF,2026-04-08,DE3565562488,21004.0
OEEF,2026-04-08,DE4219017920,96297.0
OEEF,2026-04-08,DE3263394742,50277.0
OEEF,2026-04-08,DE0240247409,678570.0
OEEF,2026-04-08,NL0596319520,49360.0
OEEF,2026-04-08,NL3561968038,186582.0
OEEF,2026-04-08,NL7847386088,40093.0
OEEF,2026-04-08,NL6941161118,60916.0
OEEF,2026-04-08,NL5479347757,123991.0
OEEF,2026-04-08,NL0787902567,59773.0
OEEF,2026-04-08,NL4737878610,49498.0
OEEF,2026-04-08,NL4404510816,27169.0
OEEF,2026-04-08,IE8257095800,92030.0
OEEF,2026-04-09,GB0630101115,568599.0
OEEF,2026-04-09,GB1244338610,1711170.0
OEEF,2026-04-09,GB5763176813,469731.0
OEEF,2026-04-09,GB8282759830,368328.0
OEEF,2026-04-09,GB8078978300,328607.0
OEEF,2026-04-09,GB6922049515,232059.0
OEEF,2026-04-09,GB4272147544,256710.0
OEEF,2026-04-09,GB4883681873,62990.0
OEEF,2026-04-09,DE2058988387,181203.0
OEEF,2026-04-09,DE2188617561,123035.0
OEEF,2026-04-09,DE8240052946,33296.0
OEEF,2026-04-09,DE2296302361,15771.0
OEEF,2026-04-09,DE3565562488,21004.0
OEEF,2026-04-09,DE4219017920,96297.0
OEEF,2026-04-09,DE3263394742,50277.0
OEEF,2026-04-09,DE0240247409,678570.0
OEEF,2026-04-09,NL0596319520,49360.0
OEEF,2026-04-09,NL3561968038,186582.0
OEEF,2026-04-09,NL7847386088,40093.0
OEEF,2026-04-09,NL6941161118,60916.0
OEEF,2026-04-09,NL5479347757,123991.0
OEEF,2026-04-09,NL0787902567,59773.0
OEEF,2026-04-09,NL4737878610,49498.0
OEEF,2026-04-09,NL4404510816,27169.0
OEEF,2026-04-09,IE8257095800,92030.0
OEEF,2026-04-10,GB0630101115,568599.0
OEEF,2026-04-10,GB1244338610,1711170.0
OEEF,2026-04-10,GB5763176813,469731.0
OEEF,2026-04-10,GB8282759830,368328.0
OEEF,2026-04-10,GB8078978300,328607.0
OEEF,2026-04-10,GB6922049515,232059.0
OEEF,2026-04-10,GB4272147544,256710.0
OEEF,2026-04-10,GB4883681873,62990.0
OEEF,2026-04-10,DE2058988387,181203.0
OEEF,2026-04-10,DE2188617561,123035.0
OEEF,2026-04-10,DE8240052946,33296.0
OEEF,2026-04-10,DE2296302361,15771.0
OEEF,2026-04-10,DE3565562488,21004.0
OEEF,2026-04-10,DE4219017920,96297.0
OEEF,2026-04-10,DE3263394742,50277.0
OEEF,2026-04-10,DE0240247409,678570.0
OEEF,2026-04-10,NL0596319520,49360.0
OEEF,2026-04-10,NL3561968038,186582.0
OEEF,2026-04-10,NL7847386088,40093.0
OEEF,2026-04-10,NL6941161118,60916.0
OEEF,2026-04-10,NL5479347757,123991.0
OEEF,2026-04-10,NL0787902567,59773.0
OEEF,2026-04-10,NL4737878610,49498.0
OEEF,2026-04-10,NL4404510816,27169.0
OEEF,2026-04-10,IE8257095800,92030.0
OEEF,2026-04-13,GB0630101115,568599.0
OEEF,2026-04-13,GB1244338610,1711170.0
OEEF,2026-04-13,GB5763176813,469731.0
OEEF,2026-04-13,GB8282759830,368328.0
OEEF,2026-04-13,GB8078978300,328607.0
OEEF,2026-04-13,GB6922049515,232059.0
OEEF,2026-04-13,GB4272147544,256710.0
OEEF,2026-04-13,GB4883681873,62990.0
OEEF,2026-04-13,DE2058988387,181203.0
OEEF,2026-04-13,DE2188617561,123035.0
OEEF,2026-04-13,DE8240052946,33296.0
OEEF,2026-04-13,DE2296302361,15771.0
OEEF,2026-04-13,DE3565562488,21004.0
OEEF,2026-04-13,DE4219017920,96297.0
OEEF,2026-04-13,DE3263394742,50277.0
OEEF,2026-04-13,DE0240247409,678570.0
OEEF,2026-04-13,NL0596319520,49360.0
OEEF,2026-04-13,NL3561968038,186582.0
OEEF,2026-04-13,NL7847386088,40093.0
OEEF,2026-04-13,NL6941161118,60916.0
OEEF,2026-04-13,NL5479347757,123991.0
OEEF,2026-04-13,NL0787902567,59773.0
OEEF,2026-04-13,NL4737878610,49498.0
OEEF,2026-04-13,NL4404510816,27169.0
OEEF,2026-04-13,IE8257095800,92030.0
OEEF,2026-04-14,GB0630101115,568599.0
OEEF,2026-04-14,GB1244338610,1711170.0
OEEF,2026-04-14,GB5763176813,469731.0
OEEF,2026-04-14,GB8282759830,368328.0
OEEF,2026-04-14,GB8078978300,328607.0
OEEF,2026-04-14,GB6922049515,232059.0
OEEF,2026-04-14,GB4272147544,256710.0
OEEF,2026-04-14,GB4883681873,62990.0
OEEF,2026-04-14,DE2058988387,181203.0
OEEF,2026-04-14,DE2188617561,123035.0
OEEF,2026-04-14,DE8240052946,33296.0
OEEF,2026-04-14,DE2296302361,15771.0
OEEF,2026-04-14,DE3565562488,21004.0
OEEF,2026-04-14,DE4219017920,96297.0
OEEF,2026-04-14,DE3263394742,50277.0
OEEF,2026-04-14,DE0240247409,678570.0
OEEF,2026-04-14,NL0596319520,49360.0
OEEF,2026-04-14,NL3561968038,186582.0
OEEF,2026-04-14,NL7847386088,40093.0
OEEF,2026-04-14,NL6941161118,60916.0
OEEF,2026-04-14,NL5479347757,123991.0
OEEF,2026-04-14,NL0787902567,59773.0
OEEF,2026-04-14,NL4737878610,49498.0
OEEF,2026-04-14,NL4404510816,27169.0
OEEF,2026-04-14,IE8257095800,92030.0
OEEF,2026-04-15,GB0630101115,568599.0
OEEF,2026-04-15,GB1244338610,1711170.0
OEEF,2026-04-15,GB5763176813,469731.0
OEEF,2026-04-15,GB8282759830,368328.0
OEEF,2026-04-15,GB8078978300,328607.0
OEEF,2026-04-15,GB6922049515,232059.0
OEEF,2026-04-15,GB4272147544,256710.0
OEEF,2026-04-15,GB4883681873,62990.0
OEEF,2026-04-15,DE2058988387,181203.0
OEEF,2026-04-15,DE2188617561,123035.0
OEEF,2026-04-15,DE8240052946,33296.0
OEEF,2026-04-15,DE2296302361,15771.0
OEEF,2026-04-15,DE3565562488,21004.0
OEEF,2026-04-15,DE4219017920,96297.0
OEEF,2026-04-15,DE3263394742,50277.0
OEEF,2026-04-15,DE0240247409,678570.0
OEEF,2026-04-15,NL0596319520,49360.0
OEEF,2026-04-15,NL3561968038,186582.0
OEEF,2026-04-15,NL7847386088,40093.0
OEEF,2026-04-15,NL6941161118,60916.0
OEEF,2026-04-15,NL5479347757,123991.0
OEEF,2026-04-15,NL0787902567,59773.0
OEEF,2026-04-15,NL4737878610,49498.0
OEEF,2026-04-15,NL4404510816,27169.0
OEEF,2026-04-15,IE8257095800,92030.0
OEEF,2026-04-16,GB0630101115,568599.0
OEEF,2026-04-16,GB1244338610,1711170.0
OEEF,2026-04-16,GB5763176813,469731.0
OEEF,2026-04-16,GB8282759830,368328.0
OEEF,2026-04-16,GB8078978300,328607.0
OEEF,2026-04-16,GB6922049515,232059.0
OEEF,2026-04-16,GB4272147544,256710.0
OEEF,2026-04-16,GB4883681873,62990.0
OEEF,2026-04-16,DE2058988387,181203.0
OEEF,2026-04-16,DE2188617561,123035.0
OEEF,2026-04-16,DE8240052946,33296.0
OEEF,2026-04-16,DE2296302361,15771.0
OEEF,2026-04-16,DE3565562488,21004.0
OEEF,2026-04-16,DE4219017920,96297.0
OEEF,2026-04-16,DE3263394742,50277.0
OEEF,2026-04-16,DE0240247409,678570.0
OEEF,2026-04-16,NL0596319520,49360.0
OEEF,2026-04-16,NL3561968038,186582.0
OEEF,2026-04-16,NL7847386088,40093.0
OEEF,2026-04-16,NL6941161118,60916.0
OEEF,2026-04-16,NL5479347757,123991.0
OEEF,2026-04-16,NL0787902567,59773.0
OEEF,2026-04-16,NL4737878610,49498.0
OEEF,2026-04-16,NL4404510816,27169.0
OEEF,2026-04-16,IE8257095800,92030.0
OEEF,2026-04-17,GB0630101115,568599.0
OEEF,2026-04-17,GB1244338610,1711170.0
OEEF,2026-04-17,GB5763176813,469731.0
OEEF,2026-04-17,GB8282759830,368328.0
OEEF,2026-04-17,GB8078978300,328607.0
OEEF,2026-04-17,GB6922049515,232059.0
OEEF,2026-04-17,GB4272147544,256710.0
OEEF,2026-04-17,GB4883681873,62990.0
OEEF,2026-04-17,DE2058988387,181203.0
OEEF,2026-04-17,DE2188617561,123035.0
OEEF,2026-04-17,DE8240052946,33296.0
OEEF,2026-04-17,DE2296302361,15771.0
OEEF,2026-04-17,DE3565562488,21004.0
OEEF,2026-04-17,DE4219017920,96297.0
OEEF,2026-04-17,DE3263394742,50277.0
OEEF,2026-04-17,DE0240247409,678570.0
OEEF,2026-04-17,NL0596319520,49360.0
OEEF,2026-04-17,NL3561968038,186582.0
OEEF,2026-04-17,NL7847386088,40093.0
OEEF,2026-04-17,NL6941161118,60916.0
OEEF,2026-04-17,NL5479347757,123991.0
OEEF,2026-04-17,NL0787902567,59773.0
OEEF,2026-04-17,NL4737878610,49498.0
OEEF,2026-04-17,NL4404510816,27169.0
OEEF,2026-04-17,IE8257095800,92030.0
OEEF,2026-04-20,GB0630101115,568599.0
OEEF,2026-04-20,GB1244338610,1711170.0
OEEF,2026-04-20,GB5763176813,469731.0
OEEF,2026-04-20,GB8282759830,368328.0
OEEF,2026-04-20,GB8078978300,328607.0
OEEF,2026-04-20,GB6922049515,232059.0
OEEF,2026-04-20,GB4272147544,256710.0
OEEF,2026-04-20,GB4883681873,62990.0
OEEF,2026-04-20,DE2058988387,181203.0
OEEF,2026-04-20,DE2188617561,123035.0
OEEF,2026-04-20,DE8240052946,33296.0
OEEF,2026-04-20,DE2296302361,15771.0
OEEF,2026-04-20,DE3565562488,21004.0
OEEF,2026-04-20,DE4219017920,96297.0
OEEF,2026-04-20,DE3263394742,50277.0
OEEF,2026-04-20,DE0240247409,678570.0
OEEF,2026-04-20,NL0596319520,49360.0
OEEF,2026-04-20,NL3561968038,186582.0
OEEF,2026-04-20,NL7847386088,40093.0
OEEF,2026-04-20,NL6941161118,60916.0
OEEF,2026-04-20,NL5479347757,123991.0
OEEF,2026-04-20,NL0787902567,59773.0
OEEF,2026-04-20,NL4737878610,49498.0
OEEF,2026-04-20,NL4404510816,27169.0
OEEF,2026-04-20,IE8257095800,92030.0
OEEF,2026-04-21,GB0630101115,568599.0
OEEF,2026-04-21,GB1244338610,1711170.0
OEEF,2026-04-21,GB5763176813,469731.0
OEEF,2026-04-21,GB8282759830,368328.0
OEEF,2026-04-21,GB8078978300,328607.0
OEEF,2026-04-21,GB6922049515,232059.0
OEEF,2026-04-21,GB4272147544,256710.0
OEEF,2026-04-21,GB4883681873,62990.0
OEEF,2026-04-21,DE2058988387,181203.0
OEEF,2026-04-21,DE2188617561,123035.0
OEEF,2026-04-21,DE8240052946,33296.0
OEEF,2026-04-21,DE2296302361,15771.0
OEEF,2026-04-21,DE3565562488,21004.0
OEEF,2026-04-21,DE4219017920,96297.0
OEEF,2026-04-21,DE3263394742,50277.0
OEEF,2026-04-21,DE0240247409,678570.0
OEEF,2026-04-21,NL0596319520,49360.0
OEEF,2026-04-21,NL3561968038,186582.0
OEEF,2026-04-21,NL7847386088,40093.0
OEEF,2026-04-21,NL6941161118,60916.0
OEEF,2026-04-21,NL5479347757,123991.0
OEEF,2026-04-21,NL0787902567,59773.0
OEEF,2026-04-21,NL4737878610,49498.0
OEEF,2026-04-21,NL4404510816,27169.0
OEEF,2026-04-21,IE8257095800,92030.0
OEEF,2026-04-22,GB0630101115,568599.0
OEEF,2026-04-22,GB1244338610,1711170.0
OEEF,2026-04-22,GB5763176813,469731.0
OEEF,2026-04-22,GB8282759830,368328.0
OEEF,2026-04-22,GB8078978300,328607.0
OEEF,2026-04-22,GB6922049515,232059.0
OEEF,2026-04-22,GB4272147544,256710.0
OEEF,2026-04-22,GB4883681873,62990.0
OEEF,2026-04-22,DE2058988387,181203.0
OEEF,2026-04-22,DE2188617561,123035.0
OEEF,2026-04-22,DE8240052946,33296.0
OEEF,2026-04-22,DE2296302361,15771.0
OEEF,2026-04-22,DE3565562488,21004.0
OEEF,2026-04-22,DE4219017920,96297.0
OEEF,2026-04-22,DE3263394742,50277.0
OEEF,2026-04-22,DE0240247409,678570.0
OEEF,2026-04-22,NL0596319520,49360.0
OEEF,2026-04-22,NL3561968038,186582.0
OEEF,2026-04-22,NL7847386088,40093.0
OEEF,2026-04-22,NL6941161118,60916.0
OEEF,2026-04-22,NL5479347757,123991.0
OEEF,2026-04-22,NL0787902567,59773.0
OEEF,2026-04-22,NL4737878610,49498.0
OEEF,2026-04-22,NL4404510816,27169.0
OEEF,2026-04-22,IE8257095800,92030.0
OEEF,2026-04-23,GB0630101115,568599.0
OEEF,2026-04-23,GB1244338610,1711170.0
OEEF,2026-04-23,GB5763176813,469731.0
OEEF,2026-04-23,GB8282759830,368328.0
OEEF,2026-04-23,GB8078978300,328607.0
OEEF,2026-04-23,GB6922049515,232059.0
OEEF,2026-04-23,GB4272147544,256710.0
OEEF,2026-04-23,GB4883681873,62990.0
OEEF,2026-04-23,DE2058988387,181203.0
OEEF,2026-04-23,DE2188617561,123035.0
OEEF,2026-04-23,DE8240052946,33296.0
OEEF,2026-04-23,DE2296302361,15771.0
OEEF,2026-04-23,DE3565562488,21004.0
OEEF,2026-04-23,DE4219017920,96297.0
OEEF,2026-04-23,DE3263394742,50277.0
OEEF,2026-04-23,DE0240247409,678570.0
OEEF,2026-04-23,NL0596319520,49360.0
OEEF,2026-04-23,NL3561968038,186582.0
OEEF,2026-04-23,NL7847386088,40093.0
OEEF,2026-04-23,NL6941161118,60916.0
OEEF,2026-04-23,NL5479347757,123991.0
OEEF,2026-04-23,NL0787902567,59773.0
OEEF,2026-04-23,NL4737878610,49498.0
OEEF,2026-04-23,NL4404510816,27169.0
OEEF,2026-04-23,IE8257095800,92030.0
OEEF,2026-04-24,GB0630101115,568599.0
OEEF,2026-04-24,GB1244338610,1711170.0
OEEF,2026-04-24,GB5763176813,469731.0
OEEF,2026-04-24,GB8282759830,368328.0
OEEF,2026-04-24,GB8078978300,328607.0
OEEF,2026-04-24,GB6922049515,232059.0
OEEF,2026-04-24,GB4272147544,256710.0
OEEF,2026-04-24,GB4883681873,62990.0
OEEF,2026-04-24,DE2058988387,181203.0
OEEF,2026-04-24,DE2188617561,123035.0
OEEF,2026-04-24,DE8240052946,33296.0
OEEF,2026-04-24,DE2296302361,15771.0
OEEF,2026-04-24,DE3565562488,21004.0
OEEF,2026-04-24,DE4219017920,96297.0
OEEF,2026-04-24,DE3263394742,50277.0
OEEF,2026-04-24,DE0240247409,678570.0
OEEF,2026-04-24,NL0596319520,49360.0
OEEF,2026-04-24,NL3561968038,186582.0
OEEF,2026-04-24,NL7847386088,40093.0
OEEF,2026-04-24,NL6941161118,60916.0
OEEF,2026-04-24,NL5479347757,123991.0
OEEF,2026-04-24,NL0787902567,59773.0
OEEF,2026-04-24,NL4737878610,49498.0
OEEF,2026-04-24,NL4404510816,27169.0
OEEF,2026-04-24,IE8257095800,92030.0
OEEF,2026-04-27,GB0630101115,568599.0
OEEF,2026-04-27,GB1244338610,1711170.0
OEEF,2026-04-27,GB5763176813,469731.0
OEEF,2026-04-27,GB8282759830,368328.0
OEEF,2026-04-27,GB8078978300,328607.0
OEEF,2026-04-27,GB6922049515,232059.0
OEEF,2026-04-27,GB4272147544,256710.0
OEEF,2026-04-27,GB4883681873,62990.0
OEEF,2026-04-27,DE2058988387,181203.0
OEEF,2026-04-27,DE2188617561,123035.0
OEEF,2026-04-27,DE8240052946,33296.0
OEEF,2026-04-27,DE2296302361,15771.0
OEEF,2026-04-27,DE3565562488,21004.0
OEEF,2026-04-27,DE4219017920,96297.0
OEEF,2026-04-27,DE3263394742,50277.0
OEEF,2026-04-27,DE0240247409,678570.0
OEEF,2026-04-27,NL0596319520,49360.0
OEEF,2026-04-27,NL3561968038,186582.0
OEEF,2026-04-27,NL7847386088,40093.0
OEEF,2026-04-27,NL6941161118,60916.0
OEEF,2026-04-27,NL5479347757,123991.0
OEEF,2026-04-27,NL0787902567,59773.0
OEEF,2026-04-27,NL4737878610,49498.0
OEEF,2026-04-27,NL4404510816,27169.0
OEEF,2026-04-27,IE8257095800,92030.0
OEEF,2026-04-28,GB0630101115,568599.0
OEEF,2026-04-28,GB1244338610,1711170.0
OEEF,2026-04-28,GB5763176813,469731.0
OEEF,2026-04-28,GB8282759830,368328.0
OEEF,2026-04-28,GB8078978300,328607.0
OEEF,2026-04-28,GB6922049515,232059.0
OEEF,2026-04-28,GB4272147544,256710.0
OEEF,2026-04-28,GB4883681873,62990.0
OEEF,2026-04-28,DE2058988387,181203.0
OEEF,2026-04-28,DE2188617561,123035.0
OEEF,2026-04-28,DE8240052946,33296.0
OEEF,2026-04-28,DE2296302361,15771.0
OEEF,2026-04-28,DE3565562488,21004.0
OEEF,2026-04-28,DE4219017920,96297.0
OEEF,2026-04-28,DE3263394742,50277.0
OEEF,2026-04-28,DE0240247409,678570.0
OEEF,2026-04-28,NL0596319520,49360.0
OEEF,2026-04-28,NL3561968038,186582.0
OEEF,2026-04-28,NL7847386088,40093.0
OEEF,2026-04-28,NL6941161118,60916.0
OEEF,2026-04-28,NL5479347757,123991.0
OEEF,2026-04-28,NL0787902567,59773.0
OEEF,2026-04-28,NL4737878610,49498.0
OEEF,2026-04-28,NL4404510816,27169.0
OEEF,2026-04-28,IE8257095800,92030.0
OEEF,2026-04-29,GB0630101115,568599.0
OEEF,2026-04-29,GB1244338610,1711170.0
OEEF,2026-04-29,GB5763176813,469731.0
OEEF,2026-04-29,GB8282759830,368328.0
OEEF,2026-04-29,GB8078978300,328607.0
OEEF,2026-04-29,GB6922049515,232059.0
OEEF,2026-04-29,GB4272147544,256710.0
OEEF,2026-04-29,GB4883681873,62990.0
OEEF,2026-04-29,DE2058988387,181203.0
OEEF,2026-04-29,DE2188617561,123035.0
OEEF,2026-04-29,DE8240052946,33296.0
OEEF,2026-04-29,DE2296302361,15771.0
OEEF,2026-04-29,DE3565562488,21004.0
OEEF,2026-04-29,DE4219017920,96297.0
OEEF,2026-04-29,DE3263394742,50277.0
OEEF,2026-04-29,DE0240247409,678570.0
OEEF,2026-04-29,NL0596319520,49360.0
OEEF,2026-04-29,NL3561968038,186582.0
OEEF,2026-04-29,NL7847386088,40093.0
OEEF,2026-04-29,NL6941161118,60916.0
OEEF,2026-04-29,NL5479347757,123991.0
OEEF,2026-04-29,NL0787902567,59773.0
OEEF,2026-04-29,NL4737878610,49498.0
OEEF,2026-04-29,NL4404510816,27169.0
OEEF,2026-04-29,IE8257095800,92030.0
OEEF,2026-04-30,GB0630101115,568599.0
OEEF,2026-04-30,GB1244338610,1711170.0
OEEF,2026-04-30,GB5763176813,469731.0
OEEF,2026-04-30,GB8282759830,368328.0
OEEF,2026-04-30,GB8078978300,328607.0
OEEF,2026-04-30,GB6922049515,232059.0
OEEF,2026-04-30,GB4272147544,256710.0
OEEF,2026-04-30,GB4883681873,62990.0
OEEF,2026-04-30,DE2058988387,181203.0
OEEF,2026-04-30,DE2188617561,123035.0
OEEF,2026-04-30,DE8240052946,33296.0
OEEF,2026-04-30,DE2296302361,15771.0
OEEF,2026-04-30,DE3565562488,21004.0
OEEF,2026-04-30,DE4219017920,96297.0
OEEF,2026-04-30,DE3263394742,50277.0
OEEF,2026-04-30,DE0240247409,678570.0
OEEF,2026-04-30,NL0596319520,49360.0
OEEF,2026-04-30,NL3561968038,186582.0
OEEF,2026-04-30,NL7847386088,40093.0
OEEF,2026-04-30,NL6941161118,60916.0
OEEF,2026-04-30,NL5479347757,123991.0
OEEF,2026-04-30,NL0787902567,59773.0
OEEF,2026-04-30,NL4737878610,49498.0
OEEF,2026-04-30,NL4404510816,27169.0
OEEF,2026-04-30,IE8257095800,92030.0
OEEF,2026-05-04,GB0630101115,568599.0
OEEF,2026-05-04,GB1244338610,1711170.0
OEEF,2026-05-04,GB5763176813,469731.0
OEEF,2026-05-04,GB8282759830,368328.0
OEEF,2026-05-04,GB8078978300,328607.0
OEEF,2026-05-04,GB6922049515,252073.0
OEEF,2026-05-04,GB4272147544,256710.0
OEEF,2026-05-04,GB4883681873,62990.0
OEEF,2026-05-04,DE2058988387,181203.0
OEEF,2026-05-04,DE2188617561,123035.0
OEEF,2026-05-04,DE8240052946,33296.0
OEEF,2026-05-04,DE2296302361,15771.0
OEEF,2026-05-04,DE3565562488,19222.0
OEEF,2026-05-04,DE4219017920,96297.0
OEEF,2026-05-04,DE3263394742,50277.0
OEEF,2026-05-04,DE0240247409,678570.0
OEEF,2026-05-04,NL0596319520,49360.0
OEEF,2026-05-04,NL3561968038,186582.0
OEEF,2026-05-04,NL7847386088,43613.0
OEEF,2026-05-04,NL6941161118,60916.0
OEEF,2026-05-04,NL5479347757,123991.0
OEEF,2026-05-04,NL0787902567,59773.0
OEEF,2026-05-04,NL4737878610,49498.0
OEEF,2026-05-04,NL4404510816,27169.0
OEEF,2026-05-04,IE8257095800,92030.0
OEEF,2026-05-05,GB0630101115,568599.0
OEEF,2026-05-05,GB1244338610,1711170.0
OEEF,2026-05-05,GB5763176813,469731.0
OEEF,2026-05-05,GB8282759830,368328.0
OEEF,2026-05-05,GB8078978300,328607.0
OEEF,2026-05-05,GB6922049515,252073.0
OEEF,2026-05-05,GB4272147544,256710.0
OEEF,2026-05-05,GB4883681873,62990.0
OEEF,2026-05-05,DE2058988387,181203.0
OEEF,2026-05-05,DE2188617561,123035.0
OEEF,2026-05-05,DE8240052946,33296.0
OEEF,2026-05-05,DE2296302361,15771.0
OEEF,2026-05-05,DE3565562488,19222.0
OEEF,2026-05-05,DE4219017920,96297.0
OEEF,2026-05-05,DE3263394742,50277.0
OEEF,2026-05-05,DE0240247409,678570.0
OEEF,2026-05-05,NL0596319520,49360.0
OEEF,2026-05-05,NL3561968038,186582.0
OEEF,2026-05-05,NL7847386088,43613.0
OEEF,2026-05-05,NL6941161118,60916.0
OEEF,2026-05-05,NL5479347757,123991.0
OEEF,2026-05-05,NL0787902567,59773.0
OEEF,2026-05-05,NL4737878610,49498.0
OEEF,2026-05-05,NL4404510816,27169.0
OEEF,2026-05-05,IE8257095800,92030.0
OEEF,2026-05-06,GB0630101115,568599.0
OEEF,2026-05-06,GB1244338610,1711170.0
OEEF,2026-05-06,GB5763176813,469731.0
OEEF,2026-05-06,GB8282759830,368328.0
OEEF,2026-05-06,GB8078978300,328607.0
OEEF,2026-05-06,GB6922049515,252073.0
OEEF,2026-05-06,GB4272147544,256710.0
OEEF,2026-05-06,GB4883681873,62990.0
OEEF,2026-05-06,DE2058988387,181203.0
OEEF,2026-05-06,DE2188617561,123035.0
OEEF,2026-05-06,DE8240052946,33296.0
OEEF,2026-05-06,DE2296302361,15771.0
OEEF,2026-05-06,DE3565562488,19222.0
OEEF,2026-05-06,DE4219017920,96297.0
OEEF,2026-05-06,DE3263394742,50277.0
OEEF,2026-05-06,DE0240247409,678570.0
OEEF,2026-05-06,NL0596319520,49360.0
OEEF,2026-05-06,NL3561968038,186582.0
OEEF,2026-05-06,NL7847386088,43613.0
OEEF,2026-05-06,NL6941161118,60916.0
OEEF,2026-05-06,NL5479347757,123991.0
OEEF,2026-05-06,NL0787902567,59773.0
OEEF,2026-05-06,NL4737878610,49498.0
OEEF,2026-05-06,NL4404510816,27169.0
OEEF,2026-05-06,IE8257095800,92030.0
OEEF,2026-05-07,GB0630101115,568599.0
OEEF,2026-05-07,GB1244338610,1711170.0
OEEF,2026-05-07,GB5763176813,469731.0
OEEF,2026-05-07,GB8282759830,368328.0
OEEF,2026-05-07,GB8078978300,328607.0
OEEF,2026-05-07,GB6922049515,252073.0
OEEF,2026-05-07,GB4272147544,256710.0
OEEF,2026-05-07,GB4883681873,62990.0
OEEF,2026-05-07,DE2058988387,181203.0
OEEF,2026-05-07,DE2188617561,123035.0
OEEF,2026-05-07,DE8240052946,33296.0
OEEF,2026-05-07,DE2296302361,15771.0
OEEF,2026-05-07,DE3565562488,19222.0
OEEF,2026-05-07,DE4219017920,96297.0
OEEF,2026-05-07,DE3263394742,50277.0
OEEF,2026-05-07,DE0240247409,678570.0
OEEF,2026-05-07,NL0596319520,49360.0
OEEF,2026-05-07,NL3561968038,186582.0
OEEF,2026-05-07,NL7847386088,43613.0
OEEF,2026-05-07,NL6941161118,60916.0
OEEF,2026-05-07,NL5479347757,123991.0
OEEF,2026-05-07,NL0787902567,59773.0
OEEF,2026-05-07,NL4737878610,49498.0
OEEF,2026-05-07,NL4404510816,27169.0
OEEF,2026-05-07,IE8257095800,92030.0
OEEF,2026-05-08,GB0630101115,568599.0
OEEF,2026-05-08,GB1244338610,1711170.0
OEEF,2026-05-08,GB5763176813,469731.0
OEEF,2026-05-08,GB8282759830,368328.0
OEEF,2026-05-08,GB8078978300,328607.0
OEEF,2026-05-08,GB6922049515,252073.0
OEEF,2026-05-08,GB4272147544,256710.0
OEEF,2026-05-08,GB4883681873,62990.0
OEEF,2026-05-08,DE2058988387,181203.0
OEEF,2026-05-08,DE2188617561,123035.0
OEEF,2026-05-08,DE8240052946,33296.0
OEEF,2026-05-08,DE2296302361,15771.0
OEEF,2026-05-08,DE3565562488,19222.0
OEEF,2026-05-08,DE4219017920,96297.0
OEEF,2026-05-08,DE3263394742,50277.0
OEEF,2026-05-08,DE0240247409,678570.0
OEEF,2026-05-08,NL0596319520,49360.0
OEEF,2026-05-08,NL3561968038,186582.0
OEEF,2026-05-08,NL7847386088,43613.0
OEEF,2026-05-08,NL6941161118,60916.0
OEEF,2026-05-08,NL5479347757,123991.0
OEEF,2026-05-08,NL0787902567,59773.0
OEEF,2026-05-08,NL4737878610,49498.0
OEEF,2026-05-08,NL4404510816,27169.0
OEEF,2026-05-08,IE8257095800,92030.0
OEEF,2026-05-11,GB0630101115,568599.0
OEEF,2026-05-11,GB1244338610,1711170.0
OEEF,2026-05-11,GB5763176813,469731.0
OEEF,2026-05-11,GB8282759830,368328.0
OEEF,2026-05-11,GB8078978300,328607.0
OEEF,2026-05-11,GB6922049515,252073.0
OEEF,2026-05-11,GB4272147544,256710.0
OEEF,2026-05-11,GB4883681873,62990.0
OEEF,2026-05-11,DE2058988387,181203.0
OEEF,2026-05-11,DE2188617561,123035.0
OEEF,2026-05-11,DE8240052946,33296.0
OEEF,2026-05-11,DE2296302361,15771.0
OEEF,2026-05-11,DE3565562488,19222.0
OEEF,2026-05-11,DE4219017920,96297.0
OEEF,2026-05-11,DE3263394742,50277.0
OEEF,2026-05-11,DE0240247409,678570.0
OEEF,2026-05-11,NL8794770442,49360.0
OEEF,2026-05-11,NL3561968038,186582.0
OEEF,2026-05-11,NL7847386088,43613.0
OEEF,2026-05-11,NL6941161118,60916.0
OEEF,2026-05-11,NL5479347757,123991.0
OEEF,2026-05-11,NL0787902567,59773.0
OEEF,2026-05-11,NL4737878610,49498.0
OEEF,2026-05-11,NL4404510816,27169.0
OEEF,2026-05-11,IE8257095800,92030.0
OEEF,2026-05-12,GB0630101115,568599.0
OEEF,2026-05-12,GB1244338610,1711170.0
OEEF,2026-05-12,GB5763176813,469731.0
OEEF,2026-05-12,GB8282759830,368328.0
OEEF,2026-05-12,GB8078978300,328607.0
OEEF,2026-05-12,GB6922049515,252073.0
OEEF,2026-05-12,GB4272147544,256710.0
OEEF,2026-05-12,GB4883681873,62990.0
OEEF,2026-05-12,DE2058988387,181203.0
OEEF,2026-05-12,DE2188617561,123035.0
OEEF,2026-05-12,DE8240052946,33296.0
OEEF,2026-05-12,DE2296302361,15771.0
OEEF,2026-05-12,DE3565562488,19222.0
OEEF,2026-05-12,DE4219017920,96297.0
OEEF,2026-05-12,DE3263394742,50277.0
OEEF,2026-05-12,DE0240247409,678570.0
OEEF,2026-05-12,NL8794770442,49360.0
OEEF,2026-05-12,NL3561968038,186582.0
OEEF,2026-05-12,NL7847386088,43613.0
OEEF,2026-05-12,NL6941161118,60916.0
OEEF,2026-05-12,NL5479347757,123991.0
OEEF,2026-05-12,NL0787902567,59773.0
OEEF,2026-05-12,NL4737878610,49498.0
OEEF,2026-05-12,NL4404510816,27169.0
OEEF,2026-05-12,IE8257095800,92030.0
OEEF,2026-05-13,GB0630101115,568599.0
OEEF,2026-05-13,GB1244338610,1711170.0
OEEF,2026-05-13,GB5763176813,469731.0
OEEF,2026-05-13,GB8282759830,368328.0
OEEF,2026-05-13,GB8078978300,328607.0
OEEF,2026-05-13,GB6922049515,252073.0
OEEF,2026-05-13,GB4272147544,256710.0
OEEF,2026-05-13,GB4883681873,62990.0
OEEF,2026-05-13,DE2058988387,181203.0
OEEF,2026-05-13,DE2188617561,123035.0
OEEF,2026-05-13,DE8240052946,33296.0
OEEF,2026-05-13,DE2296302361,15771.0
OEEF,2026-05-13,DE3565562488,19222.0
OEEF,2026-05-13,DE4219017920,96297.0
OEEF,2026-05-13,DE3263394742,50277.0
OEEF,2026-05-13,DE0240247409,678570.0
OEEF,2026-05-13,NL8794770442,49360.0
OEEF,2026-05-13,NL3561968038,186582.0
OEEF,2026-05-13,NL7847386088,43613.0
OEEF,2026-05-13,NL6941161118,60916.0
OEEF,2026-05-13,NL5479347757,123991.0
OEEF,2026-05-13,NL0787902567,59773.0
OEEF,2026-05-13,NL4737878610,49498.0
OEEF,2026-05-13,NL4404510816,27169.0
OEEF,2026-05-13,IE8257095800,92030.0
OEEF,2026-05-14,GB0630101115,568599.0
OEEF,2026-05-14,GB1244338610,1711170.0
OEEF,2026-05-14,GB5763176813,469731.0
OEEF,2026-05-14,GB8282759830,368328.0
OEEF,2026-05-14,GB8078978300,328607.0
OEEF,2026-05-14,GB6922049515,252073.0
OEEF,2026-05-14,GB4272147544,256710.0
OEEF,2026-05-14,GB4883681873,62990.0
OEEF,2026-05-14,DE2058988387,181203.0
OEEF,2026-05-14,DE2188617561,123035.0
OEEF,2026-05-14,DE8240052946,33296.0
OEEF,2026-05-14,DE2296302361,15771.0
OEEF,2026-05-14,DE3565562488,19222.0
OEEF,2026-05-14,DE4219017920,96297.0
OEEF,2026-05-14,DE3263394742,50277.0
OEEF,2026-05-14,DE0240247409,678570.0
OEEF,2026-05-14,NL8794770442,49360.0
OEEF,2026-05-14,NL3561968038,186582.0
OEEF,2026-05-14,NL7847386088,43613.0
OEEF,2026-05-14,NL6941161118,60916.0
OEEF,2026-05-14,NL5479347757,123991.0
OEEF,2026-05-14,NL0787902567,59773.0
OEEF,2026-05-14,NL4737878610,49498.0
OEEF,2026-05-14,NL4404510816,27169.0
OEEF,2026-05-14,IE8257095800,92030.0
OEEF,2026-05-15,GB0630101115,568599.0
OEEF,2026-05-15,GB1244338610,1711170.0
OEEF,2026-05-15,GB5763176813,469731.0
OEEF,2026-05-15,GB8282759830,368328.0
OEEF,2026-05-15,GB8078978300,328607.0
OEEF,2026-05-15,GB6922049515,252073.0
OEEF,2026-05-15,GB4272147544,256710.0
OEEF,2026-05-15,GB4883681873,62990.0
OEEF,2026-05-15,DE2058988387,181203.0
OEEF,2026-05-15,DE2188617561,123035.0
OEEF,2026-05-15,DE8240052946,33296.0
OEEF,2026-05-15,DE2296302361,15771.0
OEEF,2026-05-15,DE3565562488,19222.0
OEEF,2026-05-15,DE4219017920,96297.0
OEEF,2026-05-15,DE3263394742,50277.0
OEEF,2026-05-15,DE0240247409,678570.0
OEEF,2026-05-15,NL8794770442,49360.0
OEEF,2026-05-15,NL3561968038,186582.0
OEEF,2026-05-15,NL7847386088,43613.0
OEEF,2026-05-15,NL6941161118,60916.0
OEEF,2026-05-15,NL5479347757,123991.0
OEEF,2026-05-15,NL0787902567,59773.0
OEEF,2026-05-15,NL4737878610,49498.0
OEEF,2026-05-15,NL4404510816,27169.0
OEEF,2026-05-15,IE8257095800,92030.0
OEEF,2026-05-18,GB0630101115,568599.0
OEEF,2026-05-18,GB1244338610,1711170.0
OEEF,2026-05-18,GB5763176813,469731.0
OEEF,2026-05-18,GB8282759830,368328.0
OEEF,2026-05-18,GB8078978300,328607.0
OEEF,2026-05-18,GB6922049515,252073.0
OEEF,2026-05-18,GB4272147544,256710.0
OEEF,2026-05-18,GB4883681873,62990.0
OEEF,2026-05-18,DE2058988387,181203.0
OEEF,2026-05-18,DE2188617561,123035.0
OEEF,2026-05-18,DE8240052946,33296.0
OEEF,2026-05-18,DE2296302361,15771.0
OEEF,2026-05-18,DE3565562488,19222.0
OEEF,2026-05-18,DE4219017920,96297.0
OEEF,2026-05-18,DE3263394742,50277.0
OEEF,2026-05-18,DE0240247409,678570.0
OEEF,2026-05-18,NL8794770442,49360.0
OEEF,2026-05-18,NL3561968038,186582.0
OEEF,2026-05-18,NL7847386088,43613.0
OEEF,2026-05-18,NL6941161118,60916.0
OEEF,2026-05-18,NL5479347757,123991.0
OEEF,2026-05-18,NL0787902567,59773.0
OEEF,2026-05-18,NL4737878610,49498.0
OEEF,2026-05-18,NL4404510816,27169.0
OEEF,2026-05-18,IE8257095800,92030.0
OEEF,2026-05-19,GB0630101115,568599.0
OEEF,2026-05-19,GB1244338610,1711170.0
OEEF,2026-05-19,GB5763176813,469731.0
OEEF,2026-05-19,GB8282759830,368328.0
OEEF,2026-05-19,GB8078978300,328607.0
OEEF,2026-05-19,GB6922049515,252073.0
OEEF,2026-05-19,GB4272147544,256710.0
OEEF,2026-05-19,GB4883681873,62990.0
OEEF,2026-05-19,DE2058988387,181203.0
OEEF,2026-05-19,DE2188617561,123035.0
OEEF,2026-05-19,DE8240052946,33296.0
OEEF,2026-05-19,DE2296302361,15771.0
OEEF,2026-05-19,DE3565562488,19222.0
OEEF,2026-05-19,DE4219017920,96297.0
OEEF,2026-05-19,DE3263394742,50277.0
OEEF,2026-05-19,DE0240247409,678570.0
OEEF,2026-05-19,NL8794770442,49360.0
OEEF,2026-05-19,NL3561968038,186582.0
OEEF,2026-05-19,NL7847386088,43613.0
OEEF,2026-05-19,NL6941161118,60916.0
OEEF,2026-05-19,NL5479347757,123991.0
OEEF,2026-05-19,NL0787902567,59773.0
OEEF,2026-05-19,NL4737878610,49498.0
OEEF,2026-05-19,NL4404510816,27169.0
OEEF,2026-05-19,IE8257095800,92030.0
OEEF,2026-05-20,GB0630101115,568599.0
OEEF,2026-05-20,GB1244338610,1711170.0
OEEF,2026-05-20,GB5763176813,469731.0
OEEF,2026-05-20,GB8282759830,368328.0
OEEF,2026-05-20,GB8078978300,328607.0
OEEF,2026-05-20,GB6922049515,252073.0
OEEF,2026-05-20,GB4272147544,256710.0
OEEF,2026-05-20,GB4883681873,62990.0
OEEF,2026-05-20,DE2058988387,181203.0
OEEF,2026-05-20,DE2188617561,123035.0
OEEF,2026-05-20,DE8240052946,33296.0
OEEF,2026-05-20,DE2296302361,15771.0
OEEF,2026-05-20,DE3565562488,19222.0
OEEF,2026-05-20,DE4219017920,96297.0
OEEF,2026-05-20,DE3263394742,50277.0
OEEF,2026-05-20,DE0240247409,678570.0
OEEF,2026-05-20,NL8794770442,49360.0
OEEF,2026-05-20,NL3561968038,186582.0
OEEF,2026-05-20,NL7847386088,43613.0
OEEF,2026-05-20,NL6941161118,60916.0
OEEF,2026-05-20,NL5479347757,123991.0
OEEF,2026-05-20,NL0787902567,59773.0
OEEF,2026-05-20,NL4737878610,49498.0
OEEF,2026-05-20,NL4404510816,27169.0
OEEF,2026-05-20,IE8257095800,92030.0
OEEF,2026-05-21,GB0630101115,568599.0
OEEF,2026-05-21,GB1244338610,1711170.0
OEEF,2026-05-21,GB5763176813,469731.0
OEEF,2026-05-21,GB8282759830,368328.0
OEEF,2026-05-21,GB8078978300,328607.0
OEEF,2026-05-21,GB6922049515,252073.0
OEEF,2026-05-21,GB4272147544,256710.0
OEEF,2026-05-21,GB4883681873,62990.0
OEEF,2026-05-21,DE2058988387,181203.0
OEEF,2026-05-21,DE2188617561,123035.0
OEEF,2026-05-21,DE8240052946,33296.0
OEEF,2026-05-21,DE2296302361,15771.0
OEEF,2026-05-21,DE3565562488,19222.0
OEEF,2026-05-21,DE4219017920,96297.0
OEEF,2026-05-21,DE3263394742,50277.0
OEEF,2026-05-21,DE0240247409,678570.0
OEEF,2026-05-21,NL8794770442,49360.0
OEEF,2026-05-21,NL3561968038,186582.0
OEEF,2026-05-21,NL7847386088,43613.0
OEEF,2026-05-21,NL6941161118,60916.0
OEEF,2026-05-21,NL5479347757,123991.0
OEEF,2026-05-21,NL0787902567,59773.0
OEEF,2026-05-21,NL4737878610,49498.0
OEEF,2026-05-21,NL4404510816,27169.0
OEEF,2026-05-21,IE8257095800,92030.0
OEEF,2026-05-22,GB0630101115,568599.0
OEEF,2026-05-22,GB1244338610,1711170.0
OEEF,2026-05-22,GB5763176813,469731.0
OEEF,2026-05-22,GB8282759830,368328.0
OEEF,2026-05-22,GB8078978300,328607.0
OEEF,2026-05-22,GB6922049515,252073.0
OEEF,2026-05-22,GB4272147544,256710.0
OEEF,2026-05-22,GB4883681873,62990.0
OEEF,2026-05-22,DE2058988387,181203.0
OEEF,2026-05-22,DE2188617561,123035.0
OEEF,2026-05-22,DE8240052946,33296.0
OEEF,2026-05-22,DE2296302361,15771.0
OEEF,2026-05-22,DE3565562488,19222.0
OEEF,2026-05-22,DE4219017920,96297.0
OEEF,2026-05-22,DE3263394742,50277.0
OEEF,2026-05-22,DE0240247409,678570.0
OEEF,2026-05-22,NL8794770442,49360.0
OEEF,2026-05-22,NL3561968038,186582.0
OEEF,2026-05-22,NL7847386088,43613.0
OEEF,2026-05-22,NL6941161118,60916.0
OEEF,2026-05-22,NL5479347757,123991.0
OEEF,2026-05-22,NL0787902567,59773.0
OEEF,2026-05-22,NL4737878610,49498.0
OEEF,2026-05-22,NL4404510816,27169.0
OEEF,2026-05-22,IE8257095800,92030.0
OEEF,2026-05-25,GB0630101115,568599.0
OEEF,2026-05-25,GB1244338610,1711170.0
OEEF,2026-05-25,GB5763176813,469731.0
OEEF,2026-05-25,GB8282759830,368328.0
OEEF,2026-05-25,GB8078978300,328607.0
OEEF,2026-05-25,GB6922049515,252073.0
OEEF,2026-05-25,GB4272147544,256710.0
OEEF,2026-05-25,GB4883681873,62990.0
OEEF,2026-05-25,DE2058988387,181203.0
OEEF,2026-05-25,DE2188617561,123035.0
OEEF,2026-05-25,DE8240052946,33296.0
OEEF,2026-05-25,DE2296302361,15771.0
OEEF,2026-05-25,DE3565562488,19222.0
OEEF,2026-05-25,DE4219017920,96297.0
OEEF,2026-05-25,DE3263394742,50277.0
OEEF,2026-05-25,DE0240247409,678570.0
OEEF,2026-05-25,NL8794770442,49360.0
OEEF,2026-05-25,NL3561968038,186582.0
OEEF,2026-05-25,NL7847386088,43613.0
OEEF,2026-05-25,NL6941161118,60916.0
OEEF,2026-05-25,NL5479347757,123991.0
OEEF,2026-05-25,NL0787902567,59773.0
OEEF,2026-05-25,NL4737878610,49498.0
OEEF,2026-05-25,NL4404510816,27169.0
OEEF,2026-05-25,IE8257095800,92030.0
OEEF,2026-05-26,GB0630101115,568599.0
OEEF,2026-05-26,GB1244338610,1711170.0
OEEF,2026-05-26,GB5763176813,469731.0
OEEF,2026-05-26,GB8282759830,368328.0
OEEF,2026-05-26,GB8078978300,328607.0
OEEF,2026-05-26,GB6922049515,252073.0
OEEF,2026-05-26,GB4272147544,256710.0
OEEF,2026-05-26,GB4883681873,62990.0
OEEF,2026-05-26,DE2058988387,181203.0
OEEF,2026-05-26,DE2188617561,123035.0
OEEF,2026-05-26,DE8240052946,33296.0
OEEF,2026-05-26,DE2296302361,15771.0
OEEF,2026-05-26,DE3565562488,19222.0
OEEF,2026-05-26,DE4219017920,96297.0
OEEF,2026-05-26,DE3263394742,50277.0
OEEF,2026-05-26,DE0240247409,678570.0
OEEF,2026-05-26,NL8794770442,49360.0
OEEF,2026-05-26,NL3561968038,186582.0
OEEF,2026-05-26,NL7847386088,43613.0
OEEF,2026-05-26,NL6941161118,60916.0
OEEF,2026-05-26,NL5479347757,123991.0
OEEF,2026-05-26,NL0787902567,59773.0
OEEF,2026-05-26,NL4737878610,49498.0
OEEF,2026-05-26,NL4404510816,27169.0
OEEF,2026-05-26,IE8257095800,92030.0
OEEF,2026-05-27,GB0630101115,568599.0
OEEF,2026-05-27,GB1244338610,1711170.0
OEEF,2026-05-27,GB5763176813,469731.0
OEEF,2026-05-27,GB8282759830,368328.0
OEEF,2026-05-27,GB8078978300,328607.0
OEEF,2026-05-27,GB6922049515,252073.0
OEEF,2026-05-27,GB4272147544,256710.0
OEEF,2026-05-27,GB4883681873,62990.0
OEEF,2026-05-27,DE2058988387,181203.0
OEEF,2026-05-27,DE2188617561,123035.0
OEEF,2026-05-27,DE8240052946,33296.0
OEEF,2026-05-27,DE2296302361,15771.0
OEEF,2026-05-27,DE3565562488,19222.0
OEEF,2026-05-27,DE4219017920,96297.0
OEEF,2026-05-27,DE3263394742,50277.0
OEEF,2026-05-27,DE0240247409,678570.0
OEEF,2026-05-27,NL8794770442,49360.0
OEEF,2026-05-27,NL3561968038,186582.0
OEEF,2026-05-27,NL7847386088,43613.0
OEEF,2026-05-27,NL6941161118,60916.0
OEEF,2026-05-27,NL5479347757,123991.0
OEEF,2026-05-27,NL0787902567,59773.0
OEEF,2026-05-27,NL4737878610,49498.0
OEEF,2026-05-27,NL4404510816,27169.0
OEEF,2026-05-27,IE8257095800,92030.0
OEEF,2026-05-28,GB0630101115,568599.0
OEEF,2026-05-28,GB1244338610,1711170.0
OEEF,2026-05-28,GB5763176813,469731.0
OEEF,2026-05-28,GB8282759830,368328.0
OEEF,2026-05-28,GB8078978300,328607.0
OEEF,2026-05-28,GB6922049515,252073.0
OEEF,2026-05-28,GB4272147544,256710.0
OEEF,2026-05-28,GB4883681873,62990.0
OEEF,2026-05-28,DE2058988387,181203.0
OEEF,2026-05-28,DE2188617561,123035.0
OEEF,2026-05-28,DE8240052946,33296.0
OEEF,2026-05-28,DE2296302361,15771.0
OEEF,2026-05-28,DE3565562488,19222.0
OEEF,2026-05-28,DE4219017920,96297.0
OEEF,2026-05-28,DE3263394742,50277.0
OEEF,2026-05-28,DE0240247409,678570.0
OEEF,2026-05-28,NL8794770442,49360.0
OEEF,2026-05-28,NL3561968038,186582.0
OEEF,2026-05-28,NL7847386088,43613.0
OEEF,2026-05-28,NL6941161118,60916.0
OEEF,2026-05-28,NL5479347757,123991.0
OEEF,2026-05-28,NL0787902567,59773.0
OEEF,2026-05-28,NL4737878610,49498.0
OEEF,2026-05-28,NL4404510816,27169.0
OEEF,2026-05-28,IE8257095800,92030.0
OEEF,2026-05-29,GB0630101115,568599.0
OEEF,2026-05-29,GB1244338610,1711170.0
OEEF,2026-05-29,GB5763176813,469731.0
OEEF,2026-05-29,GB8282759830,368328.0
OEEF,2026-05-29,GB8078978300,328607.0
OEEF,2026-05-29,GB6922049515,252073.0
OEEF,2026-05-29,GB4272147544,256710.0
OEEF,2026-05-29,GB4883681873,62990.0
OEEF,2026-05-29,DE2058988387,181203.0
OEEF,2026-05-29,DE2188617561,123035.0
OEEF,2026-05-29,DE8240052946,33296.0
OEEF,2026-05-29,DE2296302361,15771.0
OEEF,2026-05-29,DE3565562488,19222.0
OEEF,2026-05-29,DE4219017920,96297.0
OEEF,2026-05-29,DE3263394742,50277.0
OEEF,2026-05-29,DE0240247409,678570.0
OEEF,2026-05-29,NL8794770442,49360.0
OEEF,2026-05-29,NL3561968038,186582.0
OEEF,2026-05-29,NL7847386088,43613.0
OEEF,2026-05-29,NL6941161118,60916.0
OEEF,2026-05-29,NL5479347757,123991.0
OEEF,2026-05-29,NL0787902567,59773.0
OEEF,2026-05-29,NL4737878610,49498.0
OEEF,2026-05-29,NL4404510816,27169.0
OEEF,2026-05-29,IE8257095800,92030.0
OEEF,2026-06-01,GB0630101115,568599.0
OEEF,2026-06-01,GB1244338610,1711170.0
OEEF,2026-06-01,GB5763176813,469731.0
OEEF,2026-06-01,GB8282759830,368328.0
OEEF,2026-06-01,GB8078978300,328607.0
OEEF,2026-06-01,GB6922049515,252073.0
OEEF,2026-06-01,GB4272147544,256710.0
OEEF,2026-06-01,GB4883681873,62990.0
OEEF,2026-06-01,DE2058988387,181203.0
OEEF,2026-06-01,DE2188617561,123035.0
OEEF,2026-06-01,DE8240052946,33296.0
OEEF,2026-06-01,DE2296302361,15771.0
OEEF,2026-06-01,DE3565562488,19222.0
OEEF,2026-06-01,DE4219017920,96297.0
OEEF,2026-06-01,DE3263394742,50277.0
OEEF,2026-06-01,DE0240247409,678570.0
OEEF,2026-06-01,NL8794770442,49360.0
OEEF,2026-06-01,NL3561968038,186582.0
OEEF,2026-06-01,NL7847386088,43613.0
OEEF,2026-06-01,NL6941161118,60916.0
OEEF,2026-06-01,NL5479347757,123991.0
OEEF,2026-06-01,NL0787902567,59773.0
OEEF,2026-06-01,NL4737878610,49498.0
OEEF,2026-06-01,NL4404510816,27169.0
OEEF,2026-06-01,IE8257095800,92030.0
OEEF,2026-06-02,GB0630101115,568599.0
OEEF,2026-06-02,GB1244338610,1711170.0
OEEF,2026-06-02,GB5763176813,469731.0
OEEF,2026-06-02,GB8282759830,369617.0
OEEF,2026-06-02,GB8078978300,328607.0
OEEF,2026-06-02,GB6922049515,252073.0
OEEF,2026-06-02,GB4272147544,256710.0
OEEF,2026-06-02,GB4883681873,62990.0
OEEF,2026-06-02,DE2058988387,181203.0
OEEF,2026-06-02,DE2188617561,123035.0
OEEF,2026-06-02,DE8240052946,33296.0
OEEF,2026-06-02,DE2296302361,15771.0
OEEF,2026-06-02,DE3565562488,19222.0
OEEF,2026-06-02,DE4219017920,96297.0
OEEF,2026-06-02,DE3263394742,48531.0
OEEF,2026-06-02,DE0240247409,678570.0
OEEF,2026-06-02,NL8794770442,49360.0
OEEF,2026-06-02,NL3561968038,186582.0
OEEF,2026-06-02,NL7847386088,43613.0
OEEF,2026-06-02,NL6941161118,60916.0
OEEF,2026-06-02,NL5479347757,123991.0
OEEF,2026-06-02,NL0787902567,60672.0
OEEF,2026-06-02,NL4737878610,49498.0
OEEF,2026-06-02,NL4404510816,27169.0
OEEF,2026-06-02,IE8257095800,92030.0
OEEF,2026-06-03,GB0630101115,568599.0
OEEF,2026-06-03,GB1244338610,1711170.0
OEEF,2026-06-03,GB5763176813,469731.0
OEEF,2026-06-03,GB8282759830,369617.0
OEEF,2026-06-03,GB8078978300,328607.0
OEEF,2026-06-03,GB6922049515,252073.0
OEEF,2026-06-03,GB4272147544,256710.0
OEEF,2026-06-03,GB4883681873,62990.0
OEEF,2026-06-03,DE2058988387,181203.0
OEEF,2026-06-03,DE2188617561,123035.0
OEEF,2026-06-03,DE8240052946,33296.0
OEEF,2026-06-03,DE2296302361,15771.0
OEEF,2026-06-03,DE3565562488,19222.0
OEEF,2026-06-03,DE4219017920,96297.0
OEEF,2026-06-03,DE3263394742,48531.0
OEEF,2026-06-03,DE0240247409,678570.0
OEEF,2026-06-03,NL8794770442,49360.0
OEEF,2026-06-03,NL3561968038,186582.0
OEEF,2026-06-03,NL7847386088,43613.0
OEEF,2026-06-03,NL6941161118,60916.0
OEEF,2026-06-03,NL5479347757,123991.0
OEEF,2026-06-03,NL0787902567,60672.0
OEEF,2026-06-03,NL4737878610,49498.0
OEEF,2026-06-03,NL4404510816,27169.0
OEEF,2026-06-03,IE8257095800,92030.0
OEEF,2026-06-04,GB0630101115,568599.0
OEEF,2026-06-04,GB1244338610,1711170.0
OEEF,2026-06-04,GB5763176813,469731.0
OEEF,2026-06-04,GB8282759830,369617.0
OEEF,2026-06-04,GB8078978300,328607.0
OEEF,2026-06-04,GB6922049515,252073.0
OEEF,2026-06-04,GB4272147544,256710.0
OEEF,2026-06-04,GB4883681873,62990.0
OEEF,2026-06-04,DE2058988387,181203.0
OEEF,2026-06-04,DE2188617561,123035.0
OEEF,2026-06-04,DE8240052946,33296.0
OEEF,2026-06-04,DE2296302361,15771.0
OEEF,2026-06-04,DE3565562488,19222.0
OEEF,2026-06-04,DE4219017920,96297.0
OEEF,2026-06-04,DE3263394742,48531.0
OEEF,2026-06-04,DE0240247409,678570.0
OEEF,2026-06-04,NL8794770442,49360.0
OEEF,2026-06-04,NL3561968038,186582.0
OEEF,2026-06-04,NL7847386088,43613.0
OEEF,2026-06-04,NL6941161118,60916.0
OEEF,2026-06-04,NL5479347757,123991.0
OEEF,2026-06-04,NL0787902567,60672.0
OEEF,2026-06-04,NL4737878610,49498.0
OEEF,2026-06-04,NL4404510816,27169.0
OEEF,2026-06-04,IE8257095800,92030.0
OEEF,2026-06-05,GB0630101115,568599.0
OEEF,2026-06-05,GB1244338610,1711170.0
OEEF,2026-06-05,GB5763176813,469731.0
OEEF,2026-06-05,GB8282759830,369617.0
OEEF,2026-06-05,GB8078978300,328607.0
OEEF,2026-06-05,GB6922049515,252073.0
OEEF,2026-06-05,GB4272147544,256710.0
OEEF,2026-06-05,GB4883681873,62990.0
OEEF,2026-06-05,DE2058988387,181203.0
OEEF,2026-06-05,DE2188617561,123035.0
OEEF,2026-06-05,DE8240052946,33296.0
OEEF,2026-06-05,DE2296302361,15771.0
OEEF,2026-06-05,DE3565562488,19222.0
OEEF,2026-06-05,DE4219017920,96297.0
OEEF,2026-06-05,DE3263394742,48531.0
OEEF,2026-06-05,DE0240247409,678570.0
OEEF,2026-06-05,NL8794770442,49360.0
OEEF,2026-06-05,NL3561968038,186582.0
OEEF,2026-06-05,NL7847386088,43613.0
OEEF,2026-06-05,NL6941161118,60916.0
OEEF,2026-06-05,NL5479347757,123991.0
OEEF,2026-06-05,NL0787902567,60672.0
OEEF,2026-06-05,NL4737878610,49498.0
OEEF,2026-06-05,NL4404510816,27169.0
OEEF,2026-06-05,IE8257095800,92030.0
OEEF,2026-06-08,GB0630101115,568599.0
OEEF,2026-06-08,GB1244338610,1711170.0
OEEF,2026-06-08,GB5763176813,469731.0
OEEF,2026-06-08,GB8282759830,369617.0
OEEF,2026-06-08,GB8078978300,328607.0
OEEF,2026-06-08,GB6922049515,252073.0
OEEF,2026-06-08,GB4272147544,256710.0
OEEF,2026-06-08,GB4883681873,62990.0
OEEF,2026-06-08,DE2058988387,181203.0
OEEF,2026-06-08,DE2188617561,123035.0
OEEF,2026-06-08,DE8240052946,33296.0
OEEF,2026-06-08,DE2296302361,15771.0
OEEF,2026-06-08,DE3565562488,19222.0
OEEF,2026-06-08,DE4219017920,96297.0
OEEF,2026-06-08,DE3263394742,48531.0
OEEF,2026-06-08,DE0240247409,678570.0
OEEF,2026-06-08,NL8794770442,49360.0
OEEF,2026-06-08,NL3561968038,186582.0
OEEF,2026-06-08,NL7847386088,43613.0
OEEF,2026-06-08,NL6941161118,60916.0
OEEF,2026-06-08,NL5479347757,123991.0
OEEF,2026-06-08,NL0787902567,60672.0
OEEF,2026-06-08,NL4737878610,49498.0
OEEF,2026-06-08,NL4404510816,27169.0
OEEF,2026-06-08,IE8257095800,92030.0
OEEF,2026-06-09,GB0630101115,568599.0
OEEF,2026-06-09,GB1244338610,1711170.0
OEEF,2026-06-09,GB5763176813,469731.0
OEEF,2026-06-09,GB8282759830,369617.0
OEEF,2026-06-09,GB8078978300,328607.0
OEEF,2026-06-09,GB6922049515,252073.0
OEEF,2026-06-09,GB4272147544,256710.0
OEEF,2026-06-09,GB4883681873,62990.0
OEEF,2026-06-09,DE2058988387,181203.0
OEEF,2026-06-09,DE2188617561,123035.0
OEEF,2026-06-09,DE8240052946,33296.0
OEEF,2026-06-09,DE2296302361,15771.0
OEEF,2026-06-09,DE3565562488,19222.0
OEEF,2026-06-09,DE4219017920,96297.0
OEEF,2026-06-09,DE3263394742,48531.0
OEEF,2026-06-09,DE0240247409,678570.0
OEEF,2026-06-09,NL8794770442,49360.0
OEEF,2026-06-09,NL3561968038,186582.0
OEEF,2026-06-09,NL7847386088,43613.0
OEEF,2026-06-09,NL6941161118,60916.0
OEEF,2026-06-09,NL5479347757,123991.0
OEEF,2026-06-09,NL0787902567,60672.0
OEEF,2026-06-09,NL4737878610,49498.0
OEEF,2026-06-09,NL4404510816,27169.0
OEEF,2026-06-09,IE8257095800,92030.0
OEEF,2026-06-10,GB0630101115,568599.0
OEEF,2026-06-10,GB1244338610,1711170.0
OEEF,2026-06-10,GB5763176813,469731.0
OEEF,2026-06-10,GB8282759830,369617.0
OEEF,2026-06-10,GB8078978300,328607.0
OEEF,2026-06-10,GB6922049515,252073.0
OEEF,2026-06-10,GB4272147544,256710.0
OEEF,2026-06-10,GB4883681873,62990.0
OEEF,2026-06-10,DE2058988387,181203.0
OEEF,2026-06-10,DE2188617561,123035.0
OEEF,2026-06-10,DE8240052946,33296.0
OEEF,2026-06-10,DE2296302361,15771.0
OEEF,2026-06-10,DE3565562488,19222.0
OEEF,2026-06-10,DE4219017920,96297.0
OEEF,2026-06-10,DE3263394742,48531.0
OEEF,2026-06-10,DE0240247409,678570.0
OEEF,2026-06-10,NL8794770442,49360.0
OEEF,2026-06-10,NL3561968038,186582.0
OEEF,2026-06-10,NL7847386088,43613.0
OEEF,2026-06-10,NL6941161118,60916.0
OEEF,2026-06-10,NL5479347757,123991.0
OEEF,2026-06-10,NL0787902567,60672.0
OEEF,2026-06-10,NL4737878610,49498.0
OEEF,2026-06-10,NL4404510816,27169.0
OEEF,2026-06-10,IE8257095800,92030.0
OEEF,2026-06-11,GB0630101115,568599.0
OEEF,2026-06-11,GB1244338610,1711170.0
OEEF,2026-06-11,GB5763176813,469731.0
OEEF,2026-06-11,GB8282759830,369617.0
OEEF,2026-06-11,GB8078978300,328607.0
OEEF,2026-06-11,GB6922049515,252073.0
OEEF,2026-06-11,GB4272147544,256710.0
OEEF,2026-06-11,GB4883681873,62990.0
OEEF,2026-06-11,DE2058988387,181203.0
OEEF,2026-06-11,DE2188617561,123035.0
OEEF,2026-06-11,DE8240052946,33296.0
OEEF,2026-06-11,DE2296302361,15771.0
OEEF,2026-06-11,DE3565562488,19222.0
OEEF,2026-06-11,DE4219017920,96297.0
OEEF,2026-06-11,DE3263394742,48531.0
OEEF,2026-06-11,DE0240247409,678570.0
OEEF,2026-06-11,NL8794770442,49360.0
OEEF,2026-06-11,NL3561968038,186582.0
OEEF,2026-06-11,NL7847386088,43613.0
OEEF,2026-06-11,NL6941161118,60916.0
OEEF,2026-06-11,NL5479347757,123991.0
OEEF,2026-06-11,NL0787902567,60672.0
OEEF,2026-06-11,NL4737878610,49498.0
OEEF,2026-06-11,NL4404510816,27169.0
OEEF,2026-06-11,IE8257095800,92030.0
OEEF,2026-06-12,GB0630101115,568599.0
OEEF,2026-06-12,GB1244338610,1711170.0
OEEF,2026-06-12,GB5763176813,469731.0
OEEF,2026-06-12,GB8282759830,369617.0
OEEF,2026-06-12,GB8078978300,328607.0
OEEF,2026-06-12,GB6922049515,252073.0
OEEF,2026-06-12,GB4272147544,256710.0
OEEF,2026-06-12,GB4883681873,62990.0
OEEF,2026-06-12,DE2058988387,181203.0
OEEF,2026-06-12,DE2188617561,123035.0
OEEF,2026-06-12,DE8240052946,33296.0
OEEF,2026-06-12,DE2296302361,15771.0
OEEF,2026-06-12,DE3565562488,19222.0
OEEF,2026-06-12,DE4219017920,96297.0
OEEF,2026-06-12,DE3263394742,48531.0
OEEF,2026-06-12,DE0240247409,678570.0
OEEF,2026-06-12,NL8794770442,49360.0
OEEF,2026-06-12,NL3561968038,186582.0
OEEF,2026-06-12,NL7847386088,43613.0
OEEF,2026-06-12,NL6941161118,60916.0
OEEF,2026-06-12,NL5479347757,123991.0
OEEF,2026-06-12,NL0787902567,60672.0
OEEF,2026-06-12,NL4737878610,49498.0
OEEF,2026-06-12,NL4404510816,27169.0
OEEF,2026-06-12,IE8257095800,92030.0
OEEF,2026-06-15,GB0630101115,568599.0
OEEF,2026-06-15,GB1244338610,1711170.0
OEEF,2026-06-15,GB5763176813,469731.0
OEEF,2026-06-15,GB8282759830,369617.0
OEEF,2026-06-15,GB8078978300,328607.0
OEEF,2026-06-15,GB6922049515,252073.0
OEEF,2026-06-15,GB4272147544,256710.0
OEEF,2026-06-15,GB4883681873,62990.0
OEEF,2026-06-15,DE2058988387,181203.0
OEEF,2026-06-15,DE2188617561,123035.0
OEEF,2026-06-15,DE8240052946,33296.0
OEEF,2026-06-15,DE2296302361,15771.0
OEEF,2026-06-15,DE3565562488,19222.0
OEEF,2026-06-15,DE4219017920,96297.0
OEEF,2026-06-15,DE3263394742,48531.0
OEEF,2026-06-15,DE0240247409,678570.0
OEEF,2026-06-15,NL8794770442,49360.0
OEEF,2026-06-15,NL3561968038,186582.0
OEEF,2026-06-15,NL7847386088,43613.0
OEEF,2026-06-15,NL6941161118,60916.0
OEEF,2026-06-15,NL5479347757,123991.0
OEEF,2026-06-15,NL0787902567,60672.0
OEEF,2026-06-15,NL4737878610,49498.0
OEEF,2026-06-15,NL4404510816,27169.0
OEEF,2026-06-15,IE8257095800,92030.0
OEEF,2026-06-16,GB0630101115,568599.0
OEEF,2026-06-16,GB1244338610,1711170.0
OEEF,2026-06-16,GB5763176813,469731.0
OEEF,2026-06-16,GB8282759830,369617.0
OEEF,2026-06-16,GB8078978300,328607.0
OEEF,2026-06-16,GB6922049515,252073.0
OEEF,2026-06-16,GB4272147544,256710.0
OEEF,2026-06-16,GB4883681873,62990.0
OEEF,2026-06-16,DE2058988387,181203.0
OEEF,2026-06-16,DE2188617561,123035.0
OEEF,2026-06-16,DE8240052946,33296.0
OEEF,2026-06-16,DE2296302361,15771.0
OEEF,2026-06-16,DE3565562488,19222.0
OEEF,2026-06-16,DE4219017920,96297.0
OEEF,2026-06-16,DE3263394742,48531.0
OEEF,2026-06-16,DE0240247409,678570.0
OEEF,2026-06-16,NL8794770442,49360.0
OEEF,2026-06-16,NL3561968038,186582.0
OEEF,2026-06-16,NL7847386088,43613.0
OEEF,2026-06-16,NL6941161118,60916.0
OEEF,2026-06-16,NL5479347757,123991.0
OEEF,2026-06-16,NL0787902567,60672.0
OEEF,2026-06-16,NL4737878610,49498.0
OEEF,2026-06-16,NL4404510816,27169.0
OEEF,2026-06-16,IE8257095800,92030.0
OEEF,2026-06-17,GB0630101115,568599.0
OEEF,2026-06-17,GB1244338610,1711170.0
OEEF,2026-06-17,GB5763176813,469731.0
OEEF,2026-06-17,GB8282759830,369617.0
OEEF,2026-06-17,GB8078978300,328607.0
OEEF,2026-06-17,GB6922049515,252073.0
OEEF,2026-06-17,GB4272147544,256710.0
OEEF,2026-06-17,GB4883681873,62990.0
OEEF,2026-06-17,DE2058988387,181203.0
OEEF,2026-06-17,DE2188617561,123035.0
OEEF,2026-06-17,DE8240052946,33296.0
OEEF,2026-06-17,DE2296302361,15771.0
OEEF,2026-06-17,DE3565562488,19222.0
OEEF,2026-06-17,DE4219017920,96297.0
OEEF,2026-06-17,DE3263394742,48531.0
OEEF,2026-06-17,DE0240247409,678570.0
OEEF,2026-06-17,NL8794770442,49360.0
OEEF,2026-06-17,NL3561968038,186582.0
OEEF,2026-06-17,NL7847386088,43613.0
OEEF,2026-06-17,NL6941161118,60916.0
OEEF,2026-06-17,NL5479347757,123991.0
OEEF,2026-06-17,NL0787902567,60672.0
OEEF,2026-06-17,NL4737878610,49498.0
OEEF,2026-06-17,NL4404510816,27169.0
OEEF,2026-06-17,IE8257095800,92030.0
OEEF,2026-06-18,GB0630101115,568599.0
OEEF,2026-06-18,GB1244338610,1711170.0
OEEF,2026-06-18,GB5763176813,469731.0
OEEF,2026-06-18,GB8282759830,369617.0
OEEF,2026-06-18,GB8078978300,328607.0
OEEF,2026-06-18,GB6922049515,252073.0
OEEF,2026-06-18,GB4272147544,256710.0
OEEF,2026-06-18,GB4883681873,62990.0
OEEF,2026-06-18,DE2058988387,181203.0
OEEF,2026-06-18,DE2188617561,123035.0
OEEF,2026-06-18,DE8240052946,33296.0
OEEF,2026-06-18,DE2296302361,15771.0
OEEF,2026-06-18,DE3565562488,19222.0
OEEF,2026-06-18,DE4219017920,96297.0
OEEF,2026-06-18,DE3263394742,48531.0
OEEF,2026-06-18,DE0240247409,678570.0
OEEF,2026-06-18,NL8794770442,49360.0
OEEF,2026-06-18,NL3561968038,186582.0
OEEF,2026-06-18,NL7847386088,43613.0
OEEF,2026-06-18,NL6941161118,60916.0
OEEF,2026-06-18,NL5479347757,123991.0
OEEF,2026-06-18,NL0787902567,60672.0
OEEF,2026-06-18,NL4737878610,49498.0
OEEF,2026-06-18,NL4404510816,27169.0
OEEF,2026-06-18,IE8257095800,92030.0
OEEF,2026-06-19,GB0630101115,568599.0
OEEF,2026-06-19,GB1244338610,1711170.0
OEEF,2026-06-19,GB5763176813,469731.0
OEEF,2026-06-19,GB8282759830,369617.0
OEEF,2026-06-19,GB8078978300,328607.0
OEEF,2026-06-19,GB6922049515,252073.0
OEEF,2026-06-19,GB4272147544,256710.0
OEEF,2026-06-19,GB4883681873,62990.0
OEEF,2026-06-19,DE2058988387,181203.0
OEEF,2026-06-19,DE2188617561,123035.0
OEEF,2026-06-19,DE8240052946,33296.0
OEEF,2026-06-19,DE2296302361,15771.0
OEEF,2026-06-19,DE3565562488,19222.0
OEEF,2026-06-19,DE4219017920,96297.0
OEEF,2026-06-19,DE3263394742,48531.0
OEEF,2026-06-19,DE0240247409,678570.0
OEEF,2026-06-19,NL8794770442,49360.0
OEEF,2026-06-19,NL3561968038,186582.0
OEEF,2026-06-19,NL7847386088,43613.0
OEEF,2026-06-19,NL6941161118,60916.0
OEEF,2026-06-19,NL5479347757,123991.0
OEEF,2026-06-19,NL0787902567,60672.0
OEEF,2026-06-19,NL4737878610,49498.0
OEEF,2026-06-19,NL4404510816,27169.0
OEEF,2026-06-19,IE8257095800,92030.0
OEEF,2026-06-22,GB0630101115,568599.0
OEEF,2026-06-22,GB1244338610,1711170.0
OEEF,2026-06-22,GB5763176813,469731.0
OEEF,2026-06-22,GB8282759830,369617.0
OEEF,2026-06-22,GB8078978300,328607.0
OEEF,2026-06-22,GB6922049515,252073.0
OEEF,2026-06-22,GB4272147544,256710.0
OEEF,2026-06-22,GB4883681873,62990.0
OEEF,2026-06-22,DE2058988387,181203.0
OEEF,2026-06-22,DE2188617561,123035.0
OEEF,2026-06-22,DE8240052946,33296.0
OEEF,2026-06-22,DE2296302361,15771.0
OEEF,2026-06-22,DE3565562488,19222.0
OEEF,2026-06-22,DE4219017920,96297.0
OEEF,2026-06-22,DE3263394742,48531.0
OEEF,2026-06-22,DE0240247409,678570.0
OEEF,2026-06-22,NL8794770442,49360.0
OEEF,2026-06-22,NL3561968038,186582.0
OEEF,2026-06-22,NL7847386088,43613.0
OEEF,2026-06-22,NL6941161118,60916.0
OEEF,2026-06-22,NL5479347757,123991.0
OEEF,2026-06-22,NL0787902567,60672.0
OEEF,2026-06-22,NL4737878610,49498.0
OEEF,2026-06-22,NL4404510816,27169.0
OEEF,2026-06-22,IE8257095800,92030.0
OEEF,2026-06-23,GB0630101115,568599.0
OEEF,2026-06-23,GB1244338610,1711170.0
OEEF,2026-06-23,GB5763176813,469731.0
OEEF,2026-06-23,GB8282759830,369617.0
OEEF,2026-06-23,GB8078978300,328607.0
OEEF,2026-06-23,GB6922049515,252073.0
OEEF,2026-06-23,GB4272147544,256710.0
OEEF,2026-06-23,GB4883681873,62990.0
OEEF,2026-06-23,DE2058988387,181203.0
OEEF,2026-06-23,DE2188617561,123035.0
OEEF,2026-06-23,DE8240052946,33296.0
OEEF,2026-06-23,DE2296302361,15771.0
OEEF,2026-06-23,DE3565562488,19222.0
OEEF,2026-06-23,DE4219017920,96297.0
OEEF,2026-06-23,DE3263394742,48531.0
OEEF,2026-06-23,DE0240247409,678570.0
OEEF,2026-06-23,NL8794770442,49360.0
OEEF,2026-06-23,NL3561968038,186582.0
OEEF,2026-06-23,NL7847386088,43613.0
OEEF,2026-06-23,NL6941161118,60916.0
OEEF,2026-06-23,NL5479347757,123991.0
OEEF,2026-06-23,NL0787902567,60672.0
OEEF,2026-06-23,NL4737878610,49498.0
OEEF,2026-06-23,NL4404510816,27169.0
OEEF,2026-06-23,IE8257095800,92030.0
OEEF,2026-06-24,GB0630101115,568599.0
OEEF,2026-06-24,GB1244338610,1711170.0
OEEF,2026-06-24,GB5763176813,469731.0
OEEF,2026-06-24,GB8282759830,369617.0
OEEF,2026-06-24,GB8078978300,328607.0
OEEF,2026-06-24,GB6922049515,252073.0
OEEF,2026-06-24,GB4272147544,256710.0
OEEF,2026-06-24,GB4883681873,62990.0
OEEF,2026-06-24,DE2058988387,181203.0
OEEF,2026-06-24,DE2188617561,123035.0
OEEF,2026-06-24,DE8240052946,33296.0
OEEF,2026-06-24,DE2296302361,15771.0
OEEF,2026-06-24,DE3565562488,19222.0
OEEF,2026-06-24,DE4219017920,96297.0
OEEF,2026-06-24,DE3263394742,48531.0
OEEF,2026-06-24,DE0240247409,678570.0
OEEF,2026-06-24,NL8794770442,49360.0
OEEF,2026-06-24,NL3561968038,186582.0
OEEF,2026-06-24,NL7847386088,43613.0
OEEF,2026-06-24,NL6941161118,60916.0
OEEF,2026-06-24,NL5479347757,123991.0
OEEF,2026-06-24,NL0787902567,60672.0
OEEF,2026-06-24,NL4737878610,49498.0
OEEF,2026-06-24,NL4404510816,27169.0
OEEF,2026-06-24,IE8257095800,92030.0
OEEF,2026-06-25,GB0630101115,568599.0
OEEF,2026-06-25,GB1244338610,1711170.0
OEEF,2026-06-25,GB5763176813,469731.0
OEEF,2026-06-25,GB8282759830,369617.0
OEEF,2026-06-25,GB8078978300,328607.0
OEEF,2026-06-25,GB6922049515,252073.0
OEEF,2026-06-25,GB4272147544,256710.0
OEEF,2026-06-25,GB4883681873,62990.0
OEEF,2026-06-25,DE2058988387,181203.0
OEEF,2026-06-25,DE2188617561,123035.0
OEEF,2026-06-25,DE8240052946,33296.0
OEEF,2026-06-25,DE2296302361,15771.0
OEEF,2026-06-25,DE3565562488,19222.0
OEEF,2026-06-25,DE4219017920,96297.0
OEEF,2026-06-25,DE3263394742,48531.0
OEEF,2026-06-25,DE0240247409,678570.0
OEEF,2026-06-25,NL8794770442,49360.0
OEEF,2026-06-25,NL3561968038,186582.0
OEEF,2026-06-25,NL7847386088,43613.0
OEEF,2026-06-25,NL6941161118,60916.0
OEEF,2026-06-25,NL5479347757,123991.0
OEEF,2026-06-25,NL0787902567,60672.0
OEEF,2026-06-25,NL4737878610,49498.0
OEEF,2026-06-25,NL4404510816,27169.0
OEEF,2026-06-25,IE8257095800,92030.0
OEEF,2026-06-26,GB0630101115,568599.0
OEEF,2026-06-26,GB1244338610,1711170.0
OEEF,2026-06-26,GB5763176813,469731.0
OEEF,2026-06-26,GB8282759830,369617.0
OEEF,2026-06-26,GB8078978300,328607.0
OEEF,2026-06-26,GB6922049515,252073.0
OEEF,2026-06-26,GB4272147544,256710.0
OEEF,2026-06-26,GB4883681873,62990.0
OEEF,2026-06-26,DE2058988387,181203.0
OEEF,2026-06-26,DE2188617561,123035.0
OEEF,2026-06-26,DE8240052946,33296.0
OEEF,2026-06-26,DE2296302361,15771.0
OEEF,2026-06-26,DE3565562488,19222.0
OEEF,2026-06-26,DE4219017920,96297.0
OEEF,2026-06-26,DE3263394742,48531.0
OEEF,2026-06-26,DE0240247409,678570.0
OEEF,2026-06-26,NL8794770442,49360.0
OEEF,2026-06-26,NL3561968038,186582.0
OEEF,2026-06-26,NL7847386088,43613.0
OEEF,2026-06-26,NL6941161118,60916.0
OEEF,2026-06-26,NL5479347757,123991.0
OEEF,2026-06-26,NL0787902567,60672.0
OEEF,2026-06-26,NL4737878610,49498.0
OEEF,2026-06-26,NL4404510816,27169.0
OEEF,2026-06-26,IE8257095800,92030.0
OEEF,2026-06-29,GB0630101115,568599.0
OEEF,2026-06-29,GB1244338610,1711170.0
OEEF,2026-06-29,GB5763176813,469731.0
OEEF,2026-06-29,GB8282759830,369617.0
OEEF,2026-06-29,GB8078978300,328607.0
OEEF,2026-06-29,GB6922049515,252073.0
OEEF,2026-06-29,GB4272147544,256710.0
OEEF,2026-06-29,GB4883681873,62990.0
OEEF,2026-06-29,DE2058988387,181203.0
OEEF,2026-06-29,DE2188617561,123035.0
OEEF,2026-06-29,DE8240052946,33296.0
OEEF,2026-06-29,DE2296302361,15771.0
OEEF,2026-06-29,DE3565562488,19222.0
OEEF,2026-06-29,DE4219017920,96297.0
OEEF,2026-06-29,DE3263394742,48531.0
OEEF,2026-06-29,DE0240247409,678570.0
OEEF,2026-06-29,NL8794770442,49360.0
OEEF,2026-06-29,NL3561968038,186582.0
OEEF,2026-06-29,NL7847386088,43613.0
OEEF,2026-06-29,NL6941161118,60916.0
OEEF,2026-06-29,NL5479347757,123991.0
OEEF,2026-06-29,NL0787902567,60672.0
OEEF,2026-06-29,NL4737878610,49498.0
OEEF,2026-06-29,NL4404510816,27169.0
OEEF,2026-06-29,IE8257095800,92030.0
OEEF,2026-06-30,GB0630101115,568599.0
OEEF,2026-06-30,GB1244338610,1711170.0
OEEF,2026-06-30,GB5763176813,469731.0
OEEF,2026-06-30,GB8282759830,369617.0
OEEF,2026-06-30,GB8078978300,328607.0
OEEF,2026-06-30,GB6922049515,252073.0
OEEF,2026-06-30,GB4272147544,256710.0
OEEF,2026-06-30,GB4883681873,62990.0
OEEF,2026-06-30,DE2058988387,181203.0
OEEF,2026-06-30,DE2188617561,123035.0
OEEF,2026-06-30,DE8240052946,33296.0
OEEF,2026-06-30,DE2296302361,15771.0
OEEF,2026-06-30,DE3565562488,19222.0
OEEF,2026-06-30,DE4219017920,96297.0
OEEF,2026-06-30,DE3263394742,48531.0
OEEF,2026-06-30,DE0240247409,678570.0
OEEF,2026-06-30,NL8794770442,49360.0
OEEF,2026-06-30,NL3561968038,186582.0
OEEF,2026-06-30,NL7847386088,43613.0
OEEF,2026-06-30,NL6941161118,60916.0
OEEF,2026-06-30,NL5479347757,123991.0
OEEF,2026-06-30,NL0787902567,60672.0
OEEF,2026-06-30,NL4737878610,49498.0
OEEF,2026-06-30,NL4404510816,27169.0
OEEF,2026-06-30,IE8257095800,92030.0
OEEF,2026-07-01,GB0630101115,568599.0
OEEF,2026-07-01,GB1244338610,1711170.0
OEEF,2026-07-01,GB5763176813,469731.0
OEEF,2026-07-01,GB8282759830,369617.0
OEEF,2026-07-01,GB8078978300,328607.0
OEEF,2026-07-01,GB6922049515,252073.0
OEEF,2026-07-01,GB4272147544,256710.0
OEEF,2026-07-01,GB4883681873,62990.0
OEEF,2026-07-01,DE2058988387,181203.0
OEEF,2026-07-01,DE2188617561,123035.0
OEEF,2026-07-01,DE8240052946,33296.0
OEEF,2026-07-01,DE2296302361,15771.0
OEEF,2026-07-01,DE3565562488,19222.0
OEEF,2026-07-01,DE4219017920,93256.0
OEEF,2026-07-01,DE3263394742,48531.0
OEEF,2026-07-01,DE0240247409,678570.0
OEEF,2026-07-01,NL8794770442,49360.0
OEEF,2026-07-01,NL3561968038,204229.0
OEEF,2026-07-01,NL7847386088,43613.0
OEEF,2026-07-01,NL6941161118,60916.0
OEEF,2026-07-01,NL5479347757,120895.0
OEEF,2026-07-01,NL0787902567,60672.0
OEEF,2026-07-01,NL4737878610,49498.0
OEEF,2026-07-01,NL4404510816,27169.0
OEEF,2026-07-01,IE8257095800,92030.0
OEEF,2026-07-02,GB0630101115,568599.0
OEEF,2026-07-02,GB1244338610,1711170.0
OEEF,2026-07-02,GB5763176813,469731.0
OEEF,2026-07-02,GB8282759830,369617.0
OEEF,2026-07-02,GB8078978300,328607.0
OEEF,2026-07-02,GB6922049515,252073.0
OEEF,2026-07-02,GB4272147544,256710.0
OEEF,2026-07-02,GB4883681873,62990.0
OEEF,2026-07-02,DE2058988387,181203.0
OEEF,2026-07-02,DE2188617561,123035.0
OEEF,2026-07-02,DE8240052946,33296.0
OEEF,2026-07-02,DE2296302361,15771.0
OEEF,2026-07-02,DE3565562488,19222.0
OEEF,2026-07-02,DE4219017920,93256.0
OEEF,2026-07-02,DE3263394742,48531.0
OEEF,2026-07-02,DE0240247409,678570.0
OEEF,2026-07-02,NL8794770442,49360.0
OEEF,2026-07-02,NL3561968038,204229.0
OEEF,2026-07-02,NL7847386088,43613.0
OEEF,2026-07-02,NL6941161118,60916.0
OEEF,2026-07-02,NL5479347757,120895.0
OEEF,2026-07-02,NL0787902567,60672.0
OEEF,2026-07-02,NL4737878610,49498.0
OEEF,2026-07-02,NL4404510816,27169.0
OEEF,2026-07-02,IE8257095800,92030.0
OEEF,2026-07-03,GB0630101115,568599.0
OEEF,2026-07-03,GB1244338610,1711170.0
OEEF,2026-07-03,GB5763176813,469731.0
OEEF,2026-07-03,GB8282759830,369617.0
OEEF,2026-07-03,GB8078978300,328607.0
OEEF,2026-07-03,GB6922049515,252073.0
OEEF,2026-07-03,GB4272147544,256710.0
OEEF,2026-07-03,GB4883681873,62990.0
OEEF,2026-07-03,DE2058988387,181203.0
OEEF,2026-07-03,DE2188617561,123035.0
OEEF,2026-07-03,DE8240052946,33296.0
OEEF,2026-07-03,DE2296302361,15771.0
OEEF,2026-07-03,DE3565562488,19222.0
OEEF,2026-07-03,DE4219017920,93256.0
OEEF,2026-07-03,DE3263394742,48531.0
OEEF,2026-07-03,DE0240247409,678570.0
OEEF,2026-07-03,NL8794770442,49360.0
OEEF,2026-07-03,NL3561968038,204229.0
OEEF,2026-07-03,NL7847386088,43613.0
OEEF,2026-07-03,NL6941161118,60916.0
OEEF,2026-07-03,NL5479347757,120895.0
OEEF,2026-07-03,NL0787902567,60672.0
OEEF,2026-07-03,NL4737878610,49498.0
OEEF,2026-07-03,NL4404510816,27169.0
OEEF,2026-07-03,IE8257095800,92030.0
OEEF,2026-07-06,GB0630101115,568599.0
OEEF,2026-07-06,GB1244338610,1711170.0
OEEF,2026-07-06,GB5763176813,469731.0
OEEF,2026-07-06,GB8282759830,369617.0
OEEF,2026-07-06,GB8078978300,328607.0
OEEF,2026-07-06,GB6922049515,252073.0
OEEF,2026-07-06,GB4272147544,256710.0
OEEF,2026-07-06,GB4883681873,62990.0
OEEF,2026-07-06,DE2058988387,181203.0
OEEF,2026-07-06,DE2188617561,123035.0
OEEF,2026-07-06,DE8240052946,33296.0
OEEF,2026-07-06,DE2296302361,15771.0
OEEF,2026-07-06,DE3565562488,19222.0
OEEF,2026-07-06,DE4219017920,93256.0
OEEF,2026-07-06,DE3263394742,48531.0
OEEF,2026-07-06,DE0240247409,678570.0
OEEF,2026-07-06,NL8794770442,49360.0
OEEF,2026-07-06,NL3561968038,204229.0
OEEF,2026-07-06,NL7847386088,43613.0
OEEF,2026-07-06,NL6941161118,60916.0
OEEF,2026-07-06,NL5479347757,120895.0
OEEF,2026-07-06,NL0787902567,60672.0
OEEF,2026-07-06,NL4737878610,49498.0
OEEF,2026-07-06,NL4404510816,27169.0
OEEF,2026-07-06,IE8257095800,92030.0
OEEF,2026-07-07,GB0630101115,568599.0
OEEF,2026-07-07,GB1244338610,1711170.0
OEEF,2026-07-07,GB5763176813,469731.0
OEEF,2026-07-07,GB8282759830,369617.0
OEEF,2026-07-07,GB8078978300,328607.0
OEEF,2026-07-07,GB6922049515,252073.0
OEEF,2026-07-07,GB4272147544,256710.0
OEEF,2026-07-07,GB4883681873,62990.0
OEEF,2026-07-07,DE2058988387,181203.0
OEEF,2026-07-07,DE2188617561,123035.0
OEEF,2026-07-07,DE8240052946,33296.0
OEEF,2026-07-07,DE2296302361,15771.0
OEEF,2026-07-07,DE3565562488,19222.0
OEEF,2026-07-07,DE4219017920,93256.0
OEEF,2026-07-07,DE3263394742,48531.0
OEEF,2026-07-07,DE0240247409,678570.0
OEEF,2026-07-07,NL8794770442,49360.0
OEEF,2026-07-07,NL3561968038,204229.0
OEEF,2026-07-07,NL7847386088,43613.0
OEEF,2026-07-07,NL6941161118,60916.0
OEEF,2026-07-07,NL5479347757,120895.0
OEEF,2026-07-07,NL0787902567,60672.0
OEEF,2026-07-07,NL4737878610,49498.0
OEEF,2026-07-07,NL4404510816,27169.0
OEEF,2026-07-07,IE8257095800,92030.0
OEEF,2026-07-08,GB0630101115,568599.0
OEEF,2026-07-08,GB1244338610,1711170.0
OEEF,2026-07-08,GB5763176813,469731.0
OEEF,2026-07-08,GB8282759830,369617.0
OEEF,2026-07-08,GB8078978300,328607.0
OEEF,2026-07-08,GB6922049515,252073.0
OEEF,2026-07-08,GB4272147544,256710.0
OEEF,2026-07-08,GB4883681873,62990.0
OEEF,2026-07-08,DE2058988387,181203.0
OEEF,2026-07-08,DE2188617561,123035.0
OEEF,2026-07-08,DE8240052946,33296.0
OEEF,2026-07-08,DE2296302361,15771.0
OEEF,2026-07-08,DE3565562488,19222.0
OEEF,2026-07-08,DE4219017920,93256.0
OEEF,2026-07-08,DE3263394742,48531.0
OEEF,2026-07-08,DE0240247409,678570.0
OEEF,2026-07-08,NL8794770442,49360.0
OEEF,2026-07-08,NL3561968038,204229.0
OEEF,2026-07-08,NL7847386088,43613.0
OEEF,2026-07-08,NL6941161118,60916.0
OEEF,2026-07-08,NL5479347757,120895.0
OEEF,2026-07-08,NL0787902567,60672.0
OEEF,2026-07-08,NL4737878610,49498.0
OEEF,2026-07-08,NL4404510816,27169.0
OEEF,2026-07-08,IE8257095800,92030.0
OEEF,2026-07-09,GB0630101115,568599.0
OEEF,2026-07-09,GB1244338610,1711170.0
OEEF,2026-07-09,GB5763176813,469731.0
OEEF,2026-07-09,GB8282759830,369617.0
OEEF,2026-07-09,GB8078978300,328607.0
OEEF,2026-07-09,GB6922049515,252073.0
OEEF,2026-07-09,GB4272147544,256710.0
OEEF,2026-07-09,GB4883681873,62990.0
OEEF,2026-07-09,DE2058988387,181203.0
OEEF,2026-07-09,DE2188617561,123035.0
OEEF,2026-07-09,DE8240052946,33296.0
OEEF,2026-07-09,DE2296302361,15771.0
OEEF,2026-07-09,DE3565562488,19222.0
OEEF,2026-07-09,DE4219017920,93256.0
OEEF,2026-07-09,DE3263394742,48531.0
OEEF,2026-07-09,DE0240247409,678570.0
OEEF,2026-07-09,NL8794770442,49360.0
OEEF,2026-07-09,NL3561968038,204229.0
OEEF,2026-07-09,NL7847386088,43613.0
OEEF,2026-07-09,NL6941161118,60916.0
OEEF,2026-07-09,NL5479347757,120895.0
OEEF,2026-07-09,NL0787902567,60672.0
OEEF,2026-07-09,NL4737878610,49498.0
OEEF,2026-07-09,NL4404510816,27169.0
OEEF,2026-07-09,IE8257095800,92030.0
OEEF,2026-07-10,GB0630101115,568599.0
OEEF,2026-07-10,GB1244338610,1711170.0
OEEF,2026-07-10,GB5763176813,469731.0
OEEF,2026-07-10,GB8282759830,369617.0
OEEF,2026-07-10,GB8078978300,328607.0
OEEF,2026-07-10,GB6922049515,252073.0
OEEF,2026-07-10,GB4272147544,256710.0
OEEF,2026-07-10,GB4883681873,62990.0
OEEF,2026-07-10,DE2058988387,181203.0
OEEF,2026-07-10,DE2188617561,123035.0
OEEF,2026-07-10,DE8240052946,33296.0
OEEF,2026-07-10,DE2296302361,15771.0
OEEF,2026-07-10,DE3565562488,19222.0
OEEF,2026-07-10,DE4219017920,93256.0
OEEF,2026-07-10,DE3263394742,48531.0
OEEF,2026-07-10,DE0240247409,678570.0
OEEF,2026-07-10,NL8794770442,49360.0
OEEF,2026-07-10,NL3561968038,204229.0
OEEF,2026-07-10,NL7847386088,43613.0
OEEF,2026-07-10,NL6941161118,60916.0
OEEF,2026-07-10,NL5479347757,120895.0
OEEF,2026-07-10,NL0787902567,60672.0
OEEF,2026-07-10,NL4737878610,49498.0
OEEF,2026-07-10,NL4404510816,27169.0
OEEF,2026-07-10,IE8257095800,92030.0
OEEF,2026-07-13,GB0630101115,568599.0
OEEF,2026-07-13,GB1244338610,1711170.0
OEEF,2026-07-13,GB5763176813,469731.0
OEEF,2026-07-13,GB8282759830,369617.0
OEEF,2026-07-13,GB8078978300,328607.0
OEEF,2026-07-13,GB6922049515,252073.0
OEEF,2026-07-13,GB4272147544,256710.0
OEEF,2026-07-13,GB4883681873,62990.0
OEEF,2026-07-13,DE2058988387,181203.0
OEEF,2026-07-13,DE2188617561,123035.0
OEEF,2026-07-13,DE8240052946,33296.0
OEEF,2026-07-13,DE2296302361,15771.0
OEEF,2026-07-13,DE3565562488,19222.0
OEEF,2026-07-13,DE4219017920,93256.0
OEEF,2026-07-13,DE3263394742,48531.0
OEEF,2026-07-13,DE0240247409,678570.0
OEEF,2026-07-13,NL8794770442,49360.0
OEEF,2026-07-13,NL3561968038,204229.0
OEEF,2026-07-13,NL7847386088,43613.0
OEEF,2026-07-13,NL6941161118,60916.0
OEEF,2026-07-13,NL5479347757,120895.0
OEEF,2026-07-13,NL0787902567,60672.0
OEEF,2026-07-13,NL4737878610,49498.0
OEEF,2026-07-13,NL4404510816,27169.0
OEEF,2026-07-13,IE8257095800,92030.0
OEEF,2026-07-14,GB0630101115,568599.0
OEEF,2026-07-14,GB1244338610,1711170.0
OEEF,2026-07-14,GB5763176813,469731.0
OEEF,2026-07-14,GB8282759830,369617.0
OEEF,2026-07-14,GB8078978300,328607.0
OEEF,2026-07-14,GB6922049515,252073.0
OEEF,2026-07-14,GB4272147544,256710.0
OEEF,2026-07-14,GB4883681873,62990.0
OEEF,2026-07-14,DE2058988387,181203.0
OEEF,2026-07-14,DE2188617561,123035.0
OEEF,2026-07-14,DE8240052946,33296.0
OEEF,2026-07-14,DE2296302361,15771.0
OEEF,2026-07-14,DE3565562488,19222.0
OEEF,2026-07-14,DE4219017920,93256.0
OEEF,2026-07-14,DE3263394742,48531.0
OEEF,2026-07-14,DE0240247409,678570.0
OEEF,2026-07-14,NL8794770442,49360.0
OEEF,2026-07-14,NL3561968038,204229.0
OEEF,2026-07-14,NL7847386088,43613.0
OEEF,2026-07-14,NL6941161118,60916.0
OEEF,2026-07-14,NL5479347757,120895.0
OEEF,2026-07-14,NL0787902567,60672.0
OEEF,2026-07-14,NL4737878610,49498.0
OEEF,2026-07-14,NL4404510816,27169.0
OEEF,2026-07-14,IE8257095800,92030.0
OEEF,2026-07-15,GB0630101115,568599.0
OEEF,2026-07-15,GB1244338610,1711170.0
OEEF,2026-07-15,GB5763176813,469731.0
OEEF,2026-07-15,GB8282759830,369617.0
OEEF,2026-07-15,GB8078978300,328607.0
OEEF,2026-07-15,GB6922049515,252073.0
OEEF,2026-07-15,GB4272147544,256710.0
OEEF,2026-07-15,GB4883681873,62990.0
OEEF,2026-07-15,DE2058988387,181203.0
OEEF,2026-07-15,DE2188617561,123035.0
OEEF,2026-07-15,DE8240052946,33296.0
OEEF,2026-07-15,DE2296302361,15771.0
OEEF,2026-07-15,DE3565562488,19222.0
OEEF,2026-07-15,DE4219017920,93256.0
OEEF,2026-07-15,DE3263394742,48531.0
OEEF,2026-07-15,DE0240247409,678570.0
OEEF,2026-07-15,NL8794770442,49360.0
OEEF,2026-07-15,NL3561968038,204229.0
OEEF,2026-07-15,NL7847386088,43613.0
OEEF,2026-07-15,NL6941161118,60916.0
OEEF,2026-07-15,NL5479347757,120895.0
OEEF,2026-07-15,NL0787902567,60672.0
OEEF,2026-07-15,NL4737878610,49498.0
OEEF,2026-07-15,NL4404510816,27169.0
OEEF,2026-07-15,IE8257095800,92030.0
OEEF,2026-07-16,GB0630101115,568599.0
OEEF,2026-07-16,GB1244338610,1711170.0
OEEF,2026-07-16,GB5763176813,469731.0
OEEF,2026-07-16,GB8282759830,369617.0
OEEF,2026-07-16,GB8078978300,328607.0
OEEF,2026-07-16,GB6922049515,252073.0
OEEF,2026-07-16,GB4272147544,256710.0
OEEF,2026-07-16,GB4883681873,62990.0
OEEF,2026-07-16,DE2058988387,181203.0
OEEF,2026-07-16,DE2188617561,123035.0
OEEF,2026-07-16,DE8240052946,33296.0
OEEF,2026-07-16,DE2296302361,15771.0
OEEF,2026-07-16,DE3565562488,19222.0
OEEF,2026-07-16,DE4219017920,93256.0
OEEF,2026-07-16,DE3263394742,48531.0
OEEF,2026-07-16,DE0240247409,678570.0
OEEF,2026-07-16,NL8794770442,49360.0
OEEF,2026-07-16,NL3561968038,204229.0
OEEF,2026-07-16,NL7847386088,43613.0
OEEF,2026-07-16,NL6941161118,60916.0
OEEF,2026-07-16,NL5479347757,120895.0
OEEF,2026-07-16,NL0787902567,60672.0
OEEF,2026-07-16,NL4737878610,49498.0
OEEF,2026-07-16,NL4404510816,27169.0
OEEF,2026-07-16,IE8257095800,92030.0
OEEF,2026-07-17,GB0630101115,568599.0
OEEF,2026-07-17,GB1244338610,1711170.0
OEEF,2026-07-17,GB5763176813,469731.0
OEEF,2026-07-17,GB8282759830,369617.0
OEEF,2026-07-17,GB8078978300,328607.0
OEEF,2026-07-17,GB6922049515,252073.0
OEEF,2026-07-17,GB4272147544,256710.0
OEEF,2026-07-17,GB4883681873,62990.0
OEEF,2026-07-17,DE2058988387,181203.0
OEEF,2026-07-17,DE2188617561,123035.0
OEEF,2026-07-17,DE8240052946,33296.0
OEEF,2026-07-17,DE2296302361,15771.0
OEEF,2026-07-17,DE3565562488,19222.0
OEEF,2026-07-17,DE4219017920,93256.0
OEEF,2026-07-17,DE3263394742,48531.0
OEEF,2026-07-17,DE0240247409,678570.0
OEEF,2026-07-17,NL8794770442,49360.0
OEEF,2026-07-17,NL3561968038,204229.0
OEEF,2026-07-17,NL7847386088,43613.0
OEEF,2026-07-17,NL6941161118,60916.0
OEEF,2026-07-17,NL5479347757,120895.0
OEEF,2026-07-17,NL0787902567,60672.0
OEEF,2026-07-17,NL4737878610,49498.0
OEEF,2026-07-17,NL4404510816,27169.0
OEEF,2026-07-17,IE8257095800,92030.0
OEEF,2026-07-20,GB0630101115,568599.0
OEEF,2026-07-20,GB1244338610,1711170.0
OEEF,2026-07-20,GB5763176813,469731.0
OEEF,2026-07-20,GB8282759830,369617.0
OEEF,2026-07-20,GB8078978300,328607.0
OEEF,2026-07-20,GB6922049515,252073.0
OEEF,2026-07-20,GB4272147544,256710.0
OEEF,2026-07-20,GB4883681873,62990.0
OEEF,2026-07-20,DE2058988387,181203.0
OEEF,2026-07-20,DE2188617561,123035.0
OEEF,2026-07-20,DE8240052946,33296.0
OEEF,2026-07-20,DE2296302361,15771.0
OEEF,2026-07-20,DE3565562488,19222.0
OEEF,2026-07-20,DE4219017920,93256.0
OEEF,2026-07-20,DE3263394742,48531.0
OEEF,2026-07-20,DE0240247409,678570.0
OEEF,2026-07-20,NL8794770442,49360.0
OEEF,2026-07-20,NL3561968038,204229.0
OEEF,2026-07-20,NL7847386088,43613.0
OEEF,2026-07-20,NL6941161118,60916.0
OEEF,2026-07-20,NL5479347757,120895.0
OEEF,2026-07-20,NL0787902567,60672.0
OEEF,2026-07-20,NL4737878610,49498.0
OEEF,2026-07-20,NL4404510816,27169.0
OEEF,2026-07-20,IE8257095800,92030.0
OEEF,2026-07-21,GB0630101115,568599.0
OEEF,2026-07-21,GB1244338610,1711170.0
OEEF,2026-07-21,GB5763176813,469731.0
OEEF,2026-07-21,GB8282759830,369617.0
OEEF,2026-07-21,GB8078978300,328607.0
OEEF,2026-07-21,GB6922049515,252073.0
OEEF,2026-07-21,GB4272147544,256710.0
OEEF,2026-07-21,GB4883681873,62990.0
OEEF,2026-07-21,DE2058988387,181203.0
OEEF,2026-07-21,DE2188617561,123035.0
OEEF,2026-07-21,DE8240052946,33296.0
OEEF,2026-07-21,DE2296302361,15771.0
OEEF,2026-07-21,DE3565562488,19222.0
OEEF,2026-07-21,DE4219017920,93256.0
OEEF,2026-07-21,DE3263394742,48531.0
OEEF,2026-07-21,DE0240247409,678570.0
OEEF,2026-07-21,NL8794770442,49360.0
OEEF,2026-07-21,NL3561968038,204229.0
OEEF,2026-07-21,NL7847386088,43613.0
OEEF,2026-07-21,NL6941161118,60916.0
OEEF,2026-07-21,NL5479347757,120895.0
OEEF,2026-07-21,NL0787902567,60672.0
OEEF,2026-07-21,NL4737878610,49498.0
OEEF,2026-07-21,NL4404510816,27169.0
OEEF,2026-07-21,IE8257095800,92030.0
OEEF,2026-07-22,GB0630101115,568599.0
OEEF,2026-07-22,GB1244338610,1711170.0
OEEF,2026-07-22,GB5763176813,469731.0
OEEF,2026-07-22,GB8282759830,369617.0
OEEF,2026-07-22,GB8078978300,328607.0
OEEF,2026-07-22,GB6922049515,252073.0
OEEF,2026-07-22,GB4272147544,256710.0
OEEF,2026-07-22,GB4883681873,62990.0
OEEF,2026-07-22,DE2058988387,181203.0
OEEF,2026-07-22,DE2188617561,123035.0
OEEF,2026-07-22,DE8240052946,33296.0
OEEF,2026-07-22,DE2296302361,15771.0
OEEF,2026-07-22,DE3565562488,19222.0
OEEF,2026-07-22,DE4219017920,93256.0
OEEF,2026-07-22,DE3263394742,48531.0
OEEF,2026-07-22,DE0240247409,678570.0
OEEF,2026-07-22,NL8794770442,49360.0
OEEF,2026-07-22,NL3561968038,204229.0
OEEF,2026-07-22,NL7847386088,43613.0
OEEF,2026-07-22,NL6941161118,60916.0
OEEF,2026-07-22,NL5479347757,120895.0
OEEF,2026-07-22,NL0787902567,60672.0
OEEF,2026-07-22,NL4737878610,49498.0
OEEF,2026-07-22,NL4404510816,27169.0
OEEF,2026-07-22,IE8257095800,92030.0
OEEF,2026-07-23,GB0630101115,568599.0
OEEF,2026-07-23,GB1244338610,1711170.0
OEEF,2026-07-23,GB5763176813,469731.0
OEEF,2026-07-23,GB8282759830,369617.0
OEEF,2026-07-23,GB8078978300,328607.0
OEEF,2026-07-23,GB6922049515,252073.0
OEEF,2026-07-23,GB4272147544,256710.0
OEEF,2026-07-23,GB4883681873,62990.0
OEEF,2026-07-23,DE2058988387,181203.0
OEEF,2026-07-23,DE2188617561,123035.0
OEEF,2026-07-23,DE8240052946,33296.0
OEEF,2026-07-23,DE2296302361,15771.0
OEEF,2026-07-23,DE3565562488,19222.0
OEEF,2026-07-23,DE4219017920,93256.0
OEEF,2026-07-23,DE3263394742,48531.0
OEEF,2026-07-23,DE0240247409,678570.0
OEEF,2026-07-23,NL8794770442,49360.0
OEEF,2026-07-23,NL3561968038,204229.0
OEEF,2026-07-23,NL7847386088,43613.0
OEEF,2026-07-23,NL6941161118,60916.0
OEEF,2026-07-23,NL5479347757,120895.0
OEEF,2026-07-23,NL0787902567,60672.0
OEEF,2026-07-23,NL4737878610,49498.0
OEEF,2026-07-23,NL4404510816,27169.0
OEEF,2026-07-23,IE8257095800,92030.0
OEEF,2026-07-24,GB0630101115,568599.0
OEEF,2026-07-24,GB1244338610,1711170.0
OEEF,2026-07-24,GB5763176813,469731.0
OEEF,2026-07-24,GB8282759830,369617.0
OEEF,2026-07-24,GB8078978300,328607.0
OEEF,2026-07-24,GB6922049515,252073.0
OEEF,2026-07-24,GB4272147544,256710.0
OEEF,2026-07-24,GB4883681873,62990.0
OEEF,2026-07-24,DE2058988387,181203.0
OEEF,2026-07-24,DE2188617561,123035.0
OEEF,2026-07-24,DE8240052946,33296.0
OEEF,2026-07-24,DE2296302361,15771.0
OEEF,2026-07-24,DE3565562488,19222.0
OEEF,2026-07-24,DE4219017920,93256.0
OEEF,2026-07-24,DE3263394742,48531.0
OEEF,2026-07-24,DE0240247409,678570.0
OEEF,2026-07-24,NL8794770442,49360.0
OEEF,2026-07-24,NL3561968038,204229.0
OEEF,2026-07-24,NL7847386088,43613.0
OEEF,2026-07-24,NL6941161118,60916.0
OEEF,2026-07-24,NL5479347757,120895.0
OEEF,2026-07-24,NL0787902567,60672.0
OEEF,2026-07-24,NL4737878610,49498.0
OEEF,2026-07-24,NL4404510816,27169.0
OEEF,2026-07-24,IE8257095800,92030.0
OEEF,2026-07-27,GB0630101115,568599.0
OEEF,2026-07-27,GB1244338610,1711170.0
OEEF,2026-07-27,GB5763176813,469731.0
OEEF,2026-07-27,GB8282759830,369617.0
OEEF,2026-07-27,GB8078978300,328607.0
OEEF,2026-07-27,GB6922049515,252073.0
OEEF,2026-07-27,GB4272147544,256710.0
OEEF,2026-07-27,GB4883681873,62990.0
OEEF,2026-07-27,DE2058988387,181203.0
OEEF,2026-07-27,DE2188617561,123035.0
OEEF,2026-07-27,DE8240052946,33296.0
OEEF,2026-07-27,DE2296302361,15771.0
OEEF,2026-07-27,DE3565562488,19222.0
OEEF,2026-07-27,DE4219017920,93256.0
OEEF,2026-07-27,DE3263394742,48531.0
OEEF,2026-07-27,DE0240247409,678570.0
OEEF,2026-07-27,NL8794770442,49360.0
OEEF,2026-07-27,NL3561968038,204229.0
OEEF,2026-07-27,NL7847386088,43613.0
OEEF,2026-07-27,NL6941161118,60916.0
OEEF,2026-07-27,NL5479347757,120895.0
OEEF,2026-07-27,NL0787902567,60672.0
OEEF,2026-07-27,NL4737878610,49498.0
OEEF,2026-07-27,NL4404510816,27169.0
OEEF,2026-07-27,IE8257095800,92030.0
OEEF,2026-07-28,GB0630101115,568599.0
OEEF,2026-07-28,GB1244338610,1711170.0
OEEF,2026-07-28,GB5763176813,469731.0
OEEF,2026-07-28,GB8282759830,369617.0
OEEF,2026-07-28,GB8078978300,328607.0
OEEF,2026-07-28,GB6922049515,252073.0
OEEF,2026-07-28,GB4272147544,256710.0
OEEF,2026-07-28,GB4883681873,62990.0
OEEF,2026-07-28,DE2058988387,181203.0
OEEF,2026-07-28,DE2188617561,123035.0
OEEF,2026-07-28,DE8240052946,33296.0
OEEF,2026-07-28,DE2296302361,15771.0
OEEF,2026-07-28,DE3565562488,19222.0
OEEF,2026-07-28,DE4219017920,93256.0
OEEF,2026-07-28,DE3263394742,48531.0
OEEF,2026-07-28,DE0240247409,678570.0
OEEF,2026-07-28,NL8794770442,49360.0
OEEF,2026-07-28,NL3561968038,204229.0
OEEF,2026-07-28,NL7847386088,43613.0
OEEF,2026-07-28,NL6941161118,60916.0
OEEF,2026-07-28,NL5479347757,120895.0
OEEF,2026-07-28,NL0787902567,60672.0
OEEF,2026-07-28,NL4737878610,49498.0
OEEF,2026-07-28,NL4404510816,27169.0
OEEF,2026-07-28,IE8257095800,92030.0
OEEF,2026-07-29,GB0630101115,568599.0
OEEF,2026-07-29,GB1244338610,1711170.0
OEEF,2026-07-29,GB5763176813,469731.0
OEEF,2026-07-29,GB8282759830,369617.0
OEEF,2026-07-29,GB8078978300,328607.0
OEEF,2026-07-29,GB6922049515,252073.0
OEEF,2026-07-29,GB4272147544,256710.0
OEEF,2026-07-29,GB4883681873,62990.0
OEEF,2026-07-29,DE2058988387,181203.0
OEEF,2026-07-29,DE2188617561,123035.0
OEEF,2026-07-29,DE8240052946,33296.0
OEEF,2026-07-29,DE2296302361,15771.0
OEEF,2026-07-29,DE3565562488,19222.0
OEEF,2026-07-29,DE4219017920,93256.0
OEEF,2026-07-29,DE3263394742,48531.0
OEEF,2026-07-29,DE0240247409,678570.0
OEEF,2026-07-29,NL8794770442,49360.0
OEEF,2026-07-29,NL3561968038,204229.0
OEEF,2026-07-29,NL7847386088,43613.0
OEEF,2026-07-29,NL6941161118,60916.0
OEEF,2026-07-29,NL5479347757,120895.0
OEEF,2026-07-29,NL0787902567,60672.0
OEEF,2026-07-29,NL4737878610,49498.0
OEEF,2026-07-29,NL4404510816,27169.0
OEEF,2026-07-29,IE8257095800,92030.0
OEEF,2026-07-30,GB0630101115,548539.0
OEEF,2026-07-30,GB1244338610,1711170.0
OEEF,2026-07-30,GB5763176813,469731.0
OEEF,2026-07-30,GB8282759830,369617.0
OEEF,2026-07-30,GB8078978300,328607.0
OEEF,2026-07-30,GB6922049515,252073.0
OEEF,2026-07-30,GB4272147544,256710.0
OEEF,2026-07-30,GB4883681873,62990.0
OEEF,2026-07-30,DE2058988387,181203.0
OEEF,2026-07-30,DE2188617561,123035.0
OEEF,2026-07-30,DE8240052946,33296.0
OEEF,2026-07-30,DE2296302361,15771.0
OEEF,2026-07-30,DE3565562488,19222.0
OEEF,2026-07-30,DE4219017920,93256.0
OEEF,2026-07-30,DE3263394742,48531.0
OEEF,2026-07-30,DE0240247409,678570.0
OEEF,2026-07-30,NL8794770442,49360.0
OEEF,2026-07-30,NL3561968038,204229.0
OEEF,2026-07-30,NL7847386088,43613.0
OEEF,2026-07-30,NL6941161118,55439.0
OEEF,2026-07-30,NL5479347757,125644.0
OEEF,2026-07-30,NL0787902567,60672.0
OEEF,2026-07-30,NL4737878610,49498.0
OEEF,2026-07-30,NL4404510816,27169.0
OEEF,2026-07-30,IE8257095800,92030.0
OEEF,2026-07-31,GB0630101115,548539.0
OEEF,2026-07-31,GB1244338610,1711170.0
OEEF,2026-07-31,GB5763176813,469731.0
OEEF,2026-07-31,GB8282759830,369617.0
OEEF,2026-07-31,GB8078978300,328607.0
OEEF,2026-07-31,GB6922049515,252073.0
OEEF,2026-07-31,GB4272147544,256710.0
OEEF,2026-07-31,GB4883681873,62990.0
OEEF,2026-07-31,DE2058988387,181203.0
OEEF,2026-07-31,DE2188617561,123035.0
OEEF,2026-07-31,DE8240052946,33296.0
OEEF,2026-07-31,DE2296302361,15771.0
OEEF,2026-07-31,DE3565562488,19222.0
OEEF,2026-07-31,DE4219017920,93256.0
OEEF,2026-07-31,DE3263394742,48531.0
OEEF,2026-07-31,DE0240247409,678570.0
OEEF,2026-07-31,NL8794770442,49360.0
OEEF,2026-07-31,NL3561968038,204229.0
OEEF,2026-07-31,NL7847386088,43613.0
OEEF,2026-07-31,NL6941161118,55439.0
OEEF,2026-07-31,NL5479347757,125644.0
OEEF,2026-07-31,NL0787902567,60672.0
OEEF,2026-07-31,NL4737878610,49498.0
OEEF,2026-07-31,NL4404510816,27169.0
OEEF,2026-07-31,IE8257095800,92030.0
OEEF,2026-08-03,GB0630101115,548539.0
OEEF,2026-08-03,GB1244338610,1711170.0
OEEF,2026-08-03,GB5763176813,469731.0
OEEF,2026-08-03,GB8282759830,369617.0
OEEF,2026-08-03,GB8078978300,328607.0
OEEF,2026-08-03,GB6922049515,252073.0
OEEF,2026-08-03,GB4272147544,256710.0
OEEF,2026-08-03,GB4883681873,62990.0
OEEF,2026-08-03,DE2058988387,181203.0
OEEF,2026-08-03,DE2188617561,123035.0
OEEF,2026-08-03,DE8240052946,33296.0
OEEF,2026-08-03,DE2296302361,15771.0
OEEF,2026-08-03,DE3565562488,19222.0
OEEF,2026-08-03,DE4219017920,93256.0
OEEF,2026-08-03,DE3263394742,48531.0
OEEF,2026-08-03,DE0240247409,678570.0
OEEF,2026-08-03,NL8794770442,49360.0
OEEF,2026-08-03,NL3561968038,204229.0
OEEF,2026-08-03,NL7847386088,43613.0
OEEF,2026-08-03,NL6941161118,55439.0
OEEF,2026-08-03,NL5479347757,125644.0
OEEF,2026-08-03,NL0787902567,60672.0
OEEF,2026-08-03,NL4737878610,49498.0
OEEF,2026-08-03,NL4404510816,27169.0
OEEF,2026-08-03,IE8257095800,92030.0
OEEF,2026-08-04,GB0630101115,548539.0
OEEF,2026-08-04,GB1244338610,1711170.0
OEEF,2026-08-04,GB5763176813,469731.0
OEEF,2026-08-04,GB8282759830,369617.0
OEEF,2026-08-04,GB8078978300,328607.0
OEEF,2026-08-04,GB6922049515,252073.0
OEEF,2026-08-04,GB4272147544,256710.0
OEEF,2026-08-04,GB4883681873,62990.0
OEEF,2026-08-04,DE2058988387,181203.0
OEEF,2026-08-04,DE2188617561,123035.0
OEEF,2026-08-04,DE8240052946,33296.0
OEEF,2026-08-04,DE2296302361,15771.0
OEEF,2026-08-04,DE3565562488,19222.0
OEEF,2026-08-04,DE4219017920,93256.0
OEEF,2026-08-04,DE3263394742,48531.0
OEEF,2026-08-04,DE0240247409,678570.0
OEEF,2026-08-04,NL8794770442,49360.0
OEEF,2026-08-04,NL3561968038,204229.0
OEEF,2026-08-04,NL7847386088,43613.0
OEEF,2026-08-04,NL6941161118,55439.0
OEEF,2026-08-04,NL5479347757,125644.0
OEEF,2026-08-04,NL0787902567,60672.0
OEEF,2026-08-04,NL4737878610,49498.0
OEEF,2026-08-04,NL4404510816,27169.0
OEEF,2026-08-04,IE8257095800,92030.0
OEEF,2026-08-05,GB0630101115,548539.0
OEEF,2026-08-05,GB1244338610,1711170.0
OEEF,2026-08-05,GB5763176813,469731.0
OEEF,2026-08-05,GB8282759830,369617.0
OEEF,2026-08-05,GB8078978300,328607.0
OEEF,2026-08-05,GB6922049515,252073.0
OEEF,2026-08-05,GB4272147544,256710.0
OEEF,2026-08-05,GB4883681873,62990.0
OEEF,2026-08-05,DE2058988387,181203.0
OEEF,2026-08-05,DE2188617561,123035.0
OEEF,2026-08-05,DE8240052946,33296.0
OEEF,2026-08-05,DE2296302361,15771.0
OEEF,2026-08-05,DE3565562488,19222.0
OEEF,2026-08-05,DE4219017920,93256.0
OEEF,2026-08-05,DE3263394742,48531.0
OEEF,2026-08-05,DE0240247409,678570.0
OEEF,2026-08-05,NL8794770442,49360.0
OEEF,2026-08-05,NL3561968038,204229.0
OEEF,2026-08-05,NL7847386088,43613.0
OEEF,2026-08-05,NL6941161118,55439.0
OEEF,2026-08-05,NL5479347757,125644.0
OEEF,2026-08-05,NL0787902567,60672.0
OEEF,2026-08-05,NL4737878610,49498.0
OEEF,2026-08-05,NL4404510816,27169.0
OEEF,2026-08-05,IE8257095800,92030.0
OEEF,2026-08-06,GB0630101115,548539.0
OEEF,2026-08-06,GB1244338610,1711170.0
OEEF,2026-08-06,GB5763176813,469731.0
OEEF,2026-08-06,GB8282759830,369617.0
OEEF,2026-08-06,GB8078978300,328607.0
OEEF,2026-08-06,GB6922049515,252073.0
OEEF,2026-08-06,GB4272147544,256710.0
OEEF,2026-08-06,GB4883681873,62990.0
OEEF,2026-08-06,DE2058988387,181203.0
OEEF,2026-08-06,DE2188617561,123035.0
OEEF,2026-08-06,DE8240052946,33296.0
OEEF,2026-08-06,DE2296302361,15771.0
OEEF,2026-08-06,DE3565562488,19222.0
OEEF,2026-08-06,DE4219017920,93256.0
OEEF,2026-08-06,DE3263394742,48531.0
OEEF,2026-08-06,DE0240247409,678570.0
OEEF,2026-08-06,NL8794770442,49360.0
OEEF,2026-08-06,NL3561968038,204229.0
OEEF,2026-08-06,NL7847386088,43613.0
OEEF,2026-08-06,NL6941161118,55439.0
OEEF,2026-08-06,NL5479347757,125644.0
OEEF,2026-08-06,NL0787902567,60672.0
OEEF,2026-08-06,NL4737878610,49498.0
OEEF,2026-08-06,NL4404510816,27169.0
OEEF,2026-08-06,IE8257095800,92030.0
OEEF,2026-08-07,GB0630101115,548539.0
OEEF,2026-08-07,GB1244338610,1711170.0
OEEF,2026-08-07,GB5763176813,469731.0
OEEF,2026-08-07,GB8282759830,369617.0
OEEF,2026-08-07,GB8078978300,328607.0
OEEF,2026-08-07,GB6922049515,252073.0
OEEF,2026-08-07,GB4272147544,256710.0
OEEF,2026-08-07,GB4883681873,62990.0
OEEF,2026-08-07,DE2058988387,181203.0
OEEF,2026-08-07,DE2188617561,123035.0
OEEF,2026-08-07,DE8240052946,33296.0
OEEF,2026-08-07,DE2296302361,15771.0
OEEF,2026-08-07,DE3565562488,19222.0
OEEF,2026-08-07,DE4219017920,93256.0
OEEF,2026-08-07,DE3263394742,48531.0
OEEF,2026-08-07,DE0240247409,678570.0
OEEF,2026-08-07,NL8794770442,49360.0
OEEF,2026-08-07,NL3561968038,204229.0
OEEF,2026-08-07,NL7847386088,43613.0
OEEF,2026-08-07,NL6941161118,55439.0
OEEF,2026-08-07,NL5479347757,125644.0
OEEF,2026-08-07,NL0787902567,60672.0
OEEF,2026-08-07,NL4737878610,49498.0
OEEF,2026-08-07,NL4404510816,27169.0
OEEF,2026-08-07,IE8257095800,92030.0
OEEF,2026-08-10,GB0630101115,548539.0
OEEF,2026-08-10,GB1244338610,1711170.0
OEEF,2026-08-10,GB5763176813,469731.0
OEEF,2026-08-10,GB8282759830,369617.0
OEEF,2026-08-10,GB8078978300,328607.0
OEEF,2026-08-10,GB6922049515,252073.0
OEEF,2026-08-10,GB4272147544,256710.0
OEEF,2026-08-10,GB4883681873,62990.0
OEEF,2026-08-10,DE2058988387,181203.0
OEEF,2026-08-10,DE2188617561,123035.0
OEEF,2026-08-10,DE8240052946,33296.0
OEEF,2026-08-10,DE2296302361,15771.0
OEEF,2026-08-10,DE3565562488,19222.0
OEEF,2026-08-10,DE4219017920,93256.0
OEEF,2026-08-10,DE3263394742,48531.0
OEEF,2026-08-10,DE0240247409,678570.0
OEEF,2026-08-10,NL8794770442,49360.0
OEEF,2026-08-10,NL3561968038,204229.0
OEEF,2026-08-10,NL7847386088,43613.0
OEEF,2026-08-10,NL6941161118,55439.0
OEEF,2026-08-10,NL5479347757,125644.0
OEEF,2026-08-10,NL0787902567,60672.0
OEEF,2026-08-10,NL4737878610,49498.0
OEEF,2026-08-10,NL4404510816,27169.0
OEEF,2026-08-10,IE8257095800,92030.0
OEEF,2026-08-11,GB0630101115,548539.0
OEEF,2026-08-11,GB1244338610,1711170.0
OEEF,2026-08-11,GB5763176813,469731.0
OEEF,2026-08-11,GB8282759830,369617.0
OEEF,2026-08-11,GB8078978300,328607.0
OEEF,2026-08-11,GB6922049515,252073.0
OEEF,2026-08-11,GB4272147544,256710.0
OEEF,2026-08-11,GB4883681873,62990.0
OEEF,2026-08-11,DE2058988387,181203.0
OEEF,2026-08-11,DE2188617561,123035.0
OEEF,2026-08-11,DE8240052946,33296.0
OEEF,2026-08-11,DE2296302361,15771.0
OEEF,2026-08-11,DE3565562488,19222.0
OEEF,2026-08-11,DE4219017920,93256.0
OEEF,2026-08-11,DE3263394742,48531.0
OEEF,2026-08-11,DE0240247409,678570.0
OEEF,2026-08-11,NL8794770442,49360.0
OEEF,2026-08-11,NL3561968038,204229.0
OEEF,2026-08-11,NL7847386088,43613.0
OEEF,2026-08-11,NL6941161118,55439.0
OEEF,2026-08-11,NL5479347757,125644.0
OEEF,2026-08-11,NL0787902567,60672.0
OEEF,2026-08-11,NL4737878610,49498.0
OEEF,2026-08-11,NL4404510816,27169.0
OEEF,2026-08-11,IE8257095800,92030.0
OEEF,2026-08-12,GB0630101115,548539.0
OEEF,2026-08-12,GB1244338610,1711170.0
OEEF,2026-08-12,GB5763176813,469731.0
OEEF,2026-08-12,GB8282759830,369617.0
OEEF,2026-08-12,GB8078978300,328607.0
OEEF,2026-08-12,GB6922049515,252073.0
OEEF,2026-08-12,GB4272147544,256710.0
OEEF,2026-08-12,GB4883681873,62990.0
OEEF,2026-08-12,DE2058988387,181203.0
OEEF,2026-08-12,DE2188617561,123035.0
OEEF,2026-08-12,DE8240052946,33296.0
OEEF,2026-08-12,DE2296302361,15771.0
OEEF,2026-08-12,DE3565562488,19222.0
OEEF,2026-08-12,DE4219017920,93256.0
OEEF,2026-08-12,DE3263394742,48531.0
OEEF,2026-08-12,DE0240247409,678570.0
OEEF,2026-08-12,NL8794770442,49360.0
OEEF,2026-08-12,NL3561968038,204229.0
OEEF,2026-08-12,NL7847386088,43613.0
OEEF,2026-08-12,NL6941161118,55439.0
OEEF,2026-08-12,NL5479347757,125644.0
OEEF,2026-08-12,NL0787902567,60672.0
OEEF,2026-08-12,NL4737878610,49498.0
OEEF,2026-08-12,NL4404510816,27169.0
OEEF,2026-08-12,IE8257095800,92030.0
OEEF,2026-08-13,GB0630101115,548539.0
OEEF,2026-08-13,GB1244338610,1711170.0
OEEF,2026-08-13,GB5763176813,469731.0
OEEF,2026-08-13,GB8282759830,369617.0
OEEF,2026-08-13,GB8078978300,328607.0
OEEF,2026-08-13,GB6922049515,252073.0
OEEF,2026-08-13,GB4272147544,256710.0
OEEF,2026-08-13,GB4883681873,62990.0
OEEF,2026-08-13,DE2058988387,181203.0
OEEF,2026-08-13,DE2188617561,123035.0
OEEF,2026-08-13,DE8240052946,33296.0
OEEF,2026-08-13,DE2296302361,15771.0
OEEF,2026-08-13,DE3565562488,19222.0
OEEF,2026-08-13,DE4219017920,93256.0
OEEF,2026-08-13,DE3263394742,48531.0
OEEF,2026-08-13,DE0240247409,678570.0
OEEF,2026-08-13,NL8794770442,49360.0
OEEF,2026-08-13,NL3561968038,204229.0
OEEF,2026-08-13,NL7847386088,43613.0
OEEF,2026-08-13,NL6941161118,55439.0
OEEF,2026-08-13,NL5479347757,125644.0
OEEF,2026-08-13,NL0787902567,60672.0
OEEF,2026-08-13,NL4737878610,49498.0
OEEF,2026-08-13,NL4404510816,27169.0
OEEF,2026-08-13,IE8257095800,92030.0
OEEF,2026-08-14,GB0630101115,548539.0
OEEF,2026-08-14,GB1244338610,1711170.0
OEEF,2026-08-14,GB5763176813,469731.0
OEEF,2026-08-14,GB8282759830,369617.0
OEEF,2026-08-14,GB8078978300,328607.0
OEEF,2026-08-14,GB6922049515,252073.0
OEEF,2026-08-14,GB4272147544,256710.0
OEEF,2026-08-14,GB4883681873,62990.0
OEEF,2026-08-14,DE2058988387,181203.0
OEEF,2026-08-14,DE2188617561,123035.0
OEEF,2026-08-14,DE8240052946,33296.0
OEEF,2026-08-14,DE2296302361,15771.0
OEEF,2026-08-14,DE3565562488,19222.0
OEEF,2026-08-14,DE4219017920,93256.0
OEEF,2026-08-14,DE3263394742,48531.0
OEEF,2026-08-14,DE0240247409,678570.0
OEEF,2026-08-14,NL8794770442,49360.0
OEEF,2026-08-14,NL3561968038,204229.0
OEEF,2026-08-14,NL7847386088,43613.0
OEEF,2026-08-14,NL6941161118,55439.0
OEEF,2026-08-14,NL5479347757,125644.0
OEEF,2026-08-14,NL0787902567,60672.0
OEEF,2026-08-14,NL4737878610,49498.0
OEEF,2026-08-14,NL4404510816,27169.0
OEEF,2026-08-14,IE8257095800,92030.0
OEEF,2026-08-17,GB0630101115,548539.0
OEEF,2026-08-17,GB1244338610,1711170.0
OEEF,2026-08-17,GB5763176813,469731.0
OEEF,2026-08-17,GB8282759830,369617.0
OEEF,2026-08-17,GB8078978300,328607.0
OEEF,2026-08-17,GB6922049515,252073.0
OEEF,2026-08-17,GB4272147544,256710.0
OEEF,2026-08-17,GB4883681873,62990.0
OEEF,2026-08-17,DE2058988387,181203.0
OEEF,2026-08-17,DE2188617561,123035.0
OEEF,2026-08-17,DE8240052946,33296.0
OEEF,2026-08-17,DE2296302361,15771.0
OEEF,2026-08-17,DE3565562488,19222.0
OEEF,2026-08-17,DE4219017920,93256.0
OEEF,2026-08-17,DE3263394742,48531.0
OEEF,2026-08-17,DE0240247409,678570.0
OEEF,2026-08-17,NL8794770442,49360.0
OEEF,2026-08-17,NL3561968038,204229.0
OEEF,2026-08-17,NL7847386088,43613.0
OEEF,2026-08-17,NL6941161118,55439.0
OEEF,2026-08-17,NL5479347757,125644.0
OEEF,2026-08-17,NL0787902567,60672.0
OEEF,2026-08-17,NL4737878610,49498.0
OEEF,2026-08-17,NL4404510816,27169.0
OEEF,2026-08-17,IE8257095800,92030.0
OEEF,2026-08-18,GB0630101115,548539.0
OEEF,2026-08-18,GB1244338610,1711170.0
OEEF,2026-08-18,GB5763176813,469731.0
OEEF,2026-08-18,GB8282759830,369617.0
OEEF,2026-08-18,GB8078978300,328607.0
OEEF,2026-08-18,GB6922049515,252073.0
OEEF,2026-08-18,GB4272147544,256710.0
OEEF,2026-08-18,GB4883681873,62990.0
OEEF,2026-08-18,DE2058988387,181203.0
OEEF,2026-08-18,DE2188617561,123035.0
OEEF,2026-08-18,DE8240052946,33296.0
OEEF,2026-08-18,DE2296302361,15771.0
OEEF,2026-08-18,DE3565562488,19222.0
OEEF,2026-08-18,DE4219017920,93256.0
OEEF,2026-08-18,DE3263394742,48531.0
OEEF,2026-08-18,DE0240247409,678570.0
OEEF,2026-08-18,NL8794770442,49360.0
OEEF,2026-08-18,NL3561968038,204229.0
OEEF,2026-08-18,NL7847386088,43613.0
OEEF,2026-08-18,NL6941161118,55439.0
OEEF,2026-08-18,NL5479347757,125644.0
OEEF,2026-08-18,NL0787902567,60672.0
OEEF,2026-08-18,NL4737878610,49498.0
OEEF,2026-08-18,NL4404510816,27169.0
OEEF,2026-08-18,IE8257095800,92030.0
OEEF,2026-08-19,GB0630101115,548539.0
OEEF,2026-08-19,GB1244338610,1711170.0
OEEF,2026-08-19,GB5763176813,469731.0
OEEF,2026-08-19,GB8282759830,369617.0
OEEF,2026-08-19,GB8078978300,328607.0
OEEF,2026-08-19,GB6922049515,252073.0
OEEF,2026-08-19,GB4272147544,256710.0
OEEF,2026-08-19,GB4883681873,62990.0
OEEF,2026-08-19,DE2058988387,181203.0
OEEF,2026-08-19,DE2188617561,123035.0
OEEF,2026-08-19,DE8240052946,33296.0
OEEF,2026-08-19,DE2296302361,15771.0
OEEF,2026-08-19,DE3565562488,19222.0
OEEF,2026-08-19,DE4219017920,93256.0
OEEF,2026-08-19,DE3263394742,48531.0
OEEF,2026-08-19,DE0240247409,678570.0
OEEF,2026-08-19,NL8794770442,49360.0
OEEF,2026-08-19,NL3561968038,204229.0
OEEF,2026-08-19,NL7847386088,43613.0
OEEF,2026-08-19,NL6941161118,55439.0
OEEF,2026-08-19,NL5479347757,125644.0
OEEF,2026-08-19,NL0787902567,60672.0
OEEF,2026-08-19,NL4737878610,49498.0
OEEF,2026-08-19,NL4404510816,27169.0
OEEF,2026-08-19,IE8257095800,92030.0
OEEF,2026-08-20,GB0630101115,548539.0
OEEF,2026-08-20,GB1244338610,1711170.0
OEEF,2026-08-20,GB5763176813,469731.0
OEEF,2026-08-20,GB8282759830,369617.0
OEEF,2026-08-20,GB8078978300,328607.0
OEEF,2026-08-20,GB6922049515,252073.0
OEEF,2026-08-20,GB4272147544,256710.0
OEEF,2026-08-20,GB4883681873,62990.0
OEEF,2026-08-20,DE2058988387,181203.0
OEEF,2026-08-20,DE2188617561,123035.0
OEEF,2026-08-20,DE8240052946,33296.0
OEEF,2026-08-20,DE2296302361,15771.0
OEEF,2026-08-20,DE3565562488,19222.0
OEEF,2026-08-20,DE4219017920,93256.0
OEEF,2026-08-20,DE3263394742,48531.0
OEEF,2026-08-20,DE0240247409,678570.0
OEEF,2026-08-20,NL8794770442,49360.0
OEEF,2026-08-20,NL3561968038,204229.0
OEEF,2026-08-20,NL7847386088,43613.0
OEEF,2026-08-20,NL6941161118,55439.0
OEEF,2026-08-20,NL5479347757,125644.0
OEEF,2026-08-20,NL0787902567,60672.0
OEEF,2026-08-20,NL4737878610,49498.0
OEEF,2026-08-20,NL4404510816,27169.0
OEEF,2026-08-20,IE8257095800,92030.0
OEEF,2026-08-21,GB0630101115,548539.0
OEEF,2026-08-21,GB1244338610,1711170.0
OEEF,2026-08-21,GB5763176813,469731.0
OEEF,2026-08-21,GB8282759830,369617.0
OEEF,2026-08-21,GB8078978300,328607.0
OEEF,2026-08-21,GB6922049515,252073.0
OEEF,2026-08-21,GB4272147544,256710.0
OEEF,2026-08-21,GB4883681873,62990.0
OEEF,2026-08-21,DE2058988387,181203.0
OEEF,2026-08-21,DE2188617561,123035.0
OEEF,2026-08-21,DE8240052946,33296.0
OEEF,2026-08-21,DE2296302361,15771.0
OEEF,2026-08-21,DE3565562488,19222.0
OEEF,2026-08-21,DE4219017920,93256.0
OEEF,2026-08-21,DE3263394742,48531.0
OEEF,2026-08-21,DE0240247409,678570.0
OEEF,2026-08-21,NL8794770442,49360.0
OEEF,2026-08-21,NL3561968038,204229.0
OEEF,2026-08-21,NL7847386088,43613.0
OEEF,2026-08-21,NL6941161118,55439.0
OEEF,2026-08-21,NL5479347757,125644.0
OEEF,2026-08-21,NL0787902567,60672.0
OEEF,2026-08-21,NL4737878610,49498.0
OEEF,2026-08-21,NL4404510816,27169.0
OEEF,2026-08-21,IE8257095800,92030.0
OEEF,2026-08-24,GB0630101115,548539.0
OEEF,2026-08-24,GB1244338610,1711170.0
OEEF,2026-08-24,GB5763176813,469731.0
OEEF,2026-08-24,GB8282759830,369617.0
OEEF,2026-08-24,GB8078978300,328607.0
OEEF,2026-08-24,GB6922049515,252073.0
OEEF,2026-08-24,GB4272147544,256710.0
OEEF,2026-08-24,GB4883681873,62990.0
OEEF,2026-08-24,DE2058988387,181203.0
OEEF,2026-08-24,DE2188617561,123035.0
OEEF,2026-08-24,DE8240052946,33296.0
OEEF,2026-08-24,DE2296302361,15771.0
OEEF,2026-08-24,DE3565562488,19222.0
OEEF,2026-08-24,DE4219017920,93256.0
OEEF,2026-08-24,DE3263394742,48531.0
OEEF,2026-08-24,DE0240247409,678570.0
OEEF,2026-08-24,NL8794770442,49360.0
OEEF,2026-08-24,NL3561968038,204229.0
OEEF,2026-08-24,NL7847386088,43613.0
OEEF,2026-08-24,NL6941161118,55439.0
OEEF,2026-08-24,NL5479347757,125644.0
OEEF,2026-08-24,NL0787902567,60672.0
OEEF,2026-08-24,NL4737878610,49498.0
OEEF,2026-08-24,NL4404510816,27169.0
OEEF,2026-08-24,IE8257095800,92030.0
OEEF,2026-08-25,GB0630101115,548539.0
OEEF,2026-08-25,GB1244338610,1711170.0
OEEF,2026-08-25,GB5763176813,469731.0
OEEF,2026-08-25,GB8282759830,369617.0
OEEF,2026-08-25,GB8078978300,328607.0
OEEF,2026-08-25,GB6922049515,252073.0
OEEF,2026-08-25,GB4272147544,256710.0
OEEF,2026-08-25,GB4883681873,62990.0
OEEF,2026-08-25,DE2058988387,181203.0
OEEF,2026-08-25,DE2188617561,123035.0
OEEF,2026-08-25,DE8240052946,33296.0
OEEF,2026-08-25,DE2296302361,15771.0
OEEF,2026-08-25,DE3565562488,19222.0
OEEF,2026-08-25,DE4219017920,93256.0
OEEF,2026-08-25,DE3263394742,48531.0
OEEF,2026-08-25,DE0240247409,678570.0
OEEF,2026-08-25,NL8794770442,49360.0
OEEF,2026-08-25,NL3561968038,204229.0
OEEF,2026-08-25,NL7847386088,43613.0
OEEF,2026-08-25,NL6941161118,55439.0
OEEF,2026-08-25,NL5479347757,125644.0
OEEF,2026-08-25,NL0787902567,60672.0
OEEF,2026-08-25,NL4737878610,49498.0
OEEF,2026-08-25,NL4404510816,27169.0
OEEF,2026-08-25,IE8257095800,92030.0
OEEF,2026-08-26,GB0630101115,548539.0
OEEF,2026-08-26,GB1244338610,1711170.0
OEEF,2026-08-26,GB5763176813,469731.0
OEEF,2026-08-26,GB8282759830,369617.0
OEEF,2026-08-26,GB8078978300,328607.0
OEEF,2026-08-26,GB6922049515,252073.0
OEEF,2026-08-26,GB4272147544,256710.0
OEEF,2026-08-26,GB4883681873,62990.0
OEEF,2026-08-26,DE2058988387,181203.0
OEEF,2026-08-26,DE2188617561,123035.0
OEEF,2026-08-26,DE8240052946,33296.0
OEEF,2026-08-26,DE2296302361,15771.0
OEEF,2026-08-26,DE3565562488,19222.0
OEEF,2026-08-26,DE4219017920,93256.0
OEEF,2026-08-26,DE3263394742,48531.0
OEEF,2026-08-26,DE0240247409,678570.0
OEEF,2026-08-26,NL8794770442,49360.0
OEEF,2026-08-26,NL3561968038,204229.0
OEEF,2026-08-26,NL7847386088,43613.0
OEEF,2026-08-26,NL6941161118,55439.0
OEEF,2026-08-26,NL5479347757,125644.0
OEEF,2026-08-26,NL0787902567,60672.0
OEEF,2026-08-26,NL4737878610,49498.0
OEEF,2026-08-26,NL4404510816,27169.0
OEEF,2026-08-26,IE8257095800,92030.0
OEEF,2026-08-27,GB0630101115,548539.0
OEEF,2026-08-27,GB1244338610,1711170.0
OEEF,2026-08-27,GB5763176813,469731.0
OEEF,2026-08-27,GB8282759830,369617.0
OEEF,2026-08-27,GB8078978300,328607.0
OEEF,2026-08-27,GB6922049515,252073.0
OEEF,2026-08-27,GB4272147544,256710.0
OEEF,2026-08-27,GB4883681873,62990.0
OEEF,2026-08-27,DE2058988387,181203.0
OEEF,2026-08-27,DE2188617561,123035.0
OEEF,2026-08-27,DE8240052946,33296.0
OEEF,2026-08-27,DE2296302361,15771.0
OEEF,2026-08-27,DE3565562488,19222.0
OEEF,2026-08-27,DE4219017920,93256.0
OEEF,2026-08-27,DE3263394742,48531.0
OEEF,2026-08-27,DE0240247409,678570.0
OEEF,2026-08-27,NL8794770442,49360.0
OEEF,2026-08-27,NL3561968038,204229.0
OEEF,2026-08-27,NL7847386088,43613.0
OEEF,2026-08-27,NL6941161118,55439.0
OEEF,2026-08-27,NL5479347757,125644.0
OEEF,2026-08-27,NL0787902567,60672.0
OEEF,2026-08-27,NL4737878610,49498.0
OEEF,2026-08-27,NL4404510816,27169.0
OEEF,2026-08-27,IE8257095800,92030.0
OEEF,2026-08-28,GB0630101115,548539.0
OEEF,2026-08-28,GB1244338610,1664441.0
OEEF,2026-08-28,GB5763176813,498963.0
OEEF,2026-08-28,GB8282759830,369617.0
OEEF,2026-08-28,GB8078978300,328607.0
OEEF,2026-08-28,GB6922049515,237467.0
OEEF,2026-08-28,GB4272147544,256710.0
OEEF,2026-08-28,GB4883681873,62990.0
OEEF,2026-08-28,DE2058988387,181203.0
OEEF,2026-08-28,DE2188617561,123035.0
OEEF,2026-08-28,DE8240052946,33296.0
OEEF,2026-08-28,DE2296302361,15771.0
OEEF,2026-08-28,DE3565562488,19222.0
OEEF,2026-08-28,DE4219017920,93256.0
OEEF,2026-08-28,DE3263394742,48531.0
OEEF,2026-08-28,DE0240247409,678570.0
OEEF,2026-08-28,NL8794770442,49360.0
OEEF,2026-08-28,NL3561968038,204229.0
OEEF,2026-08-28,NL7847386088,43613.0
OEEF,2026-08-28,NL6941161118,55439.0
OEEF,2026-08-28,NL5479347757,125644.0
OEEF,2026-08-28,NL0787902567,60672.0
OEEF,2026-08-28,NL4737878610,49498.0
OEEF,2026-08-28,NL4404510816,27169.0
OEEF,2026-08-28,IE8257095800,92030.0
OEEF,2026-08-31,GB0630101115,548539.0
OEEF,2026-08-31,GB1244338610,1664441.0
OEEF,2026-08-31,GB5763176813,498963.0
OEEF,2026-08-31,GB8282759830,369617.0
OEEF,2026-08-31,GB8078978300,328607.0
OEEF,2026-08-31,GB6922049515,237467.0
OEEF,2026-08-31,GB4272147544,256710.0
OEEF,2026-08-31,GB4883681873,62990.0
OEEF,2026-08-31,DE2058988387,181203.0
OEEF,2026-08-31,DE2188617561,123035.0
OEEF,2026-08-31,DE8240052946,33296.0
OEEF,2026-08-31,DE2296302361,15771.0
OEEF,2026-08-31,DE3565562488,19222.0
OEEF,2026-08-31,DE4219017920,93256.0
OEEF,2026-08-31,DE3263394742,48531.0
OEEF,2026-08-31,DE0240247409,678570.0
OEEF,2026-08-31,NL8794770442,49360.0
OEEF,2026-08-31,NL3561968038,204229.0
OEEF,2026-08-31,NL7847386088,43613.0
OEEF,2026-08-31,NL6941161118,55439.0
OEEF,2026-08-31,NL5479347757,125644.0
OEEF,2026-08-31,NL0787902567,60672.0
OEEF,2026-08-31,NL4737878610,49498.0
OEEF,2026-08-31,NL4404510816,27169.0
OEEF,2026-08-31,IE8257095800,92030.0
OEEF,2026-09-01,GB0630101115,548539.0
OEEF,2026-09-01,GB1244338610,1664441.0
OEEF,2026-09-01,GB5763176813,498963.0
OEEF,2026-09-01,GB8282759830,369617.0
OEEF,2026-09-01,GB8078978300,328607.0
OEEF,2026-09-01,GB6922049515,237467.0
OEEF,2026-09-01,GB4272147544,256710.0
OEEF,2026-09-01,GB4883681873,62990.0
OEEF,2026-09-01,DE2058988387,181203.0
OEEF,2026-09-01,DE2188617561,123035.0
OEEF,2026-09-01,DE8240052946,33296.0
OEEF,2026-09-01,DE2296302361,15771.0
OEEF,2026-09-01,DE3565562488,19222.0
OEEF,2026-09-01,DE4219017920,93256.0
OEEF,2026-09-01,DE3263394742,48531.0
OEEF,2026-09-01,DE0240247409,678570.0
OEEF,2026-09-01,NL8794770442,49360.0
OEEF,2026-09-01,NL3561968038,204229.0
OEEF,2026-09-01,NL7847386088,43613.0
OEEF,2026-09-01,NL6941161118,55439.0
OEEF,2026-09-01,NL5479347757,125644.0
OEEF,2026-09-01,NL0787902567,60672.0
OEEF,2026-09-01,NL4737878610,49498.0
OEEF,2026-09-01,NL4404510816,27169.0
OEEF,2026-09-01,IE8257095800,92030.0
OEEF,2026-09-02,GB0630101115,548539.0
OEEF,2026-09-02,GB1244338610,1664441.0
OEEF,2026-09-02,GB5763176813,498963.0
OEEF,2026-09-02,GB8282759830,369617.0
OEEF,2026-09-02,GB8078978300,328607.0
OEEF,2026-09-02,GB6922049515,237467.0
OEEF,2026-09-02,GB4272147544,256710.0
OEEF,2026-09-02,GB4883681873,62990.0
OEEF,2026-09-02,DE2058988387,181203.0
OEEF,2026-09-02,DE2188617561,123035.0
OEEF,2026-09-02,DE8240052946,33296.0
OEEF,2026-09-02,DE2296302361,15771.0
OEEF,2026-09-02,DE3565562488,19222.0
OEEF,2026-09-02,DE4219017920,93256.0
OEEF,2026-09-02,DE3263394742,48531.0
OEEF,2026-09-02,DE0240247409,678570.0
OEEF,2026-09-02,NL8794770442,49360.0
OEEF,2026-09-02,NL3561968038,204229.0
OEEF,2026-09-02,NL7847386088,43613.0
OEEF,2026-09-02,NL6941161118,55439.0
OEEF,2026-09-02,NL5479347757,125644.0
OEEF,2026-09-02,NL0787902567,60672.0
OEEF,2026-09-02,NL4737878610,49498.0
OEEF,2026-09-02,NL4404510816,27169.0
OEEF,2026-09-02,IE8257095800,92030.0
OEEF,2026-09-03,GB0630101115,548539.0
OEEF,2026-09-03,GB1244338610,1664441.0
OEEF,2026-09-03,GB5763176813,498963.0
OEEF,2026-09-03,GB8282759830,369617.0
OEEF,2026-09-03,GB8078978300,328607.0
OEEF,2026-09-03,GB6922049515,237467.0
OEEF,2026-09-03,GB4272147544,256710.0
OEEF,2026-09-03,GB4883681873,62990.0
OEEF,2026-09-03,DE2058988387,181203.0
OEEF,2026-09-03,DE2188617561,123035.0
OEEF,2026-09-03,DE8240052946,33296.0
OEEF,2026-09-03,DE2296302361,15771.0
OEEF,2026-09-03,DE3565562488,19222.0
OEEF,2026-09-03,DE4219017920,93256.0
OEEF,2026-09-03,DE3263394742,48531.0
OEEF,2026-09-03,DE0240247409,678570.0
OEEF,2026-09-03,NL8794770442,49360.0
OEEF,2026-09-03,NL3561968038,204229.0
OEEF,2026-09-03,NL7847386088,43613.0
OEEF,2026-09-03,NL6941161118,55439.0
OEEF,2026-09-03,NL5479347757,125644.0
OEEF,2026-09-03,NL0787902567,60672.0
OEEF,2026-09-03,NL4737878610,49498.0
OEEF,2026-09-03,NL4404510816,27169.0
OEEF,2026-09-03,IE8257095800,92030.0
OEEF,2026-09-04,GB0630101115,548539.0
OEEF,2026-09-04,GB1244338610,1664441.0
OEEF,2026-09-04,GB5763176813,498963.0
OEEF,2026-09-04,GB8282759830,369617.0
OEEF,2026-09-04,GB8078978300,328607.0
OEEF,2026-09-04,GB6922049515,237467.0
OEEF,2026-09-04,GB4272147544,256710.0
OEEF,2026-09-04,GB4883681873,62990.0
OEEF,2026-09-04,DE2058988387,181203.0
OEEF,2026-09-04,DE2188617561,123035.0
OEEF,2026-09-04,DE8240052946,33296.0
OEEF,2026-09-04,DE2296302361,15771.0
OEEF,2026-09-04,DE3565562488,19222.0
OEEF,2026-09-04,DE4219017920,93256.0
OEEF,2026-09-04,DE3263394742,48531.0
OEEF,2026-09-04,DE0240247409,678570.0
OEEF,2026-09-04,NL8794770442,49360.0
OEEF,2026-09-04,NL3561968038,204229.0
OEEF,2026-09-04,NL7847386088,43613.0
OEEF,2026-09-04,NL6941161118,55439.0
OEEF,2026-09-04,NL5479347757,125644.0
OEEF,2026-09-04,NL0787902567,60672.0
OEEF,2026-09-04,NL4737878610,49498.0
OEEF,2026-09-04,NL4404510816,27169.0
OEEF,2026-09-04,IE8257095800,92030.0
OEEF,2026-09-07,GB0630101115,548539.0
OEEF,2026-09-07,GB1244338610,1664441.0
OEEF,2026-09-07,GB5763176813,498963.0
OEEF,2026-09-07,GB8282759830,369617.0
OEEF,2026-09-07,GB8078978300,328607.0
OEEF,2026-09-07,GB6922049515,237467.0
OEEF,2026-09-07,GB4272147544,256710.0
OEEF,2026-09-07,GB4883681873,62990.0
OEEF,2026-09-07,DE2058988387,181203.0
OEEF,2026-09-07,DE2188617561,123035.0
OEEF,2026-09-07,DE8240052946,33296.0
OEEF,2026-09-07,DE2296302361,15771.0
OEEF,2026-09-07,DE3565562488,19222.0
OEEF,2026-09-07,DE4219017920,93256.0
OEEF,2026-09-07,DE3263394742,48531.0
OEEF,2026-09-07,DE0240247409,678570.0
OEEF,2026-09-07,NL8794770442,49360.0
OEEF,2026-09-07,NL3561968038,204229.0
OEEF,2026-09-07,NL7847386088,43613.0
OEEF,2026-09-07,NL6941161118,55439.0
OEEF,2026-09-07,NL5479347757,125644.0
OEEF,2026-09-07,NL0787902567,60672.0
OEEF,2026-09-07,NL4737878610,49498.0
OEEF,2026-09-07,NL4404510816,27169.0
OEEF,2026-09-07,IE8257095800,92030.0
OEEF,2026-09-08,GB0630101115,548539.0
OEEF,2026-09-08,GB1244338610,1664441.0
OEEF,2026-09-08,GB5763176813,498963.0
OEEF,2026-09-08,GB8282759830,369617.0
OEEF,2026-09-08,GB8078978300,328607.0
OEEF,2026-09-08,GB6922049515,237467.0
OEEF,2026-09-08,GB4272147544,256710.0
OEEF,2026-09-08,GB4883681873,62990.0
OEEF,2026-09-08,DE2058988387,181203.0
OEEF,2026-09-08,DE2188617561,123035.0
OEEF,2026-09-08,DE8240052946,33296.0
OEEF,2026-09-08,DE2296302361,15771.0
OEEF,2026-09-08,DE3565562488,19222.0
OEEF,2026-09-08,DE4219017920,93256.0
OEEF,2026-09-08,DE3263394742,48531.0
OEEF,2026-09-08,DE0240247409,678570.0
OEEF,2026-09-08,NL8794770442,49360.0
OEEF,2026-09-08,NL3561968038,204229.0
OEEF,2026-09-08,NL7847386088,43613.0
OEEF,2026-09-08,NL6941161118,55439.0
OEEF,2026-09-08,NL5479347757,125644.0
OEEF,2026-09-08,NL0787902567,60672.0
OEEF,2026-09-08,NL4737878610,49498.0
OEEF,2026-09-08,NL4404510816,27169.0
OEEF,2026-09-08,IE8257095800,92030.0
OEEF,2026-09-09,GB0630101115,548539.0
OEEF,2026-09-09,GB1244338610,1664441.0
OEEF,2026-09-09,GB5763176813,498963.0
OEEF,2026-09-09,GB8282759830,369617.0
OEEF,2026-09-09,GB8078978300,328607.0
OEEF,2026-09-09,GB6922049515,237467.0
OEEF,2026-09-09,GB4272147544,256710.0
OEEF,2026-09-09,GB4883681873,62990.0
OEEF,2026-09-09,DE2058988387,181203.0
OEEF,2026-09-09,DE2188617561,123035.0
OEEF,2026-09-09,DE8240052946,33296.0
OEEF,2026-09-09,DE2296302361,15771.0
OEEF,2026-09-09,DE3565562488,19222.0
OEEF,2026-09-09,DE4219017920,93256.0
OEEF,2026-09-09,DE3263394742,48531.0
OEEF,2026-09-09,DE0240247409,678570.0
OEEF,2026-09-09,NL8794770442,49360.0
OEEF,2026-09-09,NL3561968038,204229.0
OEEF,2026-09-09,NL7847386088,43613.0
OEEF,2026-09-09,NL6941161118,55439.0
OEEF,2026-09-09,NL5479347757,125644.0
OEEF,2026-09-09,NL0787902567,60672.0
OEEF,2026-09-09,NL4737878610,49498.0
OEEF,2026-09-09,NL4404510816,27169.0
OEEF,2026-09-09,IE8257095800,92030.0
OEEF,2026-09-10,GB0630101115,548539.0
OEEF,2026-09-10,GB1244338610,1664441.0
OEEF,2026-09-10,GB5763176813,498963.0
OEEF,2026-09-10,GB8282759830,369617.0
OEEF,2026-09-10,GB8078978300,328607.0
OEEF,2026-09-10,GB6922049515,237467.0
OEEF,2026-09-10,GB4272147544,256710.0
OEEF,2026-09-10,GB4883681873,62990.0
OEEF,2026-09-10,DE2058988387,181203.0
OEEF,2026-09-10,DE2188617561,123035.0
OEEF,2026-09-10,DE8240052946,33296.0
OEEF,2026-09-10,DE2296302361,15771.0
OEEF,2026-09-10,DE3565562488,19222.0
OEEF,2026-09-10,DE4219017920,93256.0
OEEF,2026-09-10,DE3263394742,48531.0
OEEF,2026-09-10,DE0240247409,678570.0
OEEF,2026-09-10,NL8794770442,49360.0
OEEF,2026-09-10,NL3561968038,204229.0
OEEF,2026-09-10,NL7847386088,43613.0
OEEF,2026-09-10,NL6941161118,55439.0
OEEF,2026-09-10,NL5479347757,125644.0
OEEF,2026-09-10,NL0787902567,60672.0
OEEF,2026-09-10,NL4737878610,49498.0
OEEF,2026-09-10,NL4404510816,27169.0
OEEF,2026-09-10,IE8257095800,92030.0
OEEF,2026-09-11,GB0630101115,548539.0
OEEF,2026-09-11,GB1244338610,1664441.0
OEEF,2026-09-11,GB5763176813,498963.0
OEEF,2026-09-11,GB8282759830,369617.0
OEEF,2026-09-11,GB8078978300,328607.0
OEEF,2026-09-11,GB6922049515,237467.0
OEEF,2026-09-11,GB4272147544,256710.0
OEEF,2026-09-11,GB4883681873,62990.0
OEEF,2026-09-11,DE2058988387,181203.0
OEEF,2026-09-11,DE2188617561,123035.0
OEEF,2026-09-11,DE8240052946,33296.0
OEEF,2026-09-11,DE2296302361,15771.0
OEEF,2026-09-11,DE3565562488,19222.0
OEEF,2026-09-11,DE4219017920,93256.0
OEEF,2026-09-11,DE3263394742,48531.0
OEEF,2026-09-11,DE0240247409,678570.0
OEEF,2026-09-11,NL8794770442,49360.0
OEEF,2026-09-11,NL3561968038,204229.0
OEEF,2026-09-11,NL7847386088,43613.0
OEEF,2026-09-11,NL6941161118,55439.0
OEEF,2026-09-11,NL5479347757,125644.0
OEEF,2026-09-11,NL0787902567,60672.0
OEEF,2026-09-11,NL4737878610,49498.0
OEEF,2026-09-11,NL4404510816,27169.0
OEEF,2026-09-11,IE8257095800,92030.0
OEEF,2026-09-14,GB0630101115,548539.0
OEEF,2026-09-14,GB1244338610,1664441.0
OEEF,2026-09-14,GB5763176813,498963.0
OEEF,2026-09-14,GB8282759830,369617.0
OEEF,2026-09-14,GB8078978300,328607.0
OEEF,2026-09-14,GB6922049515,237467.0
OEEF,2026-09-14,GB4272147544,256710.0
OEEF,2026-09-14,GB4883681873,62990.0
OEEF,2026-09-14,DE2058988387,181203.0
OEEF,2026-09-14,DE2188617561,123035.0
OEEF,2026-09-14,DE8240052946,33296.0
OEEF,2026-09-14,DE2296302361,15771.0
OEEF,2026-09-14,DE3565562488,19222.0
OEEF,2026-09-14,DE4219017920,93256.0
OEEF,2026-09-14,DE3263394742,48531.0
OEEF,2026-09-14,DE0240247409,678570.0
OEEF,2026-09-14,NL8794770442,49360.0
OEEF,2026-09-14,NL3561968038,204229.0
OEEF,2026-09-14,NL7847386088,43613.0
OEEF,2026-09-14,NL6941161118,55439.0
OEEF,2026-09-14,NL5479347757,125644.0
OEEF,2026-09-14,NL0787902567,60672.0
OEEF,2026-09-14,NL4737878610,49498.0
OEEF,2026-09-14,NL4404510816,27169.0
OEEF,2026-09-14,IE8257095800,92030.0
OEEF,2026-09-15,GB0630101115,548539.0
OEEF,2026-09-15,GB1244338610,1664441.0
OEEF,2026-09-15,GB5763176813,498963.0
OEEF,2026-09-15,GB8282759830,369617.0
OEEF,2026-09-15,GB8078978300,328607.0
OEEF,2026-09-15,GB6922049515,237467.0
OEEF,2026-09-15,GB4272147544,256710.0
OEEF,2026-09-15,GB4883681873,62990.0
OEEF,2026-09-15,DE2058988387,181203.0
OEEF,2026-09-15,DE2188617561,123035.0
OEEF,2026-09-15,DE8240052946,33296.0
OEEF,2026-09-15,DE2296302361,15771.0
OEEF,2026-09-15,DE3565562488,19222.0
OEEF,2026-09-15,DE4219017920,93256.0
OEEF,2026-09-15,DE3263394742,48531.0
OEEF,2026-09-15,DE0240247409,678570.0
OEEF,2026-09-15,NL8794770442,49360.0
OEEF,2026-09-15,NL3561968038,204229.0
OEEF,2026-09-15,NL7847386088,43613.0
OEEF,2026-09-15,NL6941161118,55439.0
OEEF,2026-09-15,NL5479347757,125644.0
OEEF,2026-09-15,NL0787902567,60672.0
OEEF,2026-09-15,NL4737878610,49498.0
OEEF,2026-09-15,NL4404510816,27169.0
OEEF,2026-09-15,IE8257095800,92030.0
OEEF,2026-09-16,GB0630101115,548539.0
OEEF,2026-09-16,GB1244338610,1664441.0
OEEF,2026-09-16,GB5763176813,498963.0
OEEF,2026-09-16,GB8282759830,369617.0
OEEF,2026-09-16,GB8078978300,328607.0
OEEF,2026-09-16,GB6922049515,237467.0
OEEF,2026-09-16,GB4272147544,256710.0
OEEF,2026-09-16,GB4883681873,62990.0
OEEF,2026-09-16,DE2058988387,181203.0
OEEF,2026-09-16,DE2188617561,123035.0
OEEF,2026-09-16,DE8240052946,33296.0
OEEF,2026-09-16,DE2296302361,15771.0
OEEF,2026-09-16,DE3565562488,19222.0
OEEF,2026-09-16,DE4219017920,93256.0
OEEF,2026-09-16,DE3263394742,48531.0
OEEF,2026-09-16,DE0240247409,678570.0
OEEF,2026-09-16,NL8794770442,49360.0
OEEF,2026-09-16,NL3561968038,204229.0
OEEF,2026-09-16,NL7847386088,43613.0
OEEF,2026-09-16,NL6941161118,55439.0
OEEF,2026-09-16,NL5479347757,125644.0
OEEF,2026-09-16,NL0787902567,60672.0
OEEF,2026-09-16,NL4737878610,49498.0
OEEF,2026-09-16,NL4404510816,27169.0
OEEF,2026-09-16,IE8257095800,92030.0
OEEF,2026-09-17,GB0630101115,548539.0
OEEF,2026-09-17,GB1244338610,1664441.0
OEEF,2026-09-17,GB5763176813,498963.0
OEEF,2026-09-17,GB8282759830,369617.0
OEEF,2026-09-17,GB8078978300,328607.0
OEEF,2026-09-17,GB6922049515,237467.0
OEEF,2026-09-17,GB4272147544,256710.0
OEEF,2026-09-17,GB4883681873,62990.0
OEEF,2026-09-17,DE2058988387,181203.0
OEEF,2026-09-17,DE2188617561,123035.0
OEEF,2026-09-17,DE8240052946,33296.0
OEEF,2026-09-17,DE2296302361,15771.0
OEEF,2026-09-17,DE3565562488,19222.0
OEEF,2026-09-17,DE4219017920,93256.0
OEEF,2026-09-17,DE3263394742,48531.0
OEEF,2026-09-17,DE0240247409,678570.0
OEEF,2026-09-17,NL8794770442,49360.0
OEEF,2026-09-17,NL3561968038,204229.0
OEEF,2026-09-17,NL7847386088,43613.0
OEEF,2026-09-17,NL6941161118,55439.0
OEEF,2026-09-17,NL5479347757,125644.0
OEEF,2026-09-17,NL0787902567,60672.0
OEEF,2026-09-17,NL4737878610,49498.0
OEEF,2026-09-17,NL4404510816,27169.0
OEEF,2026-09-17,IE8257095800,92030.0
OEEF,2026-09-18,GB0630101115,548539.0
OEEF,2026-09-18,GB1244338610,1664441.0
OEEF,2026-09-18,GB5763176813,498963.0
OEEF,2026-09-18,GB8282759830,369617.0
OEEF,2026-09-18,GB8078978300,328607.0
OEEF,2026-09-18,GB6922049515,237467.0
OEEF,2026-09-18,GB4272147544,256710.0
OEEF,2026-09-18,GB4883681873,62990.0
OEEF,2026-09-18,DE2058988387,181203.0
OEEF,2026-09-18,DE2188617561,123035.0
OEEF,2026-09-18,DE8240052946,33296.0
OEEF,2026-09-18,DE2296302361,15771.0
OEEF,2026-09-18,DE3565562488,19222.0
OEEF,2026-09-18,DE4219017920,93256.0
OEEF,2026-09-18,DE3263394742,48531.0
OEEF,2026-09-18,DE0240247409,678570.0
OEEF,2026-09-18,NL8794770442,49360.0
OEEF,2026-09-18,NL3561968038,204229.0
OEEF,2026-09-18,NL7847386088,43613.0
OEEF,2026-09-18,NL6941161118,55439.0
OEEF,2026-09-18,NL5479347757,125644.0
OEEF,2026-09-18,NL0787902567,60672.0
OEEF,2026-09-18,NL4737878610,49498.0
OEEF,2026-09-18,NL4404510816,27169.0
OEEF,2026-09-18,IE8257095800,92030.0
OEEF,2026-09-21,GB0630101115,548539.0
OEEF,2026-09-21,GB1244338610,1664441.0
OEEF,2026-09-21,GB5763176813,498963.0
OEEF,2026-09-21,GB8282759830,369617.0
OEEF,2026-09-21,GB8078978300,328607.0
OEEF,2026-09-21,GB6922049515,237467.0
OEEF,2026-09-21,GB4272147544,256710.0
OEEF,2026-09-21,GB4883681873,62990.0
OEEF,2026-09-21,DE2058988387,181203.0
OEEF,2026-09-21,DE2188617561,123035.0
OEEF,2026-09-21,DE8240052946,33296.0
OEEF,2026-09-21,DE2296302361,15771.0
OEEF,2026-09-21,DE3565562488,19222.0
OEEF,2026-09-21,DE4219017920,93256.0
OEEF,2026-09-21,DE3263394742,48531.0
OEEF,2026-09-21,DE0240247409,678570.0
OEEF,2026-09-21,NL8794770442,49360.0
OEEF,2026-09-21,NL3561968038,204229.0
OEEF,2026-09-21,NL7847386088,43613.0
OEEF,2026-09-21,NL6941161118,55439.0
OEEF,2026-09-21,NL5479347757,125644.0
OEEF,2026-09-21,NL0787902567,60672.0
OEEF,2026-09-21,NL4737878610,49498.0
OEEF,2026-09-21,NL4404510816,27169.0
OEEF,2026-09-21,IE8257095800,92030.0
OEEF,2026-09-22,GB0630101115,548539.0
OEEF,2026-09-22,GB1244338610,1664441.0
OEEF,2026-09-22,GB5763176813,498963.0
OEEF,2026-09-22,GB8282759830,369617.0
OEEF,2026-09-22,GB8078978300,328607.0
OEEF,2026-09-22,GB6922049515,237467.0
OEEF,2026-09-22,GB4272147544,256710.0
OEEF,2026-09-22,GB4883681873,62990.0
OEEF,2026-09-22,DE2058988387,181203.0
OEEF,2026-09-22,DE2188617561,123035.0
OEEF,2026-09-22,DE8240052946,33296.0
OEEF,2026-09-22,DE2296302361,15771.0
OEEF,2026-09-22,DE3565562488,19222.0
OEEF,2026-09-22,DE4219017920,93256.0
OEEF,2026-09-22,DE3263394742,48531.0
OEEF,2026-09-22,DE0240247409,678570.0
OEEF,2026-09-22,NL8794770442,49360.0
OEEF,2026-09-22,NL3561968038,204229.0
OEEF,2026-09-22,NL7847386088,43613.0
OEEF,2026-09-22,NL6941161118,55439.0
OEEF,2026-09-22,NL5479347757,125644.0
OEEF,2026-09-22,NL0787902567,60672.0
OEEF,2026-09-22,NL4737878610,49498.0
OEEF,2026-09-22,NL4404510816,27169.0
OEEF,2026-09-22,IE8257095800,92030.0
OEEF,2026-09-23,GB0630101115,548539.0
OEEF,2026-09-23,GB1244338610,1664441.0
OEEF,2026-09-23,GB5763176813,498963.0
OEEF,2026-09-23,GB8282759830,369617.0
OEEF,2026-09-23,GB8078978300,328607.0
OEEF,2026-09-23,GB6922049515,237467.0
OEEF,2026-09-23,GB4272147544,256710.0
OEEF,2026-09-23,GB4883681873,62990.0
OEEF,2026-09-23,DE2058988387,181203.0
OEEF,2026-09-23,DE2188617561,123035.0
OEEF,2026-09-23,DE8240052946,33296.0
OEEF,2026-09-23,DE2296302361,15771.0
OEEF,2026-09-23,DE3565562488,19222.0
OEEF,2026-09-23,DE4219017920,93256.0
OEEF,2026-09-23,DE3263394742,48531.0
OEEF,2026-09-23,DE0240247409,678570.0
OEEF,2026-09-23,NL8794770442,49360.0
OEEF,2026-09-23,NL3561968038,204229.0
OEEF,2026-09-23,NL7847386088,43613.0
OEEF,2026-09-23,NL6941161118,55439.0
OEEF,2026-09-23,NL5479347757,125644.0
OEEF,2026-09-23,NL0787902567,60672.0
OEEF,2026-09-23,NL4737878610,49498.0
OEEF,2026-09-23,NL4404510816,27169.0
OEEF,2026-09-23,IE8257095800,92030.0
OEEF,2026-09-24,GB0630101115,548539.0
OEEF,2026-09-24,GB1244338610,1664441.0
OEEF,2026-09-24,GB5763176813,498963.0
OEEF,2026-09-24,GB8282759830,369617.0
OEEF,2026-09-24,GB8078978300,328607.0
OEEF,2026-09-24,GB6922049515,237467.0
OEEF,2026-09-24,GB4272147544,256710.0
OEEF,2026-09-24,GB4883681873,62990.0
OEEF,2026-09-24,DE2058988387,181203.0
OEEF,2026-09-24,DE2188617561,123035.0
OEEF,2026-09-24,DE8240052946,33296.0
OEEF,2026-09-24,DE2296302361,15771.0
OEEF,2026-09-24,DE3565562488,19222.0
OEEF,2026-09-24,DE4219017920,93256.0
OEEF,2026-09-24,DE3263394742,48531.0
OEEF,2026-09-24,DE0240247409,678570.0
OEEF,2026-09-24,NL8794770442,49360.0
OEEF,2026-09-24,NL3561968038,204229.0
OEEF,2026-09-24,NL7847386088,43613.0
OEEF,2026-09-24,NL6941161118,55439.0
OEEF,2026-09-24,NL5479347757,125644.0
OEEF,2026-09-24,NL0787902567,60672.0
OEEF,2026-09-24,NL4737878610,49498.0
OEEF,2026-09-24,NL4404510816,27169.0
OEEF,2026-09-24,IE8257095800,92030.0
OEEF,2026-09-25,GB0630101115,548539.0
OEEF,2026-09-25,GB1244338610,1664441.0
OEEF,2026-09-25,GB5763176813,498963.0
OEEF,2026-09-25,GB8282759830,369617.0
OEEF,2026-09-25,GB8078978300,328607.0
OEEF,2026-09-25,GB6922049515,237467.0
OEEF,2026-09-25,GB4272147544,256710.0
OEEF,2026-09-25,GB4883681873,62990.0
OEEF,2026-09-25,DE2058988387,181203.0
OEEF,2026-09-25,DE2188617561,123035.0
OEEF,2026-09-25,DE8240052946,33296.0
OEEF,2026-09-25,DE2296302361,15771.0
OEEF,2026-09-25,DE3565562488,19222.0
OEEF,2026-09-25,DE4219017920,93256.0
OEEF,2026-09-25,DE3263394742,48531.0
OEEF,2026-09-25,DE0240247409,678570.0
OEEF,2026-09-25,NL8794770442,49360.0
OEEF,2026-09-25,NL3561968038,204229.0
OEEF,2026-09-25,NL7847386088,43613.0
OEEF,2026-09-25,NL6941161118,55439.0
OEEF,2026-09-25,NL5479347757,125644.0
OEEF,2026-09-25,NL0787902567,60672.0
OEEF,2026-09-25,NL4737878610,49498.0
OEEF,2026-09-25,NL4404510816,27169.0
OEEF,2026-09-25,IE8257095800,92030.0
OEEF,2026-09-28,GB0630101115,548539.0
OEEF,2026-09-28,GB1244338610,1621937.0
OEEF,2026-09-28,GB5763176813,498963.0
OEEF,2026-09-28,GB8282759830,369617.0
OEEF,2026-09-28,GB8078978300,328607.0
OEEF,2026-09-28,GB6922049515,237467.0
OEEF,2026-09-28,GB4272147544,231232.0
OEEF,2026-09-28,GB4883681873,62990.0
OEEF,2026-09-28,DE2058988387,181203.0
OEEF,2026-09-28,DE2188617561,123035.0
OEEF,2026-09-28,DE8240052946,33296.0
OEEF,2026-09-28,DE2296302361,15771.0
OEEF,2026-09-28,DE3565562488,19222.0
OEEF,2026-09-28,DE4219017920,93256.0
OEEF,2026-09-28,DE3263394742,48531.0
OEEF,2026-09-28,DE0240247409,678570.0
OEEF,2026-09-28,NL8794770442,49360.0
OEEF,2026-09-28,NL3561968038,204229.0
OEEF,2026-09-28,NL7847386088,43613.0
OEEF,2026-09-28,NL6941161118,55760.0
OEEF,2026-09-28,NL5479347757,125644.0
OEEF,2026-09-28,NL0787902567,60672.0
OEEF,2026-09-28,NL4737878610,49498.0
OEEF,2026-09-28,NL4404510816,27169.0
OEEF,2026-09-28,IE8257095800,92030.0
OEEF,2026-09-29,GB0630101115,548539.0
OEEF,2026-09-29,GB1244338610,1621937.0
OEEF,2026-09-29,GB5763176813,498963.0
OEEF,2026-09-29,GB8282759830,369617.0
OEEF,2026-09-29,GB8078978300,328607.0
OEEF,2026-09-29,GB6922049515,237467.0
OEEF,2026-09-29,GB4272147544,231232.0
OEEF,2026-09-29,GB4883681873,62990.0
OEEF,2026-09-29,DE2058988387,181203.0
OEEF,2026-09-29,DE2188617561,123035.0
OEEF,2026-09-29,DE8240052946,33296.0
OEEF,2026-09-29,DE2296302361,15771.0
OEEF,2026-09-29,DE3565562488,19222.0
OEEF,2026-09-29,DE4219017920,93256.0
OEEF,2026-09-29,DE3263394742,48531.0
OEEF,2026-09-29,DE0240247409,678570.0
OEEF,2026-09-29,NL8794770442,49360.0
OEEF,2026-09-29,NL3561968038,204229.0
OEEF,2026-09-29,NL7847386088,43613.0
OEEF,2026-09-29,NL6941161118,55760.0
OEEF,2026-09-29,NL5479347757,125644.0
OEEF,2026-09-29,NL0787902567,60672.0
OEEF,2026-09-29,NL4737878610,49498.0
OEEF,2026-09-29,NL4404510816,27169.0
OEEF,2026-09-29,IE8257095800,92030.0
OEEF,2026-09-30,GB0630101115,548539.0
OEEF,2026-09-30,GB1244338610,1621937.0
OEEF,2026-09-30,GB5763176813,498963.0
OEEF,2026-09-30,GB8282759830,369617.0
OEEF,2026-09-30,GB8078978300,328607.0
OEEF,2026-09-30,GB6922049515,237467.0
OEEF,2026-09-30,GB4272147544,231232.0
OEEF,2026-09-30,GB4883681873,62990.0
OEEF,2026-09-30,DE2058988387,181203.0
OEEF,2026-09-30,DE2188617561,123035.0
OEEF,2026-09-30,DE8240052946,33296.0
OEEF,2026-09-30,DE2296302361,15771.0
OEEF,2026-09-30,DE3565562488,19222.0
OEEF,2026-09-30,DE4219017920,93256.0
OEEF,2026-09-30,DE3263394742,48531.0
OEEF,2026-09-30,DE0240247409,678570.0
OEEF,2026-09-30,NL8794770442,49360.0
OEEF,2026-09-30,NL3561968038,204229.0
OEEF,2026-09-30,NL7847386088,43613.0
OEEF,2026-09-30,NL6941161118,55760.0
OEEF,2026-09-30,NL5479347757,125644.0
OEEF,2026-09-30,NL0787902567,60672.0
OEEF,2026-09-30,NL4737878610,49498.0
OEEF,2026-09-30,NL4404510816,27169.0
OEEF,2026-09-30,IE8257095800,92030.0
